fruit,stem,image_source,mask_source,action,reason,note,source,confirmed_by,confirmed_at,session,split_group,has_instances,has_boxes,rule_pending,overlap_neighbors,instances_source,boxes_source,apple_check_verdict,verdict_source,peach_dup_candidate,mask_audit_reason
blueberry,Camera 1 Video (1)_1,reviewed_260917,reviewed_260917,keep,,,ai,,,Camera 1 Video (1),bs0001,1,1,,,detect_seed,lsh,,none,,
blueberry,Camera 1 Video (2)_1,reviewed_260917,reviewed_260917,keep,,,reviewed,,,Camera 1 Video (2),bs0161,1,1,,,detect_seed,lsh,,none,,
blueberry,Camera 1 Video (8)_1,reviewed_260917,reviewed_260917,keep,,,reviewed,,,Camera 1 Video (8),bs0267,1,1,,,detect_seed,lsh,,none,,
blueberry,Camera 1 Video (9)_1,reviewed_260917,reviewed_260917,keep,,,reviewed,,,Camera 1 Video (9),bs0316,1,1,,,detect_seed,lsh,,none,,
blueberry,Camera 1 Video (9)_61,reviewed_260917,reviewed_260917,keep,,,reviewed,,,Camera 1 Video (9),bs0317,1,1,,,detect_seed,lsh,,none,,
blueberry,Camera 1 Video (10)_61,reviewed_260917,reviewed_260917,keep,,,reviewed,,,Camera 1 Video (10),bs0002,1,1,,,detect_seed,lsh,,none,,bottom_5pct_ratio
blueberry,Camera 1 Video (14)_1,reviewed_260917,reviewed_260917,keep,,,reviewed,,,Camera 1 Video (14),bs0094,1,1,,,detect_seed,lsh,,none,,
blueberry,Camera 1 Video (25)_1,reviewed_260917,reviewed_260917,keep,,,reviewed,,,Camera 1 Video (25),bs0162,1,1,,,detect_seed,lsh,,none,,
blueberry,Camera 1 Video (29)_1,reviewed_260917,reviewed_260917,keep,,,reviewed,,,Camera 1 Video (29),bs0163,1,1,,,detect_seed,lsh,,none,,
blueberry,Camera 1 Video (37)_1,reviewed_260917,reviewed_260917,keep,,,reviewed,,,Camera 1 Video (37),b002,1,1,"같은 포기가 겹쳐 보이는 쌍(Camera 1 Video (37)_1 ↔ Camera 1 Video (37)_61) — «거의 같은 사진» 은 아님, 뺄지는 교수님 결정",Camera 1 Video (37)_61,detect_seed,lsh,,none,,
blueberry,Camera 1 Video (37)_61,reviewed_260917,reviewed_260917,keep,,,reviewed,,,Camera 1 Video (37),b002,1,1,"같은 포기가 겹쳐 보이는 쌍(Camera 1 Video (37)_1 ↔ Camera 1 Video (37)_61) — «거의 같은 사진» 은 아님, 뺄지는 교수님 결정",Camera 1 Video (37)_1,detect_seed,lsh,,none,,
blueberry,Camera 1 Video (39)_61,reviewed_260917,reviewed_260917,keep,,,reviewed,,,Camera 1 Video (39),bs0164,1,1,,,detect_seed,lsh,,none,,
blueberry,Camera 1 Video (44)_1,reviewed_260917,reviewed_260917,keep,,,reviewed,,,Camera 1 Video (44),bs0165,1,1,,,detect_seed,lsh,,none,,
blueberry,Camera 1 Video (45)_1,reviewed_260917,reviewed_260917,keep,,,reviewed,,,Camera 1 Video (45),bs0166,1,1,,,detect_seed,lsh,,none,,
blueberry,Camera 1 Video (48)_1,reviewed_260917,reviewed_260917,keep,,,reviewed,,,Camera 1 Video (48),bs0167,1,1,,,detect_seed,lsh,,none,,
blueberry,Camera 1 Video (48)_61,reviewed_260917,reviewed_260917,keep,,,reviewed,,,Camera 1 Video (48),bs0168,1,1,,,detect_seed,lsh,,none,,
blueberry,Camera 1 Video (49)_1,reviewed_260917,reviewed_260917,keep,,,reviewed,,,Camera 1 Video (49),bs0169,1,1,,,detect_seed,lsh,,none,,
blueberry,Camera 1 Video (49)_61,reviewed_260917,reviewed_260917,keep,,,reviewed,,,Camera 1 Video (49),bs0172,1,1,,,detect_seed,lsh,,none,,
blueberry,Camera 1 Video (49)_121,reviewed_260917,reviewed_260917,keep,,,reviewed,,,Camera 1 Video (49),bs0170,1,1,,,detect_seed,lsh,,none,,
blueberry,Camera 1 Video (49)_361,reviewed_260917,reviewed_260917,keep,,,reviewed,,,Camera 1 Video (49),bs0171,1,1,,,detect_seed,lsh,,none,,
blueberry,Camera 1 Video (53)_1,reviewed_260917,reviewed_260917,keep,,,reviewed,,,Camera 1 Video (53),b003,1,1,[duplicate_unclear] Camera 1 Video (53)_61 와 같은 구역인지 불확실 (ORB 겹침 0.8116),Camera 1 Video (53)_61,detect_seed,lsh,,none,,
blueberry,Camera 1 Video (53)_61,reviewed_260917,reviewed_260917,keep,,,reviewed,,,Camera 1 Video (53),b003,1,1,,Camera 1 Video (53)_1,detect_seed,lsh,,none,,
blueberry,Camera 1 Video (53)_121,reviewed_260917,reviewed_260917,keep,,,reviewed,,,Camera 1 Video (53),bs0173,1,1,,,detect_seed,lsh,,none,,
blueberry,Camera 1 Video (53)_241,reviewed_260917,reviewed_260917,keep,,,reviewed,,,Camera 1 Video (53),bs0174,1,1,,,detect_seed,lsh,,none,,
blueberry,Camera 1 Video (53)_301,reviewed_260917,reviewed_260917,keep,,,reviewed,,,Camera 1 Video (53),bs0175,1,1,,,detect_seed,lsh,,none,,
blueberry,Camera 1 Video (53)_361,reviewed_260917,reviewed_260917,keep,,,reviewed,,,Camera 1 Video (53),bs0176,1,1,,,detect_seed,lsh,,none,,
blueberry,Camera 1 Video (53)_421,reviewed_260917,reviewed_260917,keep,,,reviewed,,,Camera 1 Video (53),bs0177,1,1,,,detect_seed,lsh,,none,,
blueberry,Camera 1 Video (53)_481,reviewed_260917,reviewed_260917,keep,,,reviewed,,,Camera 1 Video (53),bs0178,1,1,,,detect_seed,lsh,,none,,
blueberry,Camera 1 Video (53)_541,reviewed_260917,reviewed_260917,keep,,,reviewed,,,Camera 1 Video (53),bs0179,1,1,,,detect_seed,lsh,,none,,
blueberry,Camera 1 Video (53)_601,reviewed_260917,reviewed_260917,keep,,,reviewed,,,Camera 1 Video (53),bs0180,1,1,,,detect_seed,lsh,,none,,
blueberry,Camera 1 Video (53)_721,reviewed_260917,reviewed_260917,keep,,,reviewed,,,Camera 1 Video (53),bs0181,1,1,,,detect_seed,lsh,,none,,
blueberry,Camera 1 Video (53)_781,reviewed_260917,reviewed_260917,keep,,,reviewed,,,Camera 1 Video (53),bs0182,1,1,,,detect_seed,lsh,,none,,
blueberry,Camera 1 Video (53)_841,reviewed_260917,reviewed_260917,keep,,,reviewed,,,Camera 1 Video (53),bs0183,1,1,,,detect_seed,lsh,,none,,
blueberry,Camera 1 Video (53)_901,reviewed_260917,reviewed_260917,keep,,,reviewed,,,Camera 1 Video (53),bs0184,1,1,,,detect_seed,lsh,,none,,
blueberry,Camera 1 Video (55)_61,reviewed_260917,reviewed_260917,keep,,,reviewed,,,Camera 1 Video (55),bs0185,1,1,,,detect_seed,lsh,,none,,
blueberry,Camera 1 Video (56)_1,reviewed_260917,reviewed_260917,keep,,,reviewed,,,Camera 1 Video (56),bs0186,1,1,,,detect_seed,lsh,,none,,
blueberry,Camera 1 Video (56)_181,reviewed_260917,reviewed_260917,keep,,,reviewed,,,Camera 1 Video (56),b004,1,1,,Camera 1 Video (56)_241,detect_seed,lsh,,none,,
blueberry,Camera 1 Video (56)_241,reviewed_260917,reviewed_260917,keep,,,reviewed,,,Camera 1 Video (56),b004,1,1,,Camera 1 Video (56)_181,detect_seed,lsh,,none,,
blueberry,Camera 1 Video (56)_301,reviewed_260917,reviewed_260917,keep,,,reviewed,,,Camera 1 Video (56),bs0187,1,1,,,detect_seed,lsh,,none,,
blueberry,Camera 1 Video (56)_421,reviewed_260917,reviewed_260917,keep,,,reviewed,,,Camera 1 Video (56),bs0188,1,1,,,detect_seed,lsh,,none,,
blueberry,Camera 1 Video (56)_481,reviewed_260917,reviewed_260917,keep,,,reviewed,,,Camera 1 Video (56),bs0189,1,1,,,detect_seed,lsh,,none,,
blueberry,Camera 1 Video (58)_1,reviewed_260917,reviewed_260917,keep,,,reviewed,,,Camera 1 Video (58),bs0190,1,1,,,detect_seed,lsh,,none,,
blueberry,Camera 1 Video (58)_61,reviewed_260917,reviewed_260917,keep,,,reviewed,,,Camera 1 Video (58),bs0195,1,1,,,detect_seed,lsh,,none,,
blueberry,Camera 1 Video (58)_121,reviewed_260917,reviewed_260917,keep,,,reviewed,,,Camera 1 Video (58),bs0191,1,1,,,detect_seed,lsh,,none,,
blueberry,Camera 1 Video (58)_181,reviewed_260917,reviewed_260917,keep,,,reviewed,,,Camera 1 Video (58),bs0192,1,1,,,detect_seed,lsh,,none,,
blueberry,Camera 1 Video (58)_241,reviewed_260917,reviewed_260917,keep,,,reviewed,,,Camera 1 Video (58),bs0193,1,1,,,detect_seed,lsh,,none,,
blueberry,Camera 1 Video (58)_301,reviewed_260917,reviewed_260917,keep,,,reviewed,,,Camera 1 Video (58),bs0194,1,1,,,detect_seed,lsh,,none,,
blueberry,Camera 1 Video (59)_1,reviewed_260917,reviewed_260917,keep,,,reviewed,,,Camera 1 Video (59),bs0196,1,1,,,detect_seed,lsh,,none,,
blueberry,Camera 1 Video (59)_301,reviewed_260917,reviewed_260917,keep,,,reviewed,,,Camera 1 Video (59),bs0197,1,1,,,detect_seed,lsh,,none,,
blueberry,Camera 1 Video (60)_1,reviewed_260917,reviewed_260917,keep,,,reviewed,,,Camera 1 Video (60),bs0198,1,1,,,detect_seed,lsh,,none,,
blueberry,Camera 1 Video (60)_61,reviewed_260917,reviewed_260917,keep,,,reviewed,,,Camera 1 Video (60),bs0200,1,1,,,detect_seed,lsh,,none,,
blueberry,Camera 1 Video (60)_241,reviewed_260917,reviewed_260917,keep,,,reviewed,,,Camera 1 Video (60),bs0199,1,1,,,detect_seed,lsh,,none,,
blueberry,Camera 1 Video (61)_61,reviewed_260917,reviewed_260917,keep,,,reviewed,,,Camera 1 Video (61),bs0201,1,1,,,detect_seed,lsh,,none,,
blueberry,Camera 1 Video (62)_1,reviewed_260917,reviewed_260917,keep,,,reviewed,,,Camera 1 Video (62),bs0202,1,1,,,detect_seed,lsh,,none,,
blueberry,Camera 1 Video (62)_61,reviewed_260917,reviewed_260917,keep,,,reviewed,,,Camera 1 Video (62),bs0208,1,1,,,detect_seed,lsh,,none,,
blueberry,Camera 1 Video (62)_121,reviewed_260917,reviewed_260917,keep,,,reviewed,,,Camera 1 Video (62),bs0203,1,1,,,detect_seed,lsh,,none,,
blueberry,Camera 1 Video (62)_181,reviewed_260917,reviewed_260917,keep,,,reviewed,,,Camera 1 Video (62),bs0204,1,1,,,detect_seed,lsh,,none,,
blueberry,Camera 1 Video (62)_241,reviewed_260917,reviewed_260917,keep,,,reviewed,,,Camera 1 Video (62),bs0205,1,1,,,detect_seed,lsh,,none,,
blueberry,Camera 1 Video (62)_301,reviewed_260917,reviewed_260917,keep,,,reviewed,,,Camera 1 Video (62),bs0206,1,1,,,detect_seed,lsh,,none,,
blueberry,Camera 1 Video (62)_361,reviewed_260917,reviewed_260917,keep,,,reviewed,,,Camera 1 Video (62),bs0207,1,1,,,detect_seed,lsh,,none,,bottom_5pct_ratio
blueberry,Camera 1 Video (63)_1,reviewed_260917,reviewed_260917,keep,,,reviewed,,,Camera 1 Video (63),bs0209,1,1,[마른 꽃부리 후보 — 열매에 포함할지 규칙 미정],,detect_seed,lsh,,none,,
blueberry,Camera 1 Video (63)_61,reviewed_260917,reviewed_260917,keep,,,reviewed,,,Camera 1 Video (63),bs0212,1,1,,,detect_seed,lsh,,none,,
blueberry,Camera 1 Video (63)_121,reviewed_260917,reviewed_260917,keep,,,reviewed,,,Camera 1 Video (63),bs0210,1,1,,,detect_seed,lsh,,none,,
blueberry,Camera 1 Video (63)_181,reviewed_260917,reviewed_260917,keep,,,reviewed,,,Camera 1 Video (63),bs0211,1,1,[마른 꽃부리 후보 — 열매에 포함할지 규칙 미정],,detect_seed,lsh,,none,,
blueberry,Camera 1 Video (64)_1,reviewed_260917,reviewed_260917,keep,,,reviewed,,,Camera 1 Video (64),bs0213,1,1,,,detect_seed,lsh,,none,,
blueberry,Camera 1 Video (64)_61,reviewed_260917,reviewed_260917,keep,,,reviewed,,,Camera 1 Video (64),bs0214,1,1,,,detect_seed,lsh,,none,,
blueberry,Camera 1 Video (66)_1,reviewed_260917,reviewed_260917,keep,,,reviewed,,,Camera 1 Video (66),bs0215,1,1,,,detect_seed,lsh,,none,,
blueberry,Camera 1 Video (66)_61,reviewed_260917,reviewed_260917,keep,,,reviewed,,,Camera 1 Video (66),bs0216,1,1,,,detect_seed,lsh,,none,,
blueberry,Camera 1 Video (67)_61,reviewed_260917,reviewed_260917,keep,,,reviewed,,,Camera 1 Video (67),bs0218,1,1,,,detect_seed,lsh,,none,,
blueberry,Camera 1 Video (67)_121,reviewed_260917,reviewed_260917,keep,,,reviewed,,,Camera 1 Video (67),bs0217,1,1,,,detect_seed,lsh,,none,,
blueberry,Camera 1 Video (68)_1,reviewed_260917,reviewed_260917,keep,,,reviewed,,,Camera 1 Video (68),bs0219,1,1,"[candidate_unclear] 누락 후보 #182 bbox 98,896,170,964 — 초점 밖/작아서 판단 불가 [마른 꽃부리 후보 — 열매에 포함할지 규칙 미정]",,detect_seed,lsh,,none,,
blueberry,Camera 1 Video (68)_61,reviewed_260917,reviewed_260917,keep,,,reviewed,,,Camera 1 Video (68),bs0228,1,1,,,detect_seed,lsh,,none,,
blueberry,Camera 1 Video (68)_121,reviewed_260917,reviewed_260917,keep,,,reviewed,,,Camera 1 Video (68),bs0220,1,1,,,detect_seed,lsh,,none,,
blueberry,Camera 1 Video (68)_181,reviewed_260917,reviewed_260917,keep,,,reviewed,,,Camera 1 Video (68),bs0221,1,1,,,detect_seed,lsh,,none,,
blueberry,Camera 1 Video (68)_241,reviewed_260917,reviewed_260917,keep,,,reviewed,,,Camera 1 Video (68),bs0222,1,1,,,detect_seed,lsh,,none,,
blueberry,Camera 1 Video (68)_301,reviewed_260917,reviewed_260917,keep,,,reviewed,,,Camera 1 Video (68),bs0223,1,1,,,detect_seed,lsh,,none,,
blueberry,Camera 1 Video (68)_361,reviewed_260917,reviewed_260917,keep,,,reviewed,,,Camera 1 Video (68),bs0224,1,1,,,detect_seed,lsh,,none,,
blueberry,Camera 1 Video (68)_481,reviewed_260917,reviewed_260917,keep,,,reviewed,,,Camera 1 Video (68),bs0225,1,1,,,detect_seed,lsh,,none,,
blueberry,Camera 1 Video (68)_541,reviewed_260917,reviewed_260917,keep,,,reviewed,,,Camera 1 Video (68),bs0226,1,1,,,detect_seed,lsh,,none,,
blueberry,Camera 1 Video (68)_601,reviewed_260917,reviewed_260917,keep,,,reviewed,,,Camera 1 Video (68),bs0227,1,1,,,detect_seed,lsh,,none,,
blueberry,Camera 1 Video (68)_661,reviewed_260917,reviewed_260917,keep,,,reviewed,,,Camera 1 Video (68),bs0229,1,1,,,detect_seed,lsh,,none,,
blueberry,Camera 1 Video (69)_1,reviewed_260917,reviewed_260917,keep,,,reviewed,,,Camera 1 Video (69),bs0230,1,1,,,detect_seed,lsh,,none,,
blueberry,Camera 1 Video (69)_61,reviewed_260917,reviewed_260917,keep,,,reviewed,,,Camera 1 Video (69),bs0232,1,1,,,detect_seed,lsh,,none,,
blueberry,Camera 1 Video (69)_121,reviewed_260917,reviewed_260917,keep,,,reviewed,,,Camera 1 Video (69),bs0231,1,1,,,detect_seed,lsh,,none,,
blueberry,Camera 1 Video (70)_1,reviewed_260917,reviewed_260917,keep,,,reviewed,,,Camera 1 Video (70),bs0233,1,1,,,detect_seed,lsh,,none,,
blueberry,Camera 1 Video (70)_61,reviewed_260917,reviewed_260917,keep,,,reviewed,,,Camera 1 Video (70),bs0234,1,1,,,detect_seed,lsh,,none,,
blueberry,Camera 1 Video (71)_1,reviewed_260917,reviewed_260917,keep,,,reviewed,,,Camera 1 Video (71),bs0235,1,1,,,detect_seed,lsh,,none,,bottom_5pct_ratio
blueberry,Camera 1 Video (71)_61,reviewed_260917,reviewed_260917,keep,,,reviewed,,,Camera 1 Video (71),bs0236,1,1,[마른 꽃부리 후보 — 열매에 포함할지 규칙 미정],,detect_seed,lsh,,none,,
blueberry,Camera 1 Video (72)_1,reviewed_260917,reviewed_260917,keep,,,reviewed,,,Camera 1 Video (72),bs0237,1,1,,,detect_seed,lsh,,none,,
blueberry,Camera 1 Video (72)_61,reviewed_260917,reviewed_260917,keep,,,reviewed,,,Camera 1 Video (72),bs0241,1,1,,,detect_seed,lsh,,none,,
blueberry,Camera 1 Video (72)_121,reviewed_260917,reviewed_260917,keep,,,reviewed,,,Camera 1 Video (72),bs0238,1,1,,,detect_seed,lsh,,none,,bottom_5pct_ratio
blueberry,Camera 1 Video (72)_181,reviewed_260917,reviewed_260917,keep,,,reviewed,,,Camera 1 Video (72),bs0239,1,1,,,detect_seed,lsh,,none,,
blueberry,Camera 1 Video (72)_241,reviewed_260917,reviewed_260917,keep,,,reviewed,,,Camera 1 Video (72),bs0240,1,1,,,detect_seed,lsh,,none,,bottom_5pct_ratio
blueberry,Camera 1 Video (73)_1,reviewed_260917,reviewed_260917,keep,,,reviewed,,,Camera 1 Video (73),bs0242,1,1,,,detect_seed,lsh,,none,,
blueberry,Camera 1 Video (73)_61,reviewed_260917,reviewed_260917,keep,,,reviewed,,,Camera 1 Video (73),bs0243,1,1,,,detect_seed,lsh,,none,,bottom_5pct_ratio
blueberry,Camera 1 Video (74)_1,reviewed_260917,reviewed_260917,keep,,,reviewed,,,Camera 1 Video (74),bs0244,1,1,,,detect_seed,lsh,,none,,
blueberry,Camera 1 Video (74)_61,reviewed_260917,reviewed_260917,keep,,,reviewed,,,Camera 1 Video (74),bs0248,1,1,,,detect_seed,lsh,,none,,
blueberry,Camera 1 Video (74)_121,reviewed_260917,reviewed_260917,keep,,,reviewed,,,Camera 1 Video (74),bs0245,1,1,,,detect_seed,lsh,,none,,
blueberry,Camera 1 Video (74)_181,reviewed_260917,reviewed_260917,keep,,,reviewed,,,Camera 1 Video (74),bs0246,1,1,,,detect_seed,lsh,,none,,
blueberry,Camera 1 Video (74)_241,reviewed_260917,reviewed_260917,keep,,,reviewed,,,Camera 1 Video (74),bs0247,1,1,"[rule_undecided] 흰 꽃을 AI 는 열매로 봄, GT 는 아님",,detect_seed,lsh,,none,,bottom_5pct_ratio
blueberry,Camera 1 Video (75)_1,reviewed_260917,reviewed_260917,keep,,,reviewed,,,Camera 1 Video (75),bs0249,1,1,,,detect_seed,lsh,,none,,
blueberry,Camera 1 Video (76)_1,reviewed_260917,reviewed_260917,keep,,,reviewed,,,Camera 1 Video (76),bs0250,1,1,,,detect_seed,lsh,,none,,
blueberry,Camera 1 Video (76)_61,reviewed_260917,reviewed_260917,keep,,,reviewed,,,Camera 1 Video (76),bs0260,1,1,,,detect_seed,lsh,,none,,
blueberry,Camera 1 Video (76)_121,reviewed_260917,reviewed_260917,keep,,,reviewed,,,Camera 1 Video (76),bs0251,1,1,,,detect_seed,lsh,,none,,
blueberry,Camera 1 Video (76)_181,reviewed_260917,reviewed_260917,keep,,,reviewed,,,Camera 1 Video (76),bs0252,1,1,,,detect_seed,lsh,,none,,
blueberry,Camera 1 Video (76)_241,reviewed_260917,reviewed_260917,keep,,,reviewed,,,Camera 1 Video (76),bs0253,1,1,,,detect_seed,lsh,,none,,
blueberry,Camera 1 Video (76)_301,reviewed_260917,reviewed_260917,keep,,,reviewed,,,Camera 1 Video (76),bs0254,1,1,,,detect_seed,lsh,,none,,
blueberry,Camera 1 Video (76)_361,reviewed_260917,reviewed_260917,keep,,,reviewed,,,Camera 1 Video (76),bs0255,1,1,,,detect_seed,lsh,,none,,
blueberry,Camera 1 Video (76)_421,reviewed_260917,reviewed_260917,keep,,,reviewed,,,Camera 1 Video (76),bs0256,1,1,,,detect_seed,lsh,,none,,
blueberry,Camera 1 Video (76)_481,reviewed_260917,reviewed_260917,keep,,,reviewed,,,Camera 1 Video (76),bs0257,1,1,,,detect_seed,lsh,,none,,
blueberry,Camera 1 Video (76)_541,reviewed_260917,reviewed_260917,keep,,,reviewed,,,Camera 1 Video (76),bs0258,1,1,,,detect_seed,lsh,,none,,
blueberry,Camera 1 Video (76)_601,reviewed_260917,reviewed_260917,keep,,,reviewed,,,Camera 1 Video (76),bs0259,1,1,,,detect_seed,lsh,,none,,
blueberry,Camera 1 Video (76)_661,reviewed_260917,reviewed_260917,keep,,,reviewed,,,Camera 1 Video (76),bs0261,1,1,,,detect_seed,lsh,,none,,
blueberry,Camera 1 Video (77)_1,reviewed_260917,reviewed_260917,keep,,,reviewed,,,Camera 1 Video (77),bs0262,1,1,,,detect_seed,lsh,,none,,
blueberry,Camera 1 Video (77)_61,reviewed_260917,reviewed_260917,keep,,,reviewed,,,Camera 1 Video (77),bs0263,1,1,,,detect_seed,lsh,,none,,bottom_5pct_ratio
blueberry,Camera 1 Video (78)_1,reviewed_260917,reviewed_260917,keep,,,reviewed,,,Camera 1 Video (78),bs0264,1,1,[마른 꽃부리 후보 — 열매에 포함할지 규칙 미정],,detect_seed,lsh,,none,,
blueberry,Camera 1 Video (78)_61,reviewed_260917,reviewed_260917,keep,,,reviewed,,,Camera 1 Video (78),bs0265,1,1,,,detect_seed,lsh,,none,,
blueberry,Camera 1 Video (79)_1,reviewed_260917,reviewed_260917,keep,,,reviewed,,,Camera 1 Video (79),bs0266,1,1,[rule_undecided] 아래쪽 시든·병든 열매를 칠할지,,detect_seed,lsh,,none,,bottom_5pct_ratio
blueberry,Camera 1 Video (80)_1,reviewed_260917,reviewed_260917,keep,,,reviewed,,,Camera 1 Video (80),bs0268,1,1,,,detect_seed,lsh,,none,,
blueberry,Camera 1 Video (81)_1,reviewed_260917,reviewed_260917,keep,,,reviewed,,,Camera 1 Video (81),bs0269,1,1,,,detect_seed,lsh,,none,,
blueberry,Camera 1 Video (81)_61,reviewed_260917,reviewed_260917,keep,,,reviewed,,,Camera 1 Video (81),bs0279,1,1,,,detect_seed,lsh,,none,,
blueberry,Camera 1 Video (81)_121,reviewed_260917,reviewed_260917,keep,,,reviewed,,,Camera 1 Video (81),bs0270,1,1,,,detect_seed,lsh,,none,,
blueberry,Camera 1 Video (81)_181,reviewed_260917,reviewed_260917,keep,,,reviewed,,,Camera 1 Video (81),bs0271,1,1,,,detect_seed,lsh,,none,,
blueberry,Camera 1 Video (81)_241,reviewed_260917,reviewed_260917,keep,,,reviewed,,,Camera 1 Video (81),bs0272,1,1,,,detect_seed,lsh,,none,,
blueberry,Camera 1 Video (81)_301,reviewed_260917,reviewed_260917,keep,,,reviewed,,,Camera 1 Video (81),bs0273,1,1,,,detect_seed,lsh,,none,,
blueberry,Camera 1 Video (81)_361,reviewed_260917,reviewed_260917,keep,,,reviewed,,,Camera 1 Video (81),bs0274,1,1,,,detect_seed,lsh,,none,,bottom_5pct_ratio
blueberry,Camera 1 Video (81)_421,reviewed_260917,reviewed_260917,keep,,,reviewed,,,Camera 1 Video (81),bs0275,1,1,,,detect_seed,lsh,,none,,bottom_5pct_ratio
blueberry,Camera 1 Video (81)_481,reviewed_260917,reviewed_260917,keep,,,reviewed,,,Camera 1 Video (81),bs0276,1,1,,,detect_seed,lsh,,none,,
blueberry,Camera 1 Video (81)_541,reviewed_260917,reviewed_260917,keep,,,reviewed,,,Camera 1 Video (81),bs0277,1,1,,,detect_seed,lsh,,none,,
blueberry,Camera 1 Video (81)_601,reviewed_260917,reviewed_260917,keep,,,reviewed,,,Camera 1 Video (81),bs0278,1,1,,,detect_seed,lsh,,none,,
blueberry,Camera 1 Video (82)_1,reviewed_260917,reviewed_260917,keep,,,reviewed,,,Camera 1 Video (82),bs0280,1,1,,,detect_seed,lsh,,none,,
blueberry,Camera 1 Video (83)_1,reviewed_260917,reviewed_260917,keep,,,reviewed,,,Camera 1 Video (83),bs0281,1,1,,,detect_seed,lsh,,none,,
blueberry,Camera 1 Video (83)_61,reviewed_260917,reviewed_260917,keep,,,reviewed,,,Camera 1 Video (83),bs0291,1,1,,,detect_seed,lsh,,none,,
blueberry,Camera 1 Video (83)_121,reviewed_260917,reviewed_260917,keep,,,reviewed,,,Camera 1 Video (83),bs0282,1,1,,,detect_seed,lsh,,none,,
blueberry,Camera 1 Video (83)_181,reviewed_260917,reviewed_260917,keep,,,reviewed,,,Camera 1 Video (83),bs0283,1,1,,,detect_seed,lsh,,none,,
blueberry,Camera 1 Video (83)_241,reviewed_260917,reviewed_260917,keep,,,reviewed,,,Camera 1 Video (83),bs0284,1,1,,,detect_seed,lsh,,none,,
blueberry,Camera 1 Video (83)_301,reviewed_260917,reviewed_260917,keep,,,reviewed,,,Camera 1 Video (83),bs0285,1,1,,,detect_seed,lsh,,none,,
blueberry,Camera 1 Video (83)_361,reviewed_260917,reviewed_260917,keep,,,reviewed,,,Camera 1 Video (83),bs0286,1,1,,,detect_seed,lsh,,none,,
blueberry,Camera 1 Video (83)_421,reviewed_260917,reviewed_260917,keep,,,reviewed,,,Camera 1 Video (83),bs0287,1,1,,,detect_seed,lsh,,none,,
blueberry,Camera 1 Video (83)_481,reviewed_260917,reviewed_260917,keep,,,reviewed,,,Camera 1 Video (83),bs0288,1,1,,,detect_seed,lsh,,none,,
blueberry,Camera 1 Video (83)_541,reviewed_260917,reviewed_260917,keep,,,reviewed,,,Camera 1 Video (83),bs0289,1,1,,,detect_seed,lsh,,none,,bottom_5pct_ratio
blueberry,Camera 1 Video (83)_601,reviewed_260917,reviewed_260917,keep,,,reviewed,,,Camera 1 Video (83),bs0290,1,1,,,detect_seed,lsh,,none,,
blueberry,Camera 1 Video (84)_1,reviewed_260917,reviewed_260917,keep,,,reviewed,,,Camera 1 Video (84),bs0292,1,1,,,detect_seed,lsh,,none,,
blueberry,Camera 1 Video (84)_61,reviewed_260917,reviewed_260917,keep,,,reviewed,,,Camera 1 Video (84),bs0294,1,1,,,detect_seed,lsh,,none,,
blueberry,Camera 1 Video (84)_121,reviewed_260917,reviewed_260917,keep,,,reviewed,,,Camera 1 Video (84),bs0293,1,1,,,detect_seed,lsh,,none,,
blueberry,Camera 1 Video (85)_1,reviewed_260917,reviewed_260917,keep,,,reviewed,,,Camera 1 Video (85),bs0295,1,1,,,detect_seed,lsh,,none,,bottom_5pct_ratio
blueberry,Camera 1 Video (85)_61,reviewed_260917,reviewed_260917,keep,,,reviewed,,,Camera 1 Video (85),bs0297,1,1,,,detect_seed,lsh,,none,,
blueberry,Camera 1 Video (85)_121,reviewed_260917,reviewed_260917,keep,,,reviewed,,,Camera 1 Video (85),bs0296,1,1,,,detect_seed,lsh,,none,,bottom_5pct_ratio
blueberry,Camera 1 Video (86)_1,reviewed_260917,reviewed_260917,keep,,,reviewed,,,Camera 1 Video (86),bs0298,1,1,,,detect_seed,lsh,,none,,
blueberry,Camera 1 Video (87)_1,reviewed_260917,reviewed_260917,keep,,,reviewed,,,Camera 1 Video (87),bs0299,1,1,,,detect_seed,lsh,,none,,bottom_5pct_ratio
blueberry,Camera 1 Video (87)_61,reviewed_260917,reviewed_260917,keep,,,reviewed,,,Camera 1 Video (87),bs0300,1,1,,,detect_seed,lsh,,none,,
blueberry,Camera 1 Video (88)_1,reviewed_260917,reviewed_260917,keep,,,reviewed,,,Camera 1 Video (88),bs0301,1,1,,,detect_seed,lsh,,none,,
blueberry,Camera 1 Video (88)_61,reviewed_260917,reviewed_260917,keep,,,reviewed,,,Camera 1 Video (88),bs0302,1,1,[마른 꽃부리 후보 — 열매에 포함할지 규칙 미정],,detect_seed,lsh,,none,,
blueberry,Camera 1 Video (89)_1,reviewed_260917,reviewed_260917,keep,,,reviewed,,,Camera 1 Video (89),bs0303,1,1,,,detect_seed,lsh,,none,,
blueberry,Camera 1 Video (89)_61,reviewed_260917,reviewed_260917,keep,,,reviewed,,,Camera 1 Video (89),bs0313,1,1,,,detect_seed,lsh,,none,,
blueberry,Camera 1 Video (89)_121,reviewed_260917,reviewed_260917,keep,,,reviewed,,,Camera 1 Video (89),bs0304,1,1,,,detect_seed,lsh,,none,,
blueberry,Camera 1 Video (89)_181,reviewed_260917,reviewed_260917,keep,,,reviewed,,,Camera 1 Video (89),bs0305,1,1,,,detect_seed,lsh,,none,,
blueberry,Camera 1 Video (89)_241,reviewed_260917,reviewed_260917,keep,,,reviewed,,,Camera 1 Video (89),bs0306,1,1,,,detect_seed,lsh,,none,,
blueberry,Camera 1 Video (89)_301,reviewed_260917,reviewed_260917,keep,,,reviewed,,,Camera 1 Video (89),bs0307,1,1,,,detect_seed,lsh,,none,,
blueberry,Camera 1 Video (89)_361,reviewed_260917,reviewed_260917,keep,,,reviewed,,,Camera 1 Video (89),bs0308,1,1,,,detect_seed,lsh,,none,,
blueberry,Camera 1 Video (89)_421,reviewed_260917,reviewed_260917,keep,,,reviewed,,,Camera 1 Video (89),bs0309,1,1,,,detect_seed,lsh,,none,,
blueberry,Camera 1 Video (89)_481,reviewed_260917,reviewed_260917,keep,,,reviewed,,,Camera 1 Video (89),bs0310,1,1,,,detect_seed,lsh,,none,,
blueberry,Camera 1 Video (89)_541,reviewed_260917,reviewed_260917,keep,,,reviewed,,,Camera 1 Video (89),bs0311,1,1,,,detect_seed,lsh,,none,,
blueberry,Camera 1 Video (89)_601,reviewed_260917,reviewed_260917,keep,,,reviewed,,,Camera 1 Video (89),bs0312,1,1,,,detect_seed,lsh,,none,,
blueberry,Camera 1 Video (89)_661,reviewed_260917,reviewed_260917,keep,,,reviewed,,,Camera 1 Video (89),bs0314,1,1,,,detect_seed,lsh,,none,,bottom_5pct_ratio
blueberry,Camera 1 Video (89)_721,reviewed_260917,reviewed_260917,keep,,,reviewed,,,Camera 1 Video (89),bs0315,1,1,,,detect_seed,lsh,,none,,
blueberry,Camera 1 Video (90)_1,reviewed_260917,reviewed_260917,keep,,,reviewed,,,Camera 1 Video (90),bs0318,1,1,,,detect_seed,lsh,,none,,
blueberry,Camera 1 Video (90)_61,reviewed_260917,reviewed_260917,keep,,,reviewed,,,Camera 1 Video (90),bs0322,1,1,,,detect_seed,lsh,,none,,
blueberry,Camera 1 Video (90)_121,reviewed_260917,reviewed_260917,keep,,,reviewed,,,Camera 1 Video (90),bs0319,1,1,,,detect_seed,lsh,,none,,
blueberry,Camera 1 Video (90)_181,reviewed_260917,reviewed_260917,keep,,,reviewed,,,Camera 1 Video (90),bs0320,1,1,,,detect_seed,lsh,,none,,bottom_5pct_ratio
blueberry,Camera 1 Video (90)_241,reviewed_260917,reviewed_260917,keep,,,reviewed,,,Camera 1 Video (90),bs0321,1,1,,,detect_seed,lsh,,none,,
blueberry,Camera 1 Video (91)_1,reviewed_260917,reviewed_260917,keep,,,reviewed,,,Camera 1 Video (91),bs0323,1,1,,,detect_seed,lsh,,none,,
blueberry,Camera 1 Video (91)_61,reviewed_260917,reviewed_260917,keep,,,reviewed,,,Camera 1 Video (91),bs0325,1,1,,,detect_seed,lsh,,none,,
blueberry,Camera 1 Video (91)_121,reviewed_260917,reviewed_260917,keep,,,reviewed,,,Camera 1 Video (91),bs0324,1,1,,,detect_seed,lsh,,none,,
blueberry,Camera 1 Video (93)_1,reviewed_260917,reviewed_260917,keep,,,reviewed,,,Camera 1 Video (93),bs0326,1,1,,,detect_seed,lsh,,none,,
blueberry,Camera 1 Video (94)_1,reviewed_260917,reviewed_260917,keep,,,reviewed,,,Camera 1 Video (94),bs0327,1,1,,,detect_seed,lsh,,none,,
blueberry,Camera 1 Video (94)_61,reviewed_260917,reviewed_260917,keep,,,reviewed,,,Camera 1 Video (94),bs0330,1,1,,,detect_seed,lsh,,none,,
blueberry,Camera 1 Video (94)_121,reviewed_260917,reviewed_260917,keep,,,reviewed,,,Camera 1 Video (94),bs0328,1,1,,,detect_seed,lsh,,none,,
blueberry,Camera 1 Video (94)_181,reviewed_260917,reviewed_260917,keep,,,reviewed,,,Camera 1 Video (94),bs0329,1,1,,,detect_seed,lsh,,none,,
blueberry,Camera 1 Video (95)_1,reviewed_260917,reviewed_260917,keep,,,reviewed,,,Camera 1 Video (95),bs0331,1,1,,,detect_seed,lsh,,none,,
blueberry,Camera 1 Video (96)_1,reviewed_260917,reviewed_260917,keep,,,reviewed,,,Camera 1 Video (96),bs0332,1,1,,,detect_seed,lsh,,none,,
blueberry,Camera 1 Video (96)_61,reviewed_260917,reviewed_260917,keep,,,reviewed,,,Camera 1 Video (96),bs0342,1,1,,,detect_seed,lsh,,none,,
blueberry,Camera 1 Video (96)_121,reviewed_260917,reviewed_260917,keep,,,reviewed,,,Camera 1 Video (96),bs0333,1,1,"[candidate_unclear] 누락 후보 #181 bbox 0,193,51,275 — 초점 밖/작아서 판단 불가",,detect_seed,lsh,,none,,
blueberry,Camera 1 Video (96)_181,reviewed_260917,reviewed_260917,keep,,,reviewed,,,Camera 1 Video (96),bs0334,1,1,,,detect_seed,lsh,,none,,
blueberry,Camera 1 Video (96)_241,reviewed_260917,reviewed_260917,keep,,,reviewed,,,Camera 1 Video (96),bs0335,1,1,,,detect_seed,lsh,,none,,
blueberry,Camera 1 Video (96)_301,reviewed_260917,reviewed_260917,keep,,,reviewed,,,Camera 1 Video (96),bs0336,1,1,,,detect_seed,lsh,,none,,
blueberry,Camera 1 Video (96)_361,reviewed_260917,reviewed_260917,keep,,,reviewed,,,Camera 1 Video (96),bs0337,1,1,,,detect_seed,lsh,,none,,
blueberry,Camera 1 Video (96)_421,reviewed_260917,reviewed_260917,keep,,,reviewed,,,Camera 1 Video (96),bs0338,1,1,,,detect_seed,lsh,,none,,
blueberry,Camera 1 Video (96)_481,reviewed_260917,reviewed_260917,keep,,,reviewed,,,Camera 1 Video (96),bs0339,1,1,,,detect_seed,lsh,,none,,
blueberry,Camera 1 Video (96)_541,reviewed_260917,reviewed_260917,keep,,,reviewed,,,Camera 1 Video (96),bs0340,1,1,,,detect_seed,lsh,,none,,
blueberry,Camera 1 Video (96)_601,reviewed_260917,reviewed_260917,keep,,,reviewed,,,Camera 1 Video (96),bs0341,1,1,,,detect_seed,lsh,,none,,
blueberry,Camera 1 Video (96)_661,reviewed_260917,reviewed_260917,keep,,,reviewed,,,Camera 1 Video (96),bs0343,1,1,,,detect_seed,lsh,,none,,
blueberry,Camera 1 Video (96)_721,reviewed_260917,reviewed_260917,keep,,,reviewed,,,Camera 1 Video (96),b005,1,1,"같은 포기가 겹쳐 보이는 쌍(Camera 1 Video (96)_781 ↔ Camera 1 Video (96)_721) — «거의 같은 사진» 은 아님, 뺄지는 교수님 결정",Camera 1 Video (96)_781,detect_seed,lsh,,none,,
blueberry,Camera 1 Video (96)_781,reviewed_260917,reviewed_260917,keep,,,reviewed,,,Camera 1 Video (96),b005,1,1,"같은 포기가 겹쳐 보이는 쌍(Camera 1 Video (96)_781 ↔ Camera 1 Video (96)_721) — «거의 같은 사진» 은 아님, 뺄지는 교수님 결정",Camera 1 Video (96)_721,detect_seed,lsh,,none,,
blueberry,Camera 1 Video (97)_1,reviewed_260917,reviewed_260917,keep,,,reviewed,,,Camera 1 Video (97),bs0344,1,1,,,detect_seed,lsh,,none,,bottom_5pct_ratio
blueberry,Camera 1 Video (97)_61,reviewed_260917,reviewed_260917,keep,,사람이 툴에서 판정을 지움(unreviewed) — 검수판 판정 유지 · 사람 메모: 수정본 되돌림,ai,,,Camera 1 Video (97),bs0345,1,1,[rule_undecided] 사진에 흰 꽃만 있음 — 꽃은 라벨 대상인가,,detect_seed,lsh,,none,,bottom_5pct_ratio
blueberry,Camera 1 Video (98)_1,reviewed_260917,reviewed_260917,keep,,,reviewed,,,Camera 1 Video (98),bs0346,1,1,[마른 꽃부리 후보 — 열매에 포함할지 규칙 미정],,detect_seed,lsh,,none,,bottom_5pct_ratio
blueberry,Camera 1 Video (98)_61,reviewed_260917,reviewed_260917,keep,,,reviewed,,,Camera 1 Video (98),bs0347,1,1,,,detect_seed,lsh,,none,,bottom_5pct_ratio
blueberry,Camera 1 Video (99)_1,reviewed_260917,reviewed_260917,keep,,,reviewed,,,Camera 1 Video (99),bs0348,1,1,,,detect_seed,lsh,,none,,
blueberry,Camera 1 Video (99)_61,reviewed_260917,reviewed_260917,keep,,,reviewed,,,Camera 1 Video (99),bs0351,1,1,,,detect_seed,lsh,,none,,
blueberry,Camera 1 Video (99)_121,reviewed_260917,reviewed_260917,keep,,,reviewed,,,Camera 1 Video (99),bs0349,1,1,,,detect_seed,lsh,,none,,
blueberry,Camera 1 Video (99)_181,reviewed_260917,reviewed_260917,keep,,,reviewed,,,Camera 1 Video (99),bs0350,1,1,,,detect_seed,lsh,,none,,bottom_5pct_ratio
blueberry,Camera 1 Video (100)_1,reviewed_260917,reviewed_260917,keep,,,reviewed,,,Camera 1 Video (100),bs0003,1,1,,,detect_seed,lsh,,none,,
blueberry,Camera 1 Video (101)_1,reviewed_260917,reviewed_260917,keep,,,reviewed,,,Camera 1 Video (101),bs0004,1,1,,,detect_seed,lsh,,none,,
blueberry,Camera 1 Video (102)_1,reviewed_260917,reviewed_260917,keep,,,reviewed,,,Camera 1 Video (102),bs0005,1,1,,,detect_seed,lsh,,none,,
blueberry,Camera 1 Video (103)_61,reviewed_260917,reviewed_260917,keep,,,reviewed,,,Camera 1 Video (103),bs0009,1,1,,,detect_seed,lsh,,none,,
blueberry,Camera 1 Video (103)_181,reviewed_260917,reviewed_260917,keep,,,reviewed,,,Camera 1 Video (103),bs0006,1,1,,,detect_seed,lsh,,none,,
blueberry,Camera 1 Video (103)_241,reviewed_260917,reviewed_260917,keep,,,reviewed,,,Camera 1 Video (103),bs0007,1,1,,,detect_seed,lsh,,none,,
blueberry,Camera 1 Video (103)_301,reviewed_260917,reviewed_260917,keep,,,reviewed,,,Camera 1 Video (103),bs0008,1,1,,,detect_seed,lsh,,none,,
blueberry,Camera 1 Video (104)_61,reviewed_260917,reviewed_260917,keep,,,reviewed,,,Camera 1 Video (104),bs0016,1,1,,,detect_seed,lsh,,none,,
blueberry,Camera 1 Video (104)_121,reviewed_260917,reviewed_260917,keep,,,reviewed,,,Camera 1 Video (104),bs0010,1,1,,,detect_seed,lsh,,none,,
blueberry,Camera 1 Video (104)_181,reviewed_260917,reviewed_260917,keep,,,reviewed,,,Camera 1 Video (104),bs0011,1,1,,,detect_seed,lsh,,none,,
blueberry,Camera 1 Video (104)_301,reviewed_260917,reviewed_260917,keep,,,reviewed,,,Camera 1 Video (104),bs0012,1,1,,,detect_seed,lsh,,none,,
blueberry,Camera 1 Video (104)_361,reviewed_260917,reviewed_260917,keep,,,reviewed,,,Camera 1 Video (104),bs0013,1,1,,,detect_seed,lsh,,none,,
blueberry,Camera 1 Video (104)_421,reviewed_260917,reviewed_260917,keep,,,reviewed,,,Camera 1 Video (104),bs0014,1,1,,,detect_seed,lsh,,none,,
blueberry,Camera 1 Video (104)_481,reviewed_260917,reviewed_260917,keep,,,reviewed,,,Camera 1 Video (104),bs0015,1,1,,,detect_seed,lsh,,none,,
blueberry,Camera 1 Video (105)_121,reviewed_260917,reviewed_260917,keep,,,reviewed,,,Camera 1 Video (105),bs0017,1,1,,,detect_seed,lsh,,none,,
blueberry,Camera 1 Video (105)_361,reviewed_260917,reviewed_260917,keep,,,reviewed,,,Camera 1 Video (105),bs0018,1,1,,,detect_seed,lsh,,none,,
blueberry,Camera 1 Video (105)_421,reviewed_260917,reviewed_260917,keep,,,reviewed,,,Camera 1 Video (105),bs0019,1,1,,,detect_seed,lsh,,none,,
blueberry,Camera 1 Video (105)_481,reviewed_260917,reviewed_260917,keep,,,reviewed,,,Camera 1 Video (105),bs0020,1,1,,,detect_seed,lsh,,none,,
blueberry,Camera 1 Video (105)_541,reviewed_260917,reviewed_260917,keep,,,reviewed,,,Camera 1 Video (105),bs0021,1,1,,,detect_seed,lsh,,none,,
blueberry,Camera 1 Video (109)_1,reviewed_260917,reviewed_260917,keep,,,reviewed,,,Camera 1 Video (109),bs0022,1,1,,,detect_seed,lsh,,none,,
blueberry,Camera 1 Video (110)_1,reviewed_260917,reviewed_260917,keep,,,reviewed,,,Camera 1 Video (110),bs0023,1,1,,,detect_seed,lsh,,none,,
blueberry,Camera 1 Video (110)_61,reviewed_260917,reviewed_260917,keep,,,reviewed,,,Camera 1 Video (110),bs0032,1,1,,,detect_seed,lsh,,none,,
blueberry,Camera 1 Video (110)_121,reviewed_260917,reviewed_260917,keep,,,reviewed,,,Camera 1 Video (110),bs0024,1,1,,,detect_seed,lsh,,none,,
blueberry,Camera 1 Video (110)_181,reviewed_260917,reviewed_260917,keep,,,reviewed,,,Camera 1 Video (110),bs0025,1,1,,,detect_seed,lsh,,none,,
blueberry,Camera 1 Video (110)_241,reviewed_260917,reviewed_260917,keep,,,reviewed,,,Camera 1 Video (110),bs0026,1,1,,,detect_seed,lsh,,none,,
blueberry,Camera 1 Video (110)_301,reviewed_260917,reviewed_260917,keep,,,reviewed,,,Camera 1 Video (110),bs0027,1,1,,,detect_seed,lsh,,none,,
blueberry,Camera 1 Video (110)_361,reviewed_260917,reviewed_260917,keep,,,reviewed,,,Camera 1 Video (110),bs0028,1,1,,,detect_seed,lsh,,none,,bottom_5pct_ratio
blueberry,Camera 1 Video (110)_421,reviewed_260917,reviewed_260917,keep,,,reviewed,,,Camera 1 Video (110),bs0029,1,1,,,detect_seed,lsh,,none,,
blueberry,Camera 1 Video (110)_481,reviewed_260917,reviewed_260917,keep,,,reviewed,,,Camera 1 Video (110),bs0030,1,1,,,detect_seed,lsh,,none,,
blueberry,Camera 1 Video (110)_541,reviewed_260917,reviewed_260917,keep,,,reviewed,,,Camera 1 Video (110),bs0031,1,1,,,detect_seed,lsh,,none,,
blueberry,Camera 1 Video (111)_1,reviewed_260917,reviewed_260917,keep,,,reviewed,,,Camera 1 Video (111),bs0033,1,1,,,detect_seed,lsh,,none,,
blueberry,Camera 1 Video (112)_61,reviewed_260917,reviewed_260917,keep,,,reviewed,,,Camera 1 Video (112),bs0038,1,1,,,detect_seed,lsh,,none,,
blueberry,Camera 1 Video (112)_181,reviewed_260917,reviewed_260917,keep,,,reviewed,,,Camera 1 Video (112),bs0034,1,1,,,detect_seed,lsh,,none,,
blueberry,Camera 1 Video (112)_301,reviewed_260917,reviewed_260917,keep,,,reviewed,,,Camera 1 Video (112),bs0035,1,1,,,detect_seed,lsh,,none,,
blueberry,Camera 1 Video (112)_361,reviewed_260917,reviewed_260917,keep,,,reviewed,,,Camera 1 Video (112),bs0036,1,1,,,detect_seed,lsh,,none,,
blueberry,Camera 1 Video (112)_421,reviewed_260917,reviewed_260917,keep,,,reviewed,,,Camera 1 Video (112),bs0037,1,1,,,detect_seed,lsh,,none,,
blueberry,Camera 1 Video (113)_1,reviewed_260917,reviewed_260917,keep,,,reviewed,,,Camera 1 Video (113),bs0039,1,1,,,detect_seed,lsh,,none,,
blueberry,Camera 1 Video (113)_61,reviewed_260917,reviewed_260917,keep,,,reviewed,,,Camera 1 Video (113),bs0041,1,1,,,detect_seed,lsh,,none,,
blueberry,Camera 1 Video (113)_121,reviewed_260917,reviewed_260917,keep,,,reviewed,,,Camera 1 Video (113),bs0040,1,1,,,detect_seed,lsh,,none,,
blueberry,Camera 1 Video (114)_61,reviewed_260917,reviewed_260917,keep,,,reviewed,,,Camera 1 Video (114),bs0043,1,1,,,detect_seed,lsh,,none,,
blueberry,Camera 1 Video (114)_181,reviewed_260917,reviewed_260917,keep,,,reviewed,,,Camera 1 Video (114),bs0042,1,1,,,detect_seed,lsh,,none,,
blueberry,Camera 1 Video (115)_61,reviewed_260917,reviewed_260917,keep,,,reviewed,,,Camera 1 Video (115),bs0048,1,1,,,detect_seed,lsh,,none,,
blueberry,Camera 1 Video (115)_121,reviewed_260917,reviewed_260917,keep,,,reviewed,,,Camera 1 Video (115),bs0044,1,1,,,detect_seed,lsh,,none,,
blueberry,Camera 1 Video (115)_421,reviewed_260917,reviewed_260917,keep,,,reviewed,,,Camera 1 Video (115),bs0045,1,1,,,detect_seed,lsh,,none,,
blueberry,Camera 1 Video (115)_541,reviewed_260917,reviewed_260917,keep,,,reviewed,,,Camera 1 Video (115),bs0046,1,1,,,detect_seed,lsh,,none,,
blueberry,Camera 1 Video (115)_601,reviewed_260917,reviewed_260917,keep,,,reviewed,,,Camera 1 Video (115),bs0047,1,1,,,detect_seed,lsh,,none,,
blueberry,Camera 1 Video (116)_61,reviewed_260917,reviewed_260917,keep,,,reviewed,,,Camera 1 Video (116),bs0049,1,1,,,detect_seed,lsh,,none,,
blueberry,Camera 1 Video (117)_1,reviewed_260917,reviewed_260917,keep,,,reviewed,,,Camera 1 Video (117),bs0050,1,1,,,detect_seed,lsh,,none,,
blueberry,Camera 1 Video (117)_61,reviewed_260917,reviewed_260917,keep,,,reviewed,,,Camera 1 Video (117),bs0051,1,1,,,detect_seed,lsh,,none,,
blueberry,Camera 1 Video (118)_1,reviewed_260917,reviewed_260917,keep,,,reviewed,,,Camera 1 Video (118),bs0052,1,1,,,detect_seed,lsh,,none,,
blueberry,Camera 1 Video (118)_61,reviewed_260917,reviewed_260917,keep,,,reviewed,,,Camera 1 Video (118),bs0058,1,1,,,detect_seed,lsh,,none,,
blueberry,Camera 1 Video (118)_121,reviewed_260917,reviewed_260917,keep,,,reviewed,,,Camera 1 Video (118),bs0053,1,1,"[candidate_unclear] 누락 후보 #164 bbox 970,1352,1039,1422 — 초점 밖/작아서 판단 불가",,detect_seed,lsh,,none,,
blueberry,Camera 1 Video (118)_181,reviewed_260917,reviewed_260917,keep,,,reviewed,,,Camera 1 Video (118),bs0054,1,1,,,detect_seed,lsh,,none,,
blueberry,Camera 1 Video (118)_241,reviewed_260917,reviewed_260917,keep,,,reviewed,,,Camera 1 Video (118),bs0055,1,1,,,detect_seed,lsh,,none,,
blueberry,Camera 1 Video (118)_301,reviewed_260917,reviewed_260917,keep,,,reviewed,,,Camera 1 Video (118),bs0056,1,1,,,detect_seed,lsh,,none,,
blueberry,Camera 1 Video (118)_361,reviewed_260917,reviewed_260917,keep,,,reviewed,,,Camera 1 Video (118),bs0057,1,1,,,detect_seed,lsh,,none,,
blueberry,Camera 1 Video (119)_61,reviewed_260917,reviewed_260917,keep,,,reviewed,,,Camera 1 Video (119),bs0059,1,1,,,detect_seed,lsh,,none,,
blueberry,Camera 1 Video (120)_61,reviewed_260917,reviewed_260917,keep,,,reviewed,,,Camera 1 Video (120),bs0060,1,1,,,detect_seed,lsh,,none,,
blueberry,Camera 1 Video (121)_1,reviewed_260917,reviewed_260917,keep,,,reviewed,,,Camera 1 Video (121),bs0061,1,1,,,detect_seed,lsh,,none,,
blueberry,Camera 1 Video (121)_61,reviewed_260917,reviewed_260917,keep,,,reviewed,,,Camera 1 Video (121),bs0062,1,1,,,detect_seed,lsh,,none,,
blueberry,Camera 1 Video (122)_61,reviewed_260917,reviewed_260917,keep,,,reviewed,,,Camera 1 Video (122),bs0063,1,1,,,detect_seed,lsh,,none,,
blueberry,Camera 1 Video (123)_1,reviewed_260917,reviewed_260917,keep,,,reviewed,,,Camera 1 Video (123),bs0064,1,1,,,detect_seed,lsh,,none,,
blueberry,Camera 1 Video (123)_61,reviewed_260917,reviewed_260917,keep,,,reviewed,,,Camera 1 Video (123),bs0065,1,1,,,detect_seed,lsh,,none,,
blueberry,Camera 1 Video (124)_1,reviewed_260917,reviewed_260917,keep,,,reviewed,,,Camera 1 Video (124),bs0066,1,1,,,detect_seed,lsh,,none,,
blueberry,Camera 1 Video (124)_61,reviewed_260917,reviewed_260917,keep,,,reviewed,,,Camera 1 Video (124),bs0068,1,1,,,detect_seed,lsh,,none,,
blueberry,Camera 1 Video (124)_121,reviewed_260917,reviewed_260917,keep,,,reviewed,,,Camera 1 Video (124),bs0067,1,1,,,detect_seed,lsh,,none,,
blueberry,Camera 1 Video (126)_1,reviewed_260917,reviewed_260917,keep,,,reviewed,,,Camera 1 Video (126),bs0069,1,1,,,detect_seed,lsh,,none,,
blueberry,Camera 1 Video (126)_61,reviewed_260917,reviewed_260917,keep,,,reviewed,,,Camera 1 Video (126),bs0071,1,1,,,detect_seed,lsh,,none,,
blueberry,Camera 1 Video (126)_121,reviewed_260917,reviewed_260917,keep,,,reviewed,,,Camera 1 Video (126),bs0070,1,1,,,detect_seed,lsh,,none,,
blueberry,Camera 1 Video (127)_1,reviewed_260917,reviewed_260917,keep,,,reviewed,,,Camera 1 Video (127),bs0072,1,1,,,detect_seed,lsh,,none,,
blueberry,Camera 1 Video (127)_61,reviewed_260917,reviewed_260917,keep,,,reviewed,,,Camera 1 Video (127),bs0073,1,1,,,detect_seed,lsh,,none,,
blueberry,Camera 1 Video (133)_541,reviewed_260917,reviewed_260917,keep,,,reviewed,,,Camera 1 Video (133),bs0074,1,1,,,detect_seed,lsh,,none,,
blueberry,Camera 1 Video (134)_1,reviewed_260917,reviewed_260917,keep,,,reviewed,,,Camera 1 Video (134),bs0075,1,1,,,detect_seed,lsh,,none,,
blueberry,Camera 1 Video (134)_121,reviewed_260917,reviewed_260917,keep,,,reviewed,,,Camera 1 Video (134),bs0076,1,1,,,detect_seed,lsh,,none,,
blueberry,Camera 1 Video (134)_181,reviewed_260917,reviewed_260917,keep,,,reviewed,,,Camera 1 Video (134),bs0077,1,1,,,detect_seed,lsh,,none,,
blueberry,Camera 1 Video (134)_241,reviewed_260917,reviewed_260917,keep,,,reviewed,,,Camera 1 Video (134),bs0078,1,1,,,detect_seed,lsh,,none,,
blueberry,Camera 1 Video (134)_301,reviewed_260917,reviewed_260917,keep,,,reviewed,,,Camera 1 Video (134),bs0079,1,1,,,detect_seed,lsh,,none,,
blueberry,Camera 1 Video (135)_1,reviewed_260917,reviewed_260917,keep,,,reviewed,,,Camera 1 Video (135),bs0080,1,1,,,detect_seed,lsh,,none,,
blueberry,Camera 1 Video (135)_61,reviewed_260917,reviewed_260917,keep,,,reviewed,,,Camera 1 Video (135),bs0087,1,1,,,detect_seed,lsh,,none,,
blueberry,Camera 1 Video (135)_121,reviewed_260917,reviewed_260917,keep,,,reviewed,,,Camera 1 Video (135),bs0081,1,1,,,detect_seed,lsh,,none,,
blueberry,Camera 1 Video (135)_181,reviewed_260917,reviewed_260917,keep,,,reviewed,,,Camera 1 Video (135),bs0082,1,1,,,detect_seed,lsh,,none,,
blueberry,Camera 1 Video (135)_301,reviewed_260917,reviewed_260917,keep,,,reviewed,,,Camera 1 Video (135),bs0083,1,1,,,detect_seed,lsh,,none,,
blueberry,Camera 1 Video (135)_421,reviewed_260917,reviewed_260917,keep,,,reviewed,,,Camera 1 Video (135),bs0084,1,1,,,detect_seed,lsh,,none,,
blueberry,Camera 1 Video (135)_481,reviewed_260917,reviewed_260917,keep,,,reviewed,,,Camera 1 Video (135),bs0085,1,1,,,detect_seed,lsh,,none,,
blueberry,Camera 1 Video (135)_541,reviewed_260917,reviewed_260917,keep,,,reviewed,,,Camera 1 Video (135),bs0086,1,1,,,detect_seed,lsh,,none,,
blueberry,Camera 1 Video (136)_1,reviewed_260917,reviewed_260917,keep,,,reviewed,,,Camera 1 Video (136),bs0088,1,1,,,detect_seed,lsh,,none,,
blueberry,Camera 1 Video (136)_121,reviewed_260917,reviewed_260917,keep,,,reviewed,,,Camera 1 Video (136),bs0089,1,1,,,detect_seed,lsh,,none,,
blueberry,Camera 1 Video (136)_181,reviewed_260917,reviewed_260917,keep,,,reviewed,,,Camera 1 Video (136),bs0090,1,1,,,detect_seed,lsh,,none,,
blueberry,Camera 1 Video (136)_481,reviewed_260917,reviewed_260917,keep,,,reviewed,,,Camera 1 Video (136),bs0091,1,1,,,detect_seed,lsh,,none,,
blueberry,Camera 1 Video (136)_541,reviewed_260917,reviewed_260917,keep,,,reviewed,,,Camera 1 Video (136),bs0092,1,1,,,detect_seed,lsh,,none,,
blueberry,Camera 1 Video (139)_61,reviewed_260917,reviewed_260917,keep,,,reviewed,,,Camera 1 Video (139),bs0093,1,1,,,detect_seed,lsh,,none,,
blueberry,Camera 1 Video (143)_1,reviewed_260917,reviewed_260917,keep,,,reviewed,,,Camera 1 Video (143),bs0095,1,1,,,detect_seed,lsh,,none,,
blueberry,Camera 1 Video (143)_61,reviewed_260917,reviewed_260917,keep,,,reviewed,,,Camera 1 Video (143),bs0097,1,1,,,detect_seed,lsh,,none,,
blueberry,Camera 1 Video (143)_121,reviewed_260917,reviewed_260917,keep,,,reviewed,,,Camera 1 Video (143),bs0096,1,1,,,detect_seed,lsh,,none,,
blueberry,Camera 1 Video (144)_1,reviewed_260917,reviewed_260917,keep,,,reviewed,,,Camera 1 Video (144),bs0098,1,1,,,detect_seed,lsh,,none,,
blueberry,Camera 1 Video (144)_61,reviewed_260917,reviewed_260917,keep,,,reviewed,,,Camera 1 Video (144),bs0102,1,1,,,detect_seed,lsh,,none,,
blueberry,Camera 1 Video (144)_121,reviewed_260917,reviewed_260917,keep,,,reviewed,,,Camera 1 Video (144),bs0099,1,1,,,detect_seed,lsh,,none,,
blueberry,Camera 1 Video (144)_181,reviewed_260917,reviewed_260917,keep,,,reviewed,,,Camera 1 Video (144),bs0100,1,1,,,detect_seed,lsh,,none,,
blueberry,Camera 1 Video (144)_241,reviewed_260917,reviewed_260917,keep,,,reviewed,,,Camera 1 Video (144),bs0101,1,1,,,detect_seed,lsh,,none,,
blueberry,Camera 1 Video (145)_1,reviewed_260917,reviewed_260917,keep,,,reviewed,,,Camera 1 Video (145),bs0103,1,1,,,detect_seed,lsh,,none,,
blueberry,Camera 1 Video (145)_61,reviewed_260917,reviewed_260917,keep,,,reviewed,,,Camera 1 Video (145),bs0105,1,1,,,detect_seed,lsh,,none,,
blueberry,Camera 1 Video (145)_181,reviewed_260917,reviewed_260917,keep,,,reviewed,,,Camera 1 Video (145),bs0104,1,1,,,detect_seed,lsh,,none,,bottom_5pct_ratio
blueberry,Camera 1 Video (146)_61,reviewed_260917,reviewed_260917,keep,,,reviewed,,,Camera 1 Video (146),bs0107,1,1,,,detect_seed,lsh,,none,,
blueberry,Camera 1 Video (146)_121,reviewed_260917,reviewed_260917,keep,,,reviewed,,,Camera 1 Video (146),bs0106,1,1,,,detect_seed,lsh,,none,,
blueberry,Camera 1 Video (147)_121,reviewed_260917,reviewed_260917,keep,,,reviewed,,,Camera 1 Video (147),bs0108,1,1,,,detect_seed,lsh,,none,,
blueberry,Camera 1 Video (147)_241,reviewed_260917,reviewed_260917,keep,,,reviewed,,,Camera 1 Video (147),bs0109,1,1,,,detect_seed,lsh,,none,,
blueberry,Camera 1 Video (147)_301,reviewed_260917,reviewed_260917,keep,,,reviewed,,,Camera 1 Video (147),bs0110,1,1,,,detect_seed,lsh,,none,,
blueberry,Camera 1 Video (147)_421,reviewed_260917,reviewed_260917,keep,,,reviewed,,,Camera 1 Video (147),bs0111,1,1,,,detect_seed,lsh,,none,,
blueberry,Camera 1 Video (147)_601,reviewed_260917,reviewed_260917,keep,,,reviewed,,,Camera 1 Video (147),bs0112,1,1,,,detect_seed,lsh,,none,,
blueberry,Camera 1 Video (147)_721,reviewed_260917,reviewed_260917,keep,,,reviewed,,,Camera 1 Video (147),bs0113,1,1,,,detect_seed,lsh,,none,,
blueberry,Camera 1 Video (147)_781,reviewed_260917,reviewed_260917,keep,,,reviewed,,,Camera 1 Video (147),bs0114,1,1,,,detect_seed,lsh,,none,,
blueberry,Camera 1 Video (147)_841,reviewed_260917,reviewed_260917,keep,,,reviewed,,,Camera 1 Video (147),bs0115,1,1,,,detect_seed,lsh,,none,,
blueberry,Camera 1 Video (147)_901,reviewed_260917,reviewed_260917,keep,,,reviewed,,,Camera 1 Video (147),bs0116,1,1,,,detect_seed,lsh,,none,,
blueberry,Camera 1 Video (147)_961,reviewed_260917,reviewed_260917,keep,,,reviewed,,,Camera 1 Video (147),bs0117,1,1,,,detect_seed,lsh,,none,,
blueberry,Camera 1 Video (148)_1,reviewed_260917,reviewed_260917,keep,,,reviewed,,,Camera 1 Video (148),bs0118,1,1,,,detect_seed,lsh,,none,,
blueberry,Camera 1 Video (148)_61,reviewed_260917,reviewed_260917,keep,,,reviewed,,,Camera 1 Video (148),bs0123,1,1,,,detect_seed,lsh,,none,,
blueberry,Camera 1 Video (148)_121,reviewed_260917,reviewed_260917,keep,,,reviewed,,,Camera 1 Video (148),bs0119,1,1,,,detect_seed,lsh,,none,,
blueberry,Camera 1 Video (148)_181,reviewed_260917,reviewed_260917,keep,,,reviewed,,,Camera 1 Video (148),bs0120,1,1,,,detect_seed,lsh,,none,,
blueberry,Camera 1 Video (148)_241,reviewed_260917,reviewed_260917,keep,,,reviewed,,,Camera 1 Video (148),bs0121,1,1,,,detect_seed,lsh,,none,,
blueberry,Camera 1 Video (148)_301,reviewed_260917,reviewed_260917,keep,,,reviewed,,,Camera 1 Video (148),bs0122,1,1,,,detect_seed,lsh,,none,,
blueberry,Camera 1 Video (150)_1,reviewed_260917,reviewed_260917,keep,,,reviewed,,,Camera 1 Video (150),bs0124,1,1,,,detect_seed,lsh,,none,,
blueberry,Camera 1 Video (150)_61,reviewed_260917,reviewed_260917,keep,,,reviewed,,,Camera 1 Video (150),bs0127,1,1,,,detect_seed,lsh,,none,,
blueberry,Camera 1 Video (150)_181,reviewed_260917,reviewed_260917,keep,,,reviewed,,,Camera 1 Video (150),bs0125,1,1,,,detect_seed,lsh,,none,,
blueberry,Camera 1 Video (150)_241,reviewed_260917,reviewed_260917,keep,,,reviewed,,,Camera 1 Video (150),bs0126,1,1,,,detect_seed,lsh,,none,,
blueberry,Camera 1 Video (151)_1,reviewed_260917,reviewed_260917,keep,,,reviewed,,,Camera 1 Video (151),bs0128,1,1,,,detect_seed,lsh,,none,,
blueberry,Camera 1 Video (151)_181,reviewed_260917,reviewed_260917,keep,,,reviewed,,,Camera 1 Video (151),bs0129,1,1,,,detect_seed,lsh,,none,,
blueberry,Camera 1 Video (151)_361,reviewed_260917,reviewed_260917,keep,,,reviewed,,,Camera 1 Video (151),bs0130,1,1,,,detect_seed,lsh,,none,,
blueberry,Camera 1 Video (152)_61,reviewed_260917,reviewed_260917,keep,,,reviewed,,,Camera 1 Video (152),bs0132,1,1,,,detect_seed,lsh,,none,,
blueberry,Camera 1 Video (152)_121,reviewed_260917,reviewed_260917,keep,,,reviewed,,,Camera 1 Video (152),bs0131,1,1,,,detect_seed,lsh,,none,,
blueberry,Camera 1 Video (155)_1,reviewed_260917,reviewed_260917,keep,,,reviewed,,,Camera 1 Video (155),bs0133,1,1,,,detect_seed,lsh,,none,,
blueberry,Camera 1 Video (155)_61,reviewed_260917,reviewed_260917,keep,,,reviewed,,,Camera 1 Video (155),bs0135,1,1,,,detect_seed,lsh,,none,,
blueberry,Camera 1 Video (155)_121,reviewed_260917,reviewed_260917,keep,,,reviewed,,,Camera 1 Video (155),bs0134,1,1,,,detect_seed,lsh,,none,,
blueberry,Camera 1 Video (157)_1,reviewed_260917,reviewed_260917,keep,,,reviewed,,,Camera 1 Video (157),bs0136,1,1,,,detect_seed,lsh,,none,,
blueberry,Camera 1 Video (158)_1,reviewed_260917,reviewed_260917,keep,,,reviewed,,,Camera 1 Video (158),bs0137,1,1,,,detect_seed,lsh,,none,,
blueberry,Camera 1 Video (159)_1,reviewed_260917,reviewed_260917,keep,,,reviewed,,,Camera 1 Video (159),bs0138,1,1,,,detect_seed,lsh,,none,,
blueberry,Camera 1 Video (160)_1,reviewed_260917,reviewed_260917,keep,,,reviewed,,,Camera 1 Video (160),bs0139,1,1,,,detect_seed,lsh,,none,,
blueberry,Camera 1 Video (160)_61,reviewed_260917,reviewed_260917,keep,,,reviewed,,,Camera 1 Video (160),bs0140,1,1,[rule_undecided] 분홍 꽃봉오리를 GT 가 열매로 칠함,,detect_seed,lsh,,none,,bottom_5pct_ratio
blueberry,Camera 1 Video (161)_1,reviewed_260917,reviewed_260917,keep,,,reviewed,,,Camera 1 Video (161),bs0141,1,1,,,detect_seed,lsh,,none,,
blueberry,Camera 1 Video (161)_61,reviewed_260917,reviewed_260917,keep,,,reviewed,,,Camera 1 Video (161),bs0142,1,1,,,detect_seed,lsh,,none,,
blueberry,Camera 1 Video (163)_1,reviewed_260917,reviewed_260917,keep,,,reviewed,,,Camera 1 Video (163),bs0143,1,1,,,detect_seed,lsh,,none,,
blueberry,Camera 1 Video (163)_61,reviewed_260917,reviewed_260917,keep,,,reviewed,,,Camera 1 Video (163),bs0144,1,1,,,detect_seed,lsh,,none,,
blueberry,Camera 1 Video (165)_1,reviewed_260917,reviewed_260917,keep,,,reviewed,,,Camera 1 Video (165),bs0145,1,1,,,detect_seed,lsh,,none,,
blueberry,Camera 1 Video (165)_61,reviewed_260917,reviewed_260917,keep,,,reviewed,,,Camera 1 Video (165),bs0146,1,1,,,detect_seed,lsh,,none,,
blueberry,Camera 1 Video (166)_1,reviewed_260917,reviewed_260917,keep,,,reviewed,,,Camera 1 Video (166),bs0147,1,1,,,detect_seed,lsh,,none,,
blueberry,Camera 1 Video (171)_1,reviewed_260917,reviewed_260917,keep,,,reviewed,,,Camera 1 Video (171),bs0148,1,1,,,detect_seed,lsh,,none,,
blueberry,Camera 1 Video (172)_1,reviewed_260917,reviewed_260917,keep,,,reviewed,,,Camera 1 Video (172),bs0149,1,1,,,detect_seed,lsh,,none,,
blueberry,Camera 1 Video (172)_61,reviewed_260917,reviewed_260917,keep,,,reviewed,,,Camera 1 Video (172),bs0150,1,1,,,detect_seed,lsh,,none,,
blueberry,Camera 1 Video (172)_121,reviewed_260917,reviewed_260917,keep,,,reviewed,,,Camera 1 Video (172),b001,1,1,,Camera 1 Video (172)_181,detect_seed,lsh,,none,,
blueberry,Camera 1 Video (172)_181,reviewed_260917,reviewed_260917,keep,,,reviewed,,,Camera 1 Video (172),b001,1,1,,Camera 1 Video (172)_121,detect_seed,lsh,,none,,
blueberry,Camera 1 Video (173)_61,reviewed_260917,reviewed_260917,keep,,,reviewed,,,Camera 1 Video (173),bs0151,1,1,,,detect_seed,lsh,,none,,bottom_5pct_ratio
blueberry,Camera 1 Video (174)_1,reviewed_260917,reviewed_260917,keep,,,reviewed,,,Camera 1 Video (174),bs0152,1,1,,,detect_seed,lsh,,none,,
blueberry,Camera 1 Video (174)_61,reviewed_260917,reviewed_260917,keep,,,reviewed,,,Camera 1 Video (174),bs0154,1,1,,,detect_seed,lsh,,none,,
blueberry,Camera 1 Video (174)_121,reviewed_260917,reviewed_260917,keep,,,reviewed,,,Camera 1 Video (174),bs0153,1,1,,,detect_seed,lsh,,none,,
blueberry,Camera 1 Video (175)_1,reviewed_260917,reviewed_260917,keep,,,reviewed,,,Camera 1 Video (175),bs0155,1,1,,,detect_seed,lsh,,none,,
blueberry,Camera 1 Video (175)_61,reviewed_260917,reviewed_260917,keep,,,reviewed,,,Camera 1 Video (175),bs0156,1,1,,,detect_seed,lsh,,none,,
blueberry,Camera 1 Video (176)_1,reviewed_260917,reviewed_260917,keep,,,reviewed,,,Camera 1 Video (176),bs0157,1,1,,,detect_seed,lsh,,none,,
blueberry,Camera 1 Video (177)_1,reviewed_260917,reviewed_260917,keep,,,reviewed,,,Camera 1 Video (177),bs0158,1,1,,,detect_seed,lsh,,none,,
blueberry,Camera 1 Video (177)_61,reviewed_260917,reviewed_260917,keep,,,reviewed,,,Camera 1 Video (177),bs0160,1,1,,,detect_seed,lsh,,none,,
blueberry,Camera 1 Video (177)_121,reviewed_260917,reviewed_260917,keep,,,reviewed,,,Camera 1 Video (177),bs0159,1,1,,,detect_seed,lsh,,none,,
blueberry,Camera 2 Video (5)_1,reviewed_260917,reviewed_260917,keep,,,reviewed,,,Camera 2 Video (5),bs0500,1,1,,,detect_seed,lsh,,none,,
blueberry,Camera 2 Video (5)_481,reviewed_260917,reviewed_260917,keep,,,reviewed,,,Camera 2 Video (5),bs0501,1,1,,,detect_seed,lsh,,none,,
blueberry,Camera 2 Video (5)_541,reviewed_260917,reviewed_260917,keep,,,reviewed,,,Camera 2 Video (5),bs0502,1,1,,,detect_seed,lsh,,none,,
blueberry,Camera 2 Video (6)_1,reviewed_260917,reviewed_260917,keep,,,reviewed,,,Camera 2 Video (6),bs0503,1,1,,,detect_seed,lsh,,none,,bottom_5pct_ratio
blueberry,Camera 2 Video (6)_61,reviewed_260917,reviewed_260917,keep,,,reviewed,,,Camera 2 Video (6),b011,1,1,"같은 포기가 겹쳐 보이는 쌍(Camera 2 Video (6)_121 ↔ Camera 2 Video (6)_61) — «거의 같은 사진» 은 아님, 뺄지는 교수님 결정",Camera 2 Video (6)_121,detect_seed,lsh,,none,,
blueberry,Camera 2 Video (6)_121,reviewed_260917,reviewed_260917,keep,,,reviewed,,,Camera 2 Video (6),b011,1,1,"같은 포기가 겹쳐 보이는 쌍(Camera 2 Video (6)_121 ↔ Camera 2 Video (6)_61) — «거의 같은 사진» 은 아님, 뺄지는 교수님 결정",Camera 2 Video (6)_61,detect_seed,lsh,,none,,
blueberry,Camera 2 Video (6)_181,reviewed_260917,reviewed_260917,keep,,,reviewed,,,Camera 2 Video (6),bs0504,1,1,,,detect_seed,lsh,,none,,
blueberry,Camera 2 Video (6)_241,reviewed_260917,reviewed_260917,keep,,,reviewed,,,Camera 2 Video (6),bs0505,1,1,,,detect_seed,lsh,,none,,
blueberry,Camera 2 Video (7)_1,reviewed_260917,reviewed_260917,keep,,,reviewed,,,Camera 2 Video (7),bs0506,1,1,,,detect_seed,lsh,,none,,
blueberry,Camera 2 Video (7)_61,reviewed_260917,reviewed_260917,keep,,,reviewed,,,Camera 2 Video (7),bs0510,1,1,,,detect_seed,lsh,,none,,
blueberry,Camera 2 Video (7)_121,reviewed_260917,reviewed_260917,needs_human,,"[사진 단위] GT 가 잎·줄기 위를 칠함 — 상자 없이 사진 단위 flag, 타당",ai,,,Camera 2 Video (7),bs0507,1,1,,,detect_seed,lsh,,none,,
blueberry,Camera 2 Video (7)_301,reviewed_260917,reviewed_260917,keep,,,reviewed,,,Camera 2 Video (7),bs0508,1,1,,,detect_seed,lsh,,none,,bottom_5pct_ratio
blueberry,Camera 2 Video (7)_361,reviewed_260917,reviewed_260917,needs_human,,"[사진 단위] GT 덩어리가 엉뚱한 곳, 작은 열매 미라벨 — 타당",ai,,,Camera 2 Video (7),bs0509,1,1,,,detect_seed,lsh,,none,,bottom_5pct_ratio
blueberry,Camera 2 Video (8)_1,reviewed_260917,reviewed_260917,keep,,,reviewed,,,Camera 2 Video (8),bs0511,1,1,,,detect_seed,lsh,,none,,bottom_5pct_ratio
blueberry,Camera 2 Video (8)_61,reviewed_260917,reviewed_260917,keep,,,reviewed,,,Camera 2 Video (8),bs0519,1,1,,,detect_seed,lsh,,none,,bottom_5pct_ratio
blueberry,Camera 2 Video (8)_121,reviewed_260917,reviewed_260917,keep,,,reviewed,,,Camera 2 Video (8),bs0513,1,1,,,detect_seed,lsh,,none,,bottom_5pct_ratio
blueberry,Camera 2 Video (8)_181,reviewed_260917,reviewed_260917,keep,,,reviewed,,,Camera 2 Video (8),bs0514,1,1,,,detect_seed,lsh,,none,,bottom_5pct_ratio
blueberry,Camera 2 Video (8)_241,reviewed_260917,reviewed_260917,keep,,,reviewed,,,Camera 2 Video (8),b012,1,1,"같은 포기가 겹쳐 보이는 쌍(Camera 2 Video (8)_301 ↔ Camera 2 Video (8)_241) — «거의 같은 사진» 은 아님, 뺄지는 교수님 결정",Camera 2 Video (8)_301,detect_seed,lsh,,none,,bottom_5pct_ratio
blueberry,Camera 2 Video (8)_301,reviewed_260917,reviewed_260917,keep,,,reviewed,,,Camera 2 Video (8),b012,1,1,"같은 포기가 겹쳐 보이는 쌍(Camera 2 Video (8)_301 ↔ Camera 2 Video (8)_241) — «거의 같은 사진» 은 아님, 뺄지는 교수님 결정",Camera 2 Video (8)_241,detect_seed,lsh,,none,,bottom_5pct_ratio
blueberry,Camera 2 Video (8)_361,reviewed_260917,reviewed_260917,keep,,,reviewed,,,Camera 2 Video (8),bs0515,1,1,,,detect_seed,lsh,,none,,
blueberry,Camera 2 Video (8)_421,reviewed_260917,reviewed_260917,keep,,,reviewed,,,Camera 2 Video (8),bs0516,1,1,,,detect_seed,lsh,,none,,
blueberry,Camera 2 Video (8)_481,reviewed_260917,reviewed_260917,keep,,,reviewed,,,Camera 2 Video (8),bs0517,1,1,,,detect_seed,lsh,,none,,bottom_5pct_ratio
blueberry,Camera 2 Video (8)_541,reviewed_260917,reviewed_260917,keep,,,reviewed,,,Camera 2 Video (8),bs0518,1,1,,,detect_seed,lsh,,none,,
blueberry,Camera 2 Video (8)_601,reviewed_260917,reviewed_260917,keep,,,reviewed,,,Camera 2 Video (8),b013,1,1,"같은 포기가 겹쳐 보이는 쌍(Camera 2 Video (8)_661 ↔ Camera 2 Video (8)_601) — «거의 같은 사진» 은 아님, 뺄지는 교수님 결정",Camera 2 Video (8)_661,detect_seed,lsh,,none,,
blueberry,Camera 2 Video (8)_661,reviewed_260917,reviewed_260917,keep,,,reviewed,,,Camera 2 Video (8),b013,1,1,"같은 포기가 겹쳐 보이는 쌍(Camera 2 Video (8)_661 ↔ Camera 2 Video (8)_601) — «거의 같은 사진» 은 아님, 뺄지는 교수님 결정",Camera 2 Video (8)_601|Camera 2 Video (8)_721,detect_seed,lsh,,none,,
blueberry,Camera 2 Video (8)_721,reviewed_260917,reviewed_260917,keep,,,reviewed,,,Camera 2 Video (8),b013,1,1,[마른 꽃부리 후보 — 열매에 포함할지 규칙 미정],Camera 2 Video (8)_661,detect_seed,lsh,,none,,
blueberry,Camera 2 Video (8)_841,reviewed_260917,reviewed_260917,keep,,,reviewed,,,Camera 2 Video (8),bs0520,1,1,,,detect_seed,lsh,,none,,
blueberry,Camera 2 Video (8)_901,reviewed_260917,reviewed_260917,keep,,,reviewed,,,Camera 2 Video (8),bs0521,1,1,,,detect_seed,lsh,,none,,
blueberry,Camera 2 Video (8)_1021,reviewed_260917,reviewed_260917,keep,,,reviewed,,,Camera 2 Video (8),bs0512,1,1,[rule_undecided] 위쪽 큰 연노랑 물체가 잎인지 열매인지,,detect_seed,lsh,,none,,bottom_5pct_ratio
blueberry,Camera 2 Video (9)_1,reviewed_260917,reviewed_260917,keep,,,reviewed,,,Camera 2 Video (9),b014,1,1,,Camera 2 Video (9)_121,detect_seed,lsh,,none,,
blueberry,Camera 2 Video (9)_121,reviewed_260917,reviewed_260917,keep,,,reviewed,,,Camera 2 Video (9),b014,1,1,,Camera 2 Video (9)_1,detect_seed,lsh,,none,,
blueberry,Camera 2 Video (9)_181,reviewed_260917,reviewed_260917,keep,,,reviewed,,,Camera 2 Video (9),b015,1,1,"같은 포기가 겹쳐 보이는 쌍(Camera 2 Video (9)_181 ↔ Camera 2 Video (9)_241) — «거의 같은 사진» 은 아님, 뺄지는 교수님 결정",Camera 2 Video (9)_241|Camera 2 Video (9)_361,detect_seed,lsh,,none,,
blueberry,Camera 2 Video (9)_241,reviewed_260917,reviewed_260917,keep,,,reviewed,,,Camera 2 Video (9),b015,1,1,"같은 포기가 겹쳐 보이는 쌍(Camera 2 Video (9)_181 ↔ Camera 2 Video (9)_241) — «거의 같은 사진» 은 아님, 뺄지는 교수님 결정",Camera 2 Video (9)_181,detect_seed,lsh,,none,,bottom_5pct_ratio
blueberry,Camera 2 Video (9)_301,reviewed_260917,reviewed_260917,keep,,,reviewed,,,Camera 2 Video (9),bs0522,1,1,,,detect_seed,lsh,,none,,bottom_5pct_ratio
blueberry,Camera 2 Video (9)_361,reviewed_260917,reviewed_260917,keep,,,reviewed,,,Camera 2 Video (9),b015,1,1,,Camera 2 Video (9)_181,detect_seed,lsh,,none,,
blueberry,Camera 2 Video (9)_421,reviewed_260917,reviewed_260917,keep,,,reviewed,,,Camera 2 Video (9),b016,1,1,"같은 포기가 겹쳐 보이는 쌍(Camera 2 Video (9)_421 ↔ Camera 2 Video (9)_481) — «거의 같은 사진» 은 아님, 뺄지는 교수님 결정 [rule_undecided] 마른 주황 잎 위에 GT 덩어리 1개",Camera 2 Video (9)_481,detect_seed,lsh,,none,,bottom_5pct_ratio
blueberry,Camera 2 Video (9)_481,reviewed_260917,reviewed_260917,keep,,,reviewed,,,Camera 2 Video (9),b016,1,1,"같은 포기가 겹쳐 보이는 쌍(Camera 2 Video (9)_421 ↔ Camera 2 Video (9)_481) — «거의 같은 사진» 은 아님, 뺄지는 교수님 결정",Camera 2 Video (9)_421,detect_seed,lsh,,none,,bottom_5pct_ratio
blueberry,Camera 2 Video (9)_541,reviewed_260917,reviewed_260917,needs_human,,[사진 단위] GT 가 초점 밖 앞잎을 열매로 칠함 — 타당,ai,,,Camera 2 Video (9),bs0523,1,1,,,detect_seed,lsh,,none,,
blueberry,Camera 2 Video (9)_601,reviewed_260917,reviewed_260917,keep,,,reviewed,,,Camera 2 Video (9),bs0524,1,1,,,detect_seed,lsh,,none,,bottom_5pct_ratio
blueberry,Camera 2 Video (10)_1,reviewed_260917,reviewed_260917,keep,,,reviewed,,,Camera 2 Video (10),bs0352,1,1,,,detect_seed,lsh,,none,,
blueberry,Camera 2 Video (10)_61,reviewed_260917,reviewed_260917,keep,,,reviewed,,,Camera 2 Video (10),bs0358,1,1,,,detect_seed,lsh,,none,,
blueberry,Camera 2 Video (10)_121,reviewed_260917,reviewed_260917,keep,,,reviewed,,,Camera 2 Video (10),bs0353,1,1,,,detect_seed,lsh,,none,,bottom_5pct_ratio
blueberry,Camera 2 Video (10)_181,reviewed_260917,reviewed_260917,keep,,,reviewed,,,Camera 2 Video (10),bs0354,1,1,,,detect_seed,lsh,,none,,
blueberry,Camera 2 Video (10)_241,reviewed_260917,reviewed_260917,keep,,,reviewed,,,Camera 2 Video (10),bs0355,1,1,,,detect_seed,lsh,,none,,
blueberry,Camera 2 Video (10)_301,reviewed_260917,reviewed_260917,keep,,,reviewed,,,Camera 2 Video (10),bs0356,1,1,,,detect_seed,lsh,,none,,
blueberry,Camera 2 Video (10)_361,reviewed_260917,reviewed_260917,keep,,,reviewed,,,Camera 2 Video (10),bs0357,1,1,,,detect_seed,lsh,,none,,
blueberry,Camera 2 Video (11)_1,reviewed_260917,reviewed_260917,keep,,,reviewed,,,Camera 2 Video (11),bs0359,1,1,,,detect_seed,lsh,,none,,
blueberry,Camera 2 Video (11)_61,reviewed_260917,reviewed_260917,keep,,,reviewed,,,Camera 2 Video (11),bs0385,1,1,,,detect_seed,lsh,,none,,
blueberry,Camera 2 Video (11)_121,reviewed_260917,reviewed_260917,keep,,,reviewed,,,Camera 2 Video (11),bs0364,1,1,,,detect_seed,lsh,,none,,
blueberry,Camera 2 Video (11)_181,reviewed_260917,reviewed_260917,keep,,,reviewed,,,Camera 2 Video (11),bs0374,1,1,,,detect_seed,lsh,,none,,
blueberry,Camera 2 Video (11)_241,reviewed_260917,reviewed_260917,keep,,,reviewed,,,Camera 2 Video (11),bs0379,1,1,,,detect_seed,lsh,,none,,
blueberry,Camera 2 Video (11)_301,reviewed_260917,reviewed_260917,keep,,,reviewed,,,Camera 2 Video (11),bs0380,1,1,,,detect_seed,lsh,,none,,
blueberry,Camera 2 Video (11)_361,reviewed_260917,reviewed_260917,keep,,,reviewed,,,Camera 2 Video (11),bs0381,1,1,,,detect_seed,lsh,,none,,
blueberry,Camera 2 Video (11)_421,reviewed_260917,reviewed_260917,keep,,,reviewed,,,Camera 2 Video (11),bs0382,1,1,,,detect_seed,lsh,,none,,
blueberry,Camera 2 Video (11)_481,reviewed_260917,reviewed_260917,keep,,,reviewed,,,Camera 2 Video (11),bs0383,1,1,,,detect_seed,lsh,,none,,
blueberry,Camera 2 Video (11)_541,reviewed_260917,reviewed_260917,keep,,,reviewed,,,Camera 2 Video (11),b006,1,1,,Camera 2 Video (11)_1681,detect_seed,lsh,,none,,
blueberry,Camera 2 Video (11)_601,reviewed_260917,reviewed_260917,keep,,,reviewed,,,Camera 2 Video (11),bs0384,1,1,,,detect_seed,lsh,,none,,
blueberry,Camera 2 Video (11)_661,reviewed_260917,reviewed_260917,keep,,,reviewed,,,Camera 2 Video (11),bs0386,1,1,,,detect_seed,lsh,,none,,
blueberry,Camera 2 Video (11)_721,reviewed_260917,reviewed_260917,keep,,,reviewed,,,Camera 2 Video (11),bs0387,1,1,,,detect_seed,lsh,,none,,
blueberry,Camera 2 Video (11)_781,reviewed_260917,reviewed_260917,keep,,,reviewed,,,Camera 2 Video (11),bs0388,1,1,,,detect_seed,lsh,,none,,
blueberry,Camera 2 Video (11)_841,reviewed_260917,reviewed_260917,keep,,,reviewed,,,Camera 2 Video (11),bs0389,1,1,,,detect_seed,lsh,,none,,
blueberry,Camera 2 Video (11)_901,reviewed_260917,reviewed_260917,keep,,,reviewed,,,Camera 2 Video (11),bs0390,1,1,,,detect_seed,lsh,,none,,
blueberry,Camera 2 Video (11)_961,reviewed_260917,reviewed_260917,keep,,,reviewed,,,Camera 2 Video (11),bs0391,1,1,,,detect_seed,lsh,,none,,
blueberry,Camera 2 Video (11)_1021,reviewed_260917,reviewed_260917,keep,,,reviewed,,,Camera 2 Video (11),bs0360,1,1,,,detect_seed,lsh,,none,,
blueberry,Camera 2 Video (11)_1081,reviewed_260917,reviewed_260917,keep,,,reviewed,,,Camera 2 Video (11),bs0361,1,1,,,detect_seed,lsh,,none,,
blueberry,Camera 2 Video (11)_1141,reviewed_260917,reviewed_260917,keep,,,reviewed,,,Camera 2 Video (11),bs0362,1,1,,,detect_seed,lsh,,none,,
blueberry,Camera 2 Video (11)_1201,reviewed_260917,reviewed_260917,keep,,,reviewed,,,Camera 2 Video (11),bs0363,1,1,,,detect_seed,lsh,,none,,
blueberry,Camera 2 Video (11)_1261,reviewed_260917,reviewed_260917,keep,,,reviewed,,,Camera 2 Video (11),bs0365,1,1,,,detect_seed,lsh,,none,,
blueberry,Camera 2 Video (11)_1321,reviewed_260917,reviewed_260917,keep,,,reviewed,,,Camera 2 Video (11),bs0366,1,1,,,detect_seed,lsh,,none,,
blueberry,Camera 2 Video (11)_1381,reviewed_260917,reviewed_260917,keep,,,reviewed,,,Camera 2 Video (11),bs0367,1,1,,,detect_seed,lsh,,none,,
blueberry,Camera 2 Video (11)_1441,reviewed_260917,reviewed_260917,keep,,,reviewed,,,Camera 2 Video (11),bs0368,1,1,,,detect_seed,lsh,,none,,
blueberry,Camera 2 Video (11)_1501,reviewed_260917,reviewed_260917,keep,,,reviewed,,,Camera 2 Video (11),bs0369,1,1,,,detect_seed,lsh,,none,,
blueberry,Camera 2 Video (11)_1561,reviewed_260917,reviewed_260917,keep,,,reviewed,,,Camera 2 Video (11),bs0370,1,1,,,detect_seed,lsh,,none,,
blueberry,Camera 2 Video (11)_1621,reviewed_260917,reviewed_260917,keep,,,reviewed,,,Camera 2 Video (11),bs0371,1,1,,,detect_seed,lsh,,none,,
blueberry,Camera 2 Video (11)_1681,reviewed_260917,reviewed_260917,keep,,,reviewed,,,Camera 2 Video (11),b006,1,1,,Camera 2 Video (11)_541,detect_seed,lsh,,none,,
blueberry,Camera 2 Video (11)_1741,reviewed_260917,reviewed_260917,keep,,,reviewed,,,Camera 2 Video (11),bs0372,1,1,,,detect_seed,lsh,,none,,
blueberry,Camera 2 Video (11)_1801,reviewed_260917,reviewed_260917,keep,,,reviewed,,,Camera 2 Video (11),bs0373,1,1,,,detect_seed,lsh,,none,,
blueberry,Camera 2 Video (11)_1861,reviewed_260917,reviewed_260917,keep,,,reviewed,,,Camera 2 Video (11),bs0375,1,1,,,detect_seed,lsh,,none,,
blueberry,Camera 2 Video (11)_1921,reviewed_260917,reviewed_260917,keep,,,reviewed,,,Camera 2 Video (11),bs0376,1,1,,,detect_seed,lsh,,none,,
blueberry,Camera 2 Video (11)_1981,reviewed_260917,reviewed_260917,keep,,,reviewed,,,Camera 2 Video (11),bs0377,1,1,,,detect_seed,lsh,,none,,
blueberry,Camera 2 Video (11)_2041,reviewed_260917,reviewed_260917,keep,,,reviewed,,,Camera 2 Video (11),bs0378,1,1,,,detect_seed,lsh,,none,,
blueberry,Camera 2 Video (12)_1,reviewed_260917,reviewed_260917,keep,,,reviewed,,,Camera 2 Video (12),bs0392,1,1,,,detect_seed,lsh,,none,,
blueberry,Camera 2 Video (12)_61,reviewed_260917,reviewed_260917,keep,,,reviewed,,,Camera 2 Video (12),bs0402,1,1,,,detect_seed,lsh,,none,,
blueberry,Camera 2 Video (12)_121,reviewed_260917,reviewed_260917,keep,,,reviewed,,,Camera 2 Video (12),bs0393,1,1,,,detect_seed,lsh,,none,,
blueberry,Camera 2 Video (12)_181,reviewed_260917,reviewed_260917,keep,,,reviewed,,,Camera 2 Video (12),bs0394,1,1,,,detect_seed,lsh,,none,,
blueberry,Camera 2 Video (12)_241,reviewed_260917,reviewed_260917,keep,,,reviewed,,,Camera 2 Video (12),bs0395,1,1,,,detect_seed,lsh,,none,,
blueberry,Camera 2 Video (12)_301,reviewed_260917,reviewed_260917,keep,,,reviewed,,,Camera 2 Video (12),bs0396,1,1,,,detect_seed,lsh,,none,,
blueberry,Camera 2 Video (12)_361,reviewed_260917,reviewed_260917,keep,,,reviewed,,,Camera 2 Video (12),bs0397,1,1,,,detect_seed,lsh,,none,,
blueberry,Camera 2 Video (12)_421,reviewed_260917,reviewed_260917,keep,,,reviewed,,,Camera 2 Video (12),bs0398,1,1,,,detect_seed,lsh,,none,,
blueberry,Camera 2 Video (12)_481,reviewed_260917,reviewed_260917,keep,,,reviewed,,,Camera 2 Video (12),bs0399,1,1,,,detect_seed,lsh,,none,,
blueberry,Camera 2 Video (12)_541,reviewed_260917,reviewed_260917,keep,,,reviewed,,,Camera 2 Video (12),bs0400,1,1,,,detect_seed,lsh,,none,,
blueberry,Camera 2 Video (12)_601,reviewed_260917,reviewed_260917,keep,,,reviewed,,,Camera 2 Video (12),bs0401,1,1,,,detect_seed,lsh,,none,,
blueberry,Camera 2 Video (12)_661,reviewed_260917,reviewed_260917,keep,,,reviewed,,,Camera 2 Video (12),bs0403,1,1,,,detect_seed,lsh,,none,,
blueberry,Camera 2 Video (12)_721,reviewed_260917,reviewed_260917,keep,,,reviewed,,,Camera 2 Video (12),bs0404,1,1,,,detect_seed,lsh,,none,,
blueberry,Camera 2 Video (12)_781,reviewed_260917,reviewed_260917,keep,,,reviewed,,,Camera 2 Video (12),bs0405,1,1,,,detect_seed,lsh,,none,,
blueberry,Camera 2 Video (13)_1,reviewed_260917,reviewed_260917,keep,,,reviewed,,,Camera 2 Video (13),bs0406,1,1,,,detect_seed,lsh,,none,,
blueberry,Camera 2 Video (13)_61,reviewed_260917,reviewed_260917,keep,,,reviewed,,,Camera 2 Video (13),bs0412,1,1,,,detect_seed,lsh,,none,,
blueberry,Camera 2 Video (13)_121,reviewed_260917,reviewed_260917,keep,,,reviewed,,,Camera 2 Video (13),bs0407,1,1,,,detect_seed,lsh,,none,,
blueberry,Camera 2 Video (13)_181,reviewed_260917,reviewed_260917,keep,,,reviewed,,,Camera 2 Video (13),bs0408,1,1,,,detect_seed,lsh,,none,,
blueberry,Camera 2 Video (13)_241,reviewed_260917,reviewed_260917,keep,,,reviewed,,,Camera 2 Video (13),bs0409,1,1,,,detect_seed,lsh,,none,,
blueberry,Camera 2 Video (13)_301,reviewed_260917,reviewed_260917,keep,,,reviewed,,,Camera 2 Video (13),bs0410,1,1,,,detect_seed,lsh,,none,,
blueberry,Camera 2 Video (13)_361,reviewed_260917,reviewed_260917,keep,,,reviewed,,,Camera 2 Video (13),bs0411,1,1,,,detect_seed,lsh,,none,,
blueberry,Camera 2 Video (14)_1,reviewed_260917,reviewed_260917,keep,,,reviewed,,,Camera 2 Video (14),bs0413,1,1,,,detect_seed,lsh,,none,,
blueberry,Camera 2 Video (14)_61,reviewed_260917,reviewed_260917,keep,,,reviewed,,,Camera 2 Video (14),bs0418,1,1,,,detect_seed,lsh,,none,,
blueberry,Camera 2 Video (14)_121,reviewed_260917,reviewed_260917,keep,,,reviewed,,,Camera 2 Video (14),bs0414,1,1,,,detect_seed,lsh,,none,,
blueberry,Camera 2 Video (14)_181,reviewed_260917,reviewed_260917,keep,,,reviewed,,,Camera 2 Video (14),bs0415,1,1,,,detect_seed,lsh,,none,,
blueberry,Camera 2 Video (14)_241,reviewed_260917,reviewed_260917,keep,,,reviewed,,,Camera 2 Video (14),bs0416,1,1,,,detect_seed,lsh,,none,,
blueberry,Camera 2 Video (14)_301,reviewed_260917,reviewed_260917,keep,,,reviewed,,,Camera 2 Video (14),bs0417,1,1,,,detect_seed,lsh,,none,,
blueberry,Camera 2 Video (15)_1,reviewed_260917,reviewed_260917,keep,,,reviewed,,,Camera 2 Video (15),bs0419,1,1,,,detect_seed,lsh,,none,,
blueberry,Camera 2 Video (15)_61,reviewed_260917,reviewed_260917,keep,,,reviewed,,,Camera 2 Video (15),bs0421,1,1,,,detect_seed,lsh,,none,,
blueberry,Camera 2 Video (15)_121,reviewed_260917,reviewed_260917,keep,,,reviewed,,,Camera 2 Video (15),bs0420,1,1,,,detect_seed,lsh,,none,,
blueberry,Camera 2 Video (16)_1,reviewed_260917,reviewed_260917,keep,,,reviewed,,,Camera 2 Video (16),bs0422,1,1,,,detect_seed,lsh,,none,,
blueberry,Camera 2 Video (16)_61,reviewed_260917,reviewed_260917,keep,,,reviewed,,,Camera 2 Video (16),bs0424,1,1,,,detect_seed,lsh,,none,,
blueberry,Camera 2 Video (16)_121,reviewed_260917,reviewed_260917,keep,,,reviewed,,,Camera 2 Video (16),bs0423,1,1,"[candidate_unclear] 누락 후보 #221 bbox 1393,365,1439,444 — 초점 밖/작아서 판단 불가",,detect_seed,lsh,,none,,
blueberry,Camera 2 Video (17)_1,reviewed_260917,reviewed_260917,keep,,,reviewed,,,Camera 2 Video (17),b007,1,1,,Camera 2 Video (17)_61,detect_seed,lsh,,none,,
blueberry,Camera 2 Video (17)_61,reviewed_260917,reviewed_260917,keep,,,reviewed,,,Camera 2 Video (17),b007,1,1,,Camera 2 Video (17)_1,detect_seed,lsh,,none,,
blueberry,Camera 2 Video (17)_121,reviewed_260917,reviewed_260917,keep,,,reviewed,,,Camera 2 Video (17),bs0425,1,1,,,detect_seed,lsh,,none,,
blueberry,Camera 2 Video (17)_181,reviewed_260917,reviewed_260917,keep,,,reviewed,,,Camera 2 Video (17),bs0426,1,1,,,detect_seed,lsh,,none,,
blueberry,Camera 2 Video (17)_241,reviewed_260917,reviewed_260917,keep,,,reviewed,,,Camera 2 Video (17),bs0427,1,1,,,detect_seed,lsh,,none,,
blueberry,Camera 2 Video (17)_301,reviewed_260917,reviewed_260917,keep,,,reviewed,,,Camera 2 Video (17),bs0428,1,1,,,detect_seed,lsh,,none,,
blueberry,Camera 2 Video (17)_361,reviewed_260917,reviewed_260917,keep,,,reviewed,,,Camera 2 Video (17),bs0429,1,1,,,detect_seed,lsh,,none,,
blueberry,Camera 2 Video (18)_1,reviewed_260917,reviewed_260917,keep,,,reviewed,,,Camera 2 Video (18),bs0430,1,1,,,detect_seed,lsh,,none,,
blueberry,Camera 2 Video (18)_61,reviewed_260917,reviewed_260917,keep,,,reviewed,,,Camera 2 Video (18),bs0439,1,1,,,detect_seed,lsh,,none,,
blueberry,Camera 2 Video (18)_121,reviewed_260917,reviewed_260917,keep,,,reviewed,,,Camera 2 Video (18),bs0431,1,1,,,detect_seed,lsh,,none,,
blueberry,Camera 2 Video (18)_181,reviewed_260917,reviewed_260917,keep,,,reviewed,,,Camera 2 Video (18),bs0432,1,1,,,detect_seed,lsh,,none,,
blueberry,Camera 2 Video (18)_301,reviewed_260917,reviewed_260917,keep,,,reviewed,,,Camera 2 Video (18),bs0433,1,1,,,detect_seed,lsh,,none,,
blueberry,Camera 2 Video (18)_361,reviewed_260917,reviewed_260917,keep,,,reviewed,,,Camera 2 Video (18),bs0434,1,1,,,detect_seed,lsh,,none,,
blueberry,Camera 2 Video (18)_421,reviewed_260917,reviewed_260917,keep,,,reviewed,,,Camera 2 Video (18),bs0435,1,1,,,detect_seed,lsh,,none,,
blueberry,Camera 2 Video (18)_481,reviewed_260917,reviewed_260917,keep,,,reviewed,,,Camera 2 Video (18),bs0436,1,1,,,detect_seed,lsh,,none,,
blueberry,Camera 2 Video (18)_541,reviewed_260917,reviewed_260917,keep,,,reviewed,,,Camera 2 Video (18),bs0437,1,1,,,detect_seed,lsh,,none,,
blueberry,Camera 2 Video (18)_601,reviewed_260917,reviewed_260917,keep,,,reviewed,,,Camera 2 Video (18),bs0438,1,1,,,detect_seed,lsh,,none,,
blueberry,Camera 2 Video (19)_1,reviewed_260917,reviewed_260917,keep,,,reviewed,,,Camera 2 Video (19),bs0440,1,1,,,detect_seed,lsh,,none,,
blueberry,Camera 2 Video (19)_61,reviewed_260917,reviewed_260917,keep,,,reviewed,,,Camera 2 Video (19),bs0448,1,1,,,detect_seed,lsh,,none,,
blueberry,Camera 2 Video (19)_121,reviewed_260917,reviewed_260917,keep,,,reviewed,,,Camera 2 Video (19),bs0442,1,1,,,detect_seed,lsh,,none,,
blueberry,Camera 2 Video (19)_181,reviewed_260917,reviewed_260917,keep,,,reviewed,,,Camera 2 Video (19),bs0443,1,1,,,detect_seed,lsh,,none,,
blueberry,Camera 2 Video (19)_241,reviewed_260917,reviewed_260917,keep,,,reviewed,,,Camera 2 Video (19),bs0444,1,1,,,detect_seed,lsh,,none,,
blueberry,Camera 2 Video (19)_301,reviewed_260917,reviewed_260917,keep,,,reviewed,,,Camera 2 Video (19),bs0445,1,1,,,detect_seed,lsh,,none,,
blueberry,Camera 2 Video (19)_421,reviewed_260917,reviewed_260917,keep,,,reviewed,,,Camera 2 Video (19),bs0446,1,1,,,detect_seed,lsh,,none,,
blueberry,Camera 2 Video (19)_481,reviewed_260917,reviewed_260917,keep,,,reviewed,,,Camera 2 Video (19),bs0447,1,1,,,detect_seed,lsh,,none,,
blueberry,Camera 2 Video (19)_661,reviewed_260917,reviewed_260917,keep,,,reviewed,,,Camera 2 Video (19),bs0449,1,1,,,detect_seed,lsh,,none,,
blueberry,Camera 2 Video (19)_721,reviewed_260917,reviewed_260917,keep,,,reviewed,,,Camera 2 Video (19),bs0450,1,1,,,detect_seed,lsh,,none,,
blueberry,Camera 2 Video (19)_841,reviewed_260917,reviewed_260917,keep,,,reviewed,,,Camera 2 Video (19),bs0451,1,1,,,detect_seed,lsh,,none,,
blueberry,Camera 2 Video (19)_901,reviewed_260917,reviewed_260917,keep,,,reviewed,,,Camera 2 Video (19),bs0452,1,1,,,detect_seed,lsh,,none,,
blueberry,Camera 2 Video (19)_961,reviewed_260917,reviewed_260917,keep,,,reviewed,,,Camera 2 Video (19),b008,1,1,,Camera 2 Video (19)_1081,detect_seed,lsh,,none,,bottom_5pct_ratio
blueberry,Camera 2 Video (19)_1081,reviewed_260917,reviewed_260917,keep,,,reviewed,,,Camera 2 Video (19),b008,1,1,,Camera 2 Video (19)_961,detect_seed,lsh,,none,,
blueberry,Camera 2 Video (19)_1141,reviewed_260917,reviewed_260917,keep,,,reviewed,,,Camera 2 Video (19),bs0441,1,1,,,detect_seed,lsh,,none,,
blueberry,Camera 2 Video (21)_1,reviewed_260917,reviewed_260917,keep,,,reviewed,,,Camera 2 Video (21),bs0453,1,1,,,detect_seed,lsh,,none,,
blueberry,Camera 2 Video (21)_61,reviewed_260917,reviewed_260917,keep,,,reviewed,,,Camera 2 Video (21),bs0460,1,1,,,detect_seed,lsh,,none,,
blueberry,Camera 2 Video (21)_121,reviewed_260917,reviewed_260917,keep,,,reviewed,,,Camera 2 Video (21),bs0454,1,1,,,detect_seed,lsh,,none,,
blueberry,Camera 2 Video (21)_181,reviewed_260917,reviewed_260917,keep,,,reviewed,,,Camera 2 Video (21),bs0455,1,1,,,detect_seed,lsh,,none,,
blueberry,Camera 2 Video (21)_241,reviewed_260917,reviewed_260917,keep,,,reviewed,,,Camera 2 Video (21),b009,1,1,,Camera 2 Video (21)_301,detect_seed,lsh,,none,,
blueberry,Camera 2 Video (21)_301,reviewed_260917,reviewed_260917,keep,,,reviewed,,,Camera 2 Video (21),b009,1,1,,Camera 2 Video (21)_241,detect_seed,lsh,,none,,
blueberry,Camera 2 Video (21)_361,reviewed_260917,reviewed_260917,keep,,,reviewed,,,Camera 2 Video (21),bs0456,1,1,,,detect_seed,lsh,,none,,
blueberry,Camera 2 Video (21)_421,reviewed_260917,reviewed_260917,keep,,,reviewed,,,Camera 2 Video (21),bs0457,1,1,,,detect_seed,lsh,,none,,
blueberry,Camera 2 Video (21)_481,reviewed_260917,reviewed_260917,keep,,,reviewed,,,Camera 2 Video (21),bs0458,1,1,,,detect_seed,lsh,,none,,bottom_5pct_ratio
blueberry,Camera 2 Video (21)_541,reviewed_260917,reviewed_260917,keep,,,reviewed,,,Camera 2 Video (21),bs0459,1,1,,,detect_seed,lsh,,none,,
blueberry,Camera 2 Video (22)_1,reviewed_260917,reviewed_260917,keep,,,reviewed,,,Camera 2 Video (22),bs0461,1,1,,,detect_seed,lsh,,none,,
blueberry,Camera 2 Video (22)_61,reviewed_260917,reviewed_260917,keep,,,reviewed,,,Camera 2 Video (22),bs0466,1,1,,,detect_seed,lsh,,none,,
blueberry,Camera 2 Video (22)_121,reviewed_260917,reviewed_260917,keep,,,reviewed,,,Camera 2 Video (22),bs0462,1,1,,,detect_seed,lsh,,none,,
blueberry,Camera 2 Video (22)_181,reviewed_260917,reviewed_260917,keep,,,reviewed,,,Camera 2 Video (22),bs0463,1,1,,,detect_seed,lsh,,none,,
blueberry,Camera 2 Video (22)_241,reviewed_260917,reviewed_260917,keep,,,reviewed,,,Camera 2 Video (22),bs0464,1,1,,,detect_seed,lsh,,none,,
blueberry,Camera 2 Video (22)_301,reviewed_260917,reviewed_260917,keep,,,reviewed,,,Camera 2 Video (22),bs0465,1,1,,,detect_seed,lsh,,none,,
blueberry,Camera 2 Video (23)_1,reviewed_260917,reviewed_260917,keep,,,reviewed,,,Camera 2 Video (23),bs0467,1,1,,,detect_seed,lsh,,none,,
blueberry,Camera 2 Video (23)_61,reviewed_260917,reviewed_260917,keep,,,reviewed,,,Camera 2 Video (23),bs0472,1,1,,,detect_seed,lsh,,none,,
blueberry,Camera 2 Video (23)_121,reviewed_260917,reviewed_260917,keep,,,reviewed,,,Camera 2 Video (23),b010,1,1,,Camera 2 Video (23)_241,detect_seed,lsh,,none,,
blueberry,Camera 2 Video (23)_181,reviewed_260917,reviewed_260917,keep,,,reviewed,,,Camera 2 Video (23),bs0468,1,1,,,detect_seed,lsh,,none,,
blueberry,Camera 2 Video (23)_241,reviewed_260917,reviewed_260917,keep,,,reviewed,,,Camera 2 Video (23),b010,1,1,,Camera 2 Video (23)_121,detect_seed,lsh,,none,,
blueberry,Camera 2 Video (23)_301,reviewed_260917,reviewed_260917,keep,,,reviewed,,,Camera 2 Video (23),bs0469,1,1,,,detect_seed,lsh,,none,,
blueberry,Camera 2 Video (23)_361,reviewed_260917,reviewed_260917,keep,,,reviewed,,,Camera 2 Video (23),bs0470,1,1,,,detect_seed,lsh,,none,,
blueberry,Camera 2 Video (23)_481,reviewed_260917,reviewed_260917,keep,,,reviewed,,,Camera 2 Video (23),bs0471,1,1,,,detect_seed,lsh,,none,,
blueberry,Camera 2 Video (24)_1,reviewed_260917,reviewed_260917,keep,,,reviewed,,,Camera 2 Video (24),bs0473,1,1,,,detect_seed,lsh,,none,,
blueberry,Camera 2 Video (24)_61,reviewed_260917,reviewed_260917,keep,,,reviewed,,,Camera 2 Video (24),bs0475,1,1,,,detect_seed,lsh,,none,,
blueberry,Camera 2 Video (24)_121,reviewed_260917,reviewed_260917,keep,,,reviewed,,,Camera 2 Video (24),bs0474,1,1,,,detect_seed,lsh,,none,,
blueberry,Camera 2 Video (25)_1,reviewed_260917,reviewed_260917,keep,,,reviewed,,,Camera 2 Video (25),bs0476,1,1,,,detect_seed,lsh,,none,,
blueberry,Camera 2 Video (25)_61,reviewed_260917,reviewed_260917,keep,,,reviewed,,,Camera 2 Video (25),bs0480,1,1,,,detect_seed,lsh,,none,,
blueberry,Camera 2 Video (25)_121,reviewed_260917,reviewed_260917,keep,,,reviewed,,,Camera 2 Video (25),bs0477,1,1,,,detect_seed,lsh,,none,,
blueberry,Camera 2 Video (25)_181,reviewed_260917,reviewed_260917,keep,,,reviewed,,,Camera 2 Video (25),bs0478,1,1,,,detect_seed,lsh,,none,,
blueberry,Camera 2 Video (25)_241,reviewed_260917,reviewed_260917,keep,,,reviewed,,,Camera 2 Video (25),bs0479,1,1,,,detect_seed,lsh,,none,,
blueberry,Camera 2 Video (26)_61,reviewed_260917,reviewed_260917,keep,,,reviewed,,,Camera 2 Video (26),bs0487,1,1,,,detect_seed,lsh,,none,,
blueberry,Camera 2 Video (26)_121,reviewed_260917,reviewed_260917,keep,,,reviewed,,,Camera 2 Video (26),bs0481,1,1,,,detect_seed,lsh,,none,,
blueberry,Camera 2 Video (26)_181,reviewed_260917,reviewed_260917,keep,,,reviewed,,,Camera 2 Video (26),bs0482,1,1,,,detect_seed,lsh,,none,,
blueberry,Camera 2 Video (26)_241,reviewed_260917,reviewed_260917,keep,,,reviewed,,,Camera 2 Video (26),bs0483,1,1,,,detect_seed,lsh,,none,,bottom_5pct_ratio
blueberry,Camera 2 Video (26)_361,reviewed_260917,reviewed_260917,keep,,,reviewed,,,Camera 2 Video (26),bs0484,1,1,,,detect_seed,lsh,,none,,
blueberry,Camera 2 Video (26)_421,reviewed_260917,reviewed_260917,keep,,,reviewed,,,Camera 2 Video (26),bs0485,1,1,,,detect_seed,lsh,,none,,
blueberry,Camera 2 Video (26)_541,reviewed_260917,reviewed_260917,keep,,,reviewed,,,Camera 2 Video (26),bs0486,1,1,,,detect_seed,lsh,,none,,
blueberry,Camera 2 Video (28)_1,reviewed_260917,reviewed_260917,keep,,,reviewed,,,Camera 2 Video (28),bs0488,1,1,,,detect_seed,lsh,,none,,
blueberry,Camera 2 Video (28)_61,reviewed_260917,reviewed_260917,keep,,,reviewed,,,Camera 2 Video (28),bs0490,1,1,,,detect_seed,lsh,,none,,
blueberry,Camera 2 Video (28)_181,reviewed_260917,reviewed_260917,keep,,,reviewed,,,Camera 2 Video (28),bs0489,1,1,,,detect_seed,lsh,,none,,
blueberry,Camera 2 Video (29)_1,reviewed_260917,reviewed_260917,keep,,,reviewed,,,Camera 2 Video (29),bs0491,1,1,,,detect_seed,lsh,,none,,
blueberry,Camera 2 Video (29)_61,reviewed_260917,reviewed_260917,keep,,,reviewed,,,Camera 2 Video (29),bs0492,1,1,,,detect_seed,lsh,,none,,
blueberry,Camera 2 Video (30)_1,reviewed_260917,reviewed_260917,keep,,,reviewed,,,Camera 2 Video (30),bs0493,1,1,,,detect_seed,lsh,,none,,
blueberry,Camera 2 Video (30)_61,reviewed_260917,reviewed_260917,keep,,,reviewed,,,Camera 2 Video (30),bs0499,1,1,,,detect_seed,lsh,,none,,
blueberry,Camera 2 Video (30)_121,reviewed_260917,reviewed_260917,keep,,,reviewed,,,Camera 2 Video (30),bs0494,1,1,,,detect_seed,lsh,,none,,
blueberry,Camera 2 Video (30)_181,reviewed_260917,reviewed_260917,keep,,,reviewed,,,Camera 2 Video (30),bs0495,1,1,,,detect_seed,lsh,,none,,
blueberry,Camera 2 Video (30)_241,reviewed_260917,reviewed_260917,keep,,,reviewed,,,Camera 2 Video (30),bs0496,1,1,,,detect_seed,lsh,,none,,
blueberry,Camera 2 Video (30)_301,reviewed_260917,reviewed_260917,keep,,,reviewed,,,Camera 2 Video (30),bs0497,1,1,,,detect_seed,lsh,,none,,
blueberry,Camera 2 Video (30)_361,reviewed_260917,reviewed_260917,keep,,,reviewed,,,Camera 2 Video (30),bs0498,1,1,,,detect_seed,lsh,,none,,
blueberry,Camera 3 Video (1)_1,reviewed_260917,reviewed_260917,keep,,,reviewed,,,Camera 3 Video (1),bs0525,1,1,,,detect_seed,lsh,,none,,
blueberry,Camera 3 Video (1)_61,reviewed_260917,reviewed_260917,keep,,,reviewed,,,Camera 3 Video (1),b017,1,1,"같은 포기가 겹쳐 보이는 쌍(Camera 3 Video (1)_61 ↔ Camera 3 Video (1)_121) — «거의 같은 사진» 은 아님, 뺄지는 교수님 결정",Camera 3 Video (1)_121,detect_seed,lsh,,none,,
blueberry,Camera 3 Video (1)_121,reviewed_260917,reviewed_260917,keep,,,reviewed,,,Camera 3 Video (1),b017,1,1,"같은 포기가 겹쳐 보이는 쌍(Camera 3 Video (1)_61 ↔ Camera 3 Video (1)_121) — «거의 같은 사진» 은 아님, 뺄지는 교수님 결정",Camera 3 Video (1)_61,detect_seed,lsh,,none,,
blueberry,Camera 3 Video (1)_181,reviewed_260917,reviewed_260917,keep,,,reviewed,,,Camera 3 Video (1),bs0526,1,1,"[candidate_unclear] 누락 후보 #232 bbox 0,862,63,925 — 초점 밖/작아서 판단 불가 [마른 꽃부리 후보 — 열매에 포함할지 규칙 미정]",,detect_seed,lsh,,none,,
blueberry,Camera 3 Video (1)_241,reviewed_260917,reviewed_260917,keep,,,reviewed,,,Camera 3 Video (1),bs0527,1,1,,,detect_seed,lsh,,none,,
blueberry,Camera 3 Video (2)_241,reviewed_260917,reviewed_260917,keep,,,reviewed,,,Camera 3 Video (2),bs0686,1,1,,,detect_seed,lsh,,none,,
blueberry,Camera 3 Video (3)_61,reviewed_260917,reviewed_260917,keep,,,reviewed,,,Camera 3 Video (3),bs0706,1,1,,,detect_seed,lsh,,none,,
blueberry,Camera 3 Video (3)_121,reviewed_260917,reviewed_260917,keep,,,reviewed,,,Camera 3 Video (3),bs0705,1,1,"[candidate_unclear] 누락 후보 #77 bbox 177,583,272,683 — 초점 밖/작아서 판단 불가",,detect_seed,lsh,,none,,
blueberry,Camera 3 Video (4)_181,reviewed_260917,reviewed_260917,keep,,,reviewed,,,Camera 3 Video (4),bs0727,1,1,,,detect_seed,lsh,,none,,
blueberry,Camera 3 Video (6)_61,reviewed_260917,reviewed_260917,keep,,,reviewed,,,Camera 3 Video (6),bs0767,1,1,,,detect_seed,lsh,,none,,
blueberry,Camera 3 Video (6)_121,reviewed_260917,reviewed_260917,keep,,,reviewed,,,Camera 3 Video (6),bs0762,1,1,,,detect_seed,lsh,,none,,
blueberry,Camera 3 Video (6)_181,reviewed_260917,reviewed_260917,keep,,,reviewed,,,Camera 3 Video (6),bs0763,1,1,,,detect_seed,lsh,,none,,
blueberry,Camera 3 Video (6)_241,reviewed_260917,reviewed_260917,keep,,,reviewed,,,Camera 3 Video (6),bs0764,1,1,,,detect_seed,lsh,,none,,
blueberry,Camera 3 Video (6)_541,reviewed_260917,reviewed_260917,keep,,,reviewed,,,Camera 3 Video (6),bs0765,1,1,,,detect_seed,lsh,,none,,
blueberry,Camera 3 Video (6)_601,reviewed_260917,reviewed_260917,keep,,,reviewed,,,Camera 3 Video (6),bs0766,1,1,,,detect_seed,lsh,,none,,
blueberry,Camera 3 Video (6)_841,reviewed_260917,reviewed_260917,keep,,,reviewed,,,Camera 3 Video (6),bs0768,1,1,,,detect_seed,lsh,,none,,
blueberry,Camera 3 Video (7)_121,reviewed_260917,reviewed_260917,keep,,,reviewed,,,Camera 3 Video (7),bs0801,1,1,,,detect_seed,lsh,,none,,
blueberry,Camera 3 Video (7)_181,reviewed_260917,reviewed_260917,keep,,,reviewed,,,Camera 3 Video (7),bs0802,1,1,,,detect_seed,lsh,,none,,
blueberry,Camera 3 Video (7)_241,reviewed_260917,reviewed_260917,keep,,,reviewed,,,Camera 3 Video (7),bs0803,1,1,,,detect_seed,lsh,,none,,
blueberry,Camera 3 Video (7)_301,reviewed_260917,reviewed_260917,keep,,,reviewed,,,Camera 3 Video (7),bs0804,1,1,,,detect_seed,lsh,,none,,
blueberry,Camera 3 Video (7)_361,reviewed_260917,reviewed_260917,keep,,,reviewed,,,Camera 3 Video (7),bs0805,1,1,,,detect_seed,lsh,,none,,
blueberry,Camera 3 Video (8)_1,reviewed_260917,reviewed_260917,keep,,,reviewed,,,Camera 3 Video (8),bs0865,1,1,,,detect_seed,lsh,,none,,
blueberry,Camera 3 Video (8)_61,reviewed_260917,reviewed_260917,keep,,,reviewed,,,Camera 3 Video (8),bs0867,1,1,,,detect_seed,lsh,,none,,
blueberry,Camera 3 Video (8)_121,reviewed_260917,reviewed_260917,keep,,,reviewed,,,Camera 3 Video (8),bs0866,1,1,,,detect_seed,lsh,,none,,
blueberry,Camera 3 Video (9)_1,reviewed_260917,reviewed_260917,keep,,,reviewed,,,Camera 3 Video (9),bs0906,1,1,[마른 꽃부리 후보 — 열매에 포함할지 규칙 미정],,detect_seed,lsh,,none,,
blueberry,Camera 3 Video (9)_61,reviewed_260917,reviewed_260917,keep,,,reviewed,,,Camera 3 Video (9),bs0910,1,1,,,detect_seed,lsh,,none,,
blueberry,Camera 3 Video (9)_121,reviewed_260917,reviewed_260917,keep,,,reviewed,,,Camera 3 Video (9),bs0907,1,1,,,detect_seed,lsh,,none,,
blueberry,Camera 3 Video (9)_241,reviewed_260917,reviewed_260917,keep,,,reviewed,,,Camera 3 Video (9),bs0908,1,1,,,detect_seed,lsh,,none,,
blueberry,Camera 3 Video (9)_361,reviewed_260917,reviewed_260917,keep,,,reviewed,,,Camera 3 Video (9),bs0909,1,1,,,detect_seed,lsh,,none,,
blueberry,Camera 3 Video (10)_1,reviewed_260917,reviewed_260917,keep,,,reviewed,,,Camera 3 Video (10),bs0528,1,1,"같은 포기가 겹쳐 보이는 쌍(Camera 3 Video (10)_1 ↔ Camera 3 Video (10)_61) — «거의 같은 사진» 은 아님, 뺄지는 교수님 결정 [마른 꽃부리 후보 — 열매에 포함할지 규칙 미정]",,detect_seed,lsh,,none,,
blueberry,Camera 3 Video (10)_61,reviewed_260917,reviewed_260917,keep,,,reviewed,,,Camera 3 Video (10),bs0531,1,1,"같은 포기가 겹쳐 보이는 쌍(Camera 3 Video (10)_1 ↔ Camera 3 Video (10)_61) — «거의 같은 사진» 은 아님, 뺄지는 교수님 결정 [마른 꽃부리 후보 — 열매에 포함할지 규칙 미정]",,detect_seed,lsh,,none,,
blueberry,Camera 3 Video (10)_181,reviewed_260917,reviewed_260917,keep,,,reviewed,,,Camera 3 Video (10),bs0529,1,1,,,detect_seed,lsh,,none,,
blueberry,Camera 3 Video (10)_241,reviewed_260917,reviewed_260917,keep,,,reviewed,,,Camera 3 Video (10),bs0530,1,1,,,detect_seed,lsh,,none,,
blueberry,Camera 3 Video (11)_1,reviewed_260917,reviewed_260917,keep,,,reviewed,,,Camera 3 Video (11),bs0553,1,1,,,detect_seed,lsh,,none,,
blueberry,Camera 3 Video (11)_61,reviewed_260917,reviewed_260917,keep,,,reviewed,,,Camera 3 Video (11),bs0554,1,1,"[candidate_unclear] 누락 후보 #224 bbox 1151,33,1223,87 — 초점 밖/작아서 판단 불가",,detect_seed,lsh,,none,,
blueberry,Camera 3 Video (13)_1,reviewed_260917,reviewed_260917,keep,,,reviewed,,,Camera 3 Video (13),bs0654,1,1,,,detect_seed,lsh,,none,,
blueberry,Camera 3 Video (13)_61,reviewed_260917,reviewed_260917,keep,,,reviewed,,,Camera 3 Video (13),b023,1,1,[마른 꽃부리 후보 — 열매에 포함할지 규칙 미정],Camera 3 Video (13)_121,detect_seed,lsh,,none,,
blueberry,Camera 3 Video (13)_121,reviewed_260917,reviewed_260917,keep,,,reviewed,,,Camera 3 Video (13),b023,1,1,[마른 꽃부리 후보 — 열매에 포함할지 규칙 미정],Camera 3 Video (13)_61,detect_seed,lsh,,none,,
blueberry,Camera 3 Video (13)_181,reviewed_260917,reviewed_260917,keep,,,reviewed,,,Camera 3 Video (13),bs0655,1,1,[마른 꽃부리 후보 — 열매에 포함할지 규칙 미정],,detect_seed,lsh,,none,,
blueberry,Camera 3 Video (13)_241,reviewed_260917,reviewed_260917,keep,,,reviewed,,,Camera 3 Video (13),bs0656,1,1,[마른 꽃부리 후보 — 열매에 포함할지 규칙 미정],,detect_seed,lsh,,none,,
blueberry,Camera 3 Video (13)_301,reviewed_260917,reviewed_260917,keep,,,reviewed,,,Camera 3 Video (13),bs0657,1,1,,,detect_seed,lsh,,none,,
blueberry,Camera 3 Video (13)_361,reviewed_260917,reviewed_260917,keep,,,reviewed,,,Camera 3 Video (13),b024,1,1,"같은 포기가 겹쳐 보이는 쌍(Camera 3 Video (13)_421 ↔ Camera 3 Video (13)_361) — «거의 같은 사진» 은 아님, 뺄지는 교수님 결정",Camera 3 Video (13)_421,detect_seed,lsh,,none,,
blueberry,Camera 3 Video (13)_421,reviewed_260917,reviewed_260917,keep,,,reviewed,,,Camera 3 Video (13),b024,1,1,"같은 포기가 겹쳐 보이는 쌍(Camera 3 Video (13)_421 ↔ Camera 3 Video (13)_361) — «거의 같은 사진» 은 아님, 뺄지는 교수님 결정",Camera 3 Video (13)_361|Camera 3 Video (13)_541,detect_seed,lsh,,none,,
blueberry,Camera 3 Video (13)_481,reviewed_260917,reviewed_260917,keep,,,reviewed,,,Camera 3 Video (13),bs0658,1,1,"[candidate_unclear] 누락 후보 #161 bbox 48,1289,101,1375 — 초점 밖/작아서 판단 불가",,detect_seed,lsh,,none,,
blueberry,Camera 3 Video (13)_541,reviewed_260917,reviewed_260917,keep,,,reviewed,,,Camera 3 Video (13),b024,1,1,,Camera 3 Video (13)_421,detect_seed,lsh,,none,,
blueberry,Camera 3 Video (13)_601,reviewed_260917,reviewed_260917,keep,,,reviewed,,,Camera 3 Video (13),b025,1,1,"같은 포기가 겹쳐 보이는 쌍(Camera 3 Video (13)_601 ↔ Camera 3 Video (13)_661) — «거의 같은 사진» 은 아님, 뺄지는 교수님 결정",Camera 3 Video (13)_661,detect_seed,lsh,,none,,
blueberry,Camera 3 Video (13)_661,reviewed_260917,reviewed_260917,keep,,,reviewed,,,Camera 3 Video (13),b025,1,1,"같은 포기가 겹쳐 보이는 쌍(Camera 3 Video (13)_601 ↔ Camera 3 Video (13)_661) — «거의 같은 사진» 은 아님, 뺄지는 교수님 결정",Camera 3 Video (13)_601,detect_seed,lsh,,none,,
blueberry,Camera 3 Video (13)_721,reviewed_260917,reviewed_260917,keep,,,reviewed,,,Camera 3 Video (13),bs0659,1,1,[마른 꽃부리 후보 — 열매에 포함할지 규칙 미정],,detect_seed,lsh,,none,,
blueberry,Camera 3 Video (13)_781,reviewed_260917,reviewed_260917,keep,,,reviewed,,,Camera 3 Video (13),bs0660,1,1,,,detect_seed,lsh,,none,,
blueberry,Camera 3 Video (14)_1,reviewed_260917,reviewed_260917,keep,,,reviewed,,,Camera 3 Video (14),b026,1,1,"같은 포기가 겹쳐 보이는 쌍(Camera 3 Video (14)_1 ↔ Camera 3 Video (14)_61 ↔ Camera 3 Video (14)_121) — «거의 같은 사진» 은 아님, 뺄지는 교수님 결정",Camera 3 Video (14)_121,detect_seed,lsh,,none,,bottom_5pct_ratio
blueberry,Camera 3 Video (14)_61,-,-,excluded_duplicate,reviewed_duplicate,거의 같은 사진(대표 Camera 3 Video (14)_1 만 남김),ai,,,Camera 3 Video (14),b026,0,0,"같은 포기가 겹쳐 보이는 쌍(Camera 3 Video (14)_1 ↔ Camera 3 Video (14)_61 ↔ Camera 3 Video (14)_121) — «거의 같은 사진» 은 아님, 뺄지는 교수님 결정",,none,none,,none,,
blueberry,Camera 3 Video (14)_121,reviewed_260917,reviewed_260917,keep,,,reviewed,,,Camera 3 Video (14),b026,1,1,"같은 포기가 겹쳐 보이는 쌍(Camera 3 Video (14)_1 ↔ Camera 3 Video (14)_61 ↔ Camera 3 Video (14)_121) — «거의 같은 사진» 은 아님, 뺄지는 교수님 결정",Camera 3 Video (14)_1,detect_seed,lsh,,none,,
blueberry,Camera 3 Video (14)_181,reviewed_260917,reviewed_260917,keep,,,reviewed,,,Camera 3 Video (14),bs0661,1,1,,,detect_seed,lsh,,none,,bottom_5pct_ratio
blueberry,Camera 3 Video (14)_241,reviewed_260917,reviewed_260917,keep,,,reviewed,,,Camera 3 Video (14),bs0662,1,1,,,detect_seed,lsh,,none,,
blueberry,Camera 3 Video (15)_1,reviewed_260917,reviewed_260917,keep,,,reviewed,,,Camera 3 Video (15),bs0663,1,1,,,detect_seed,lsh,,none,,
blueberry,Camera 3 Video (15)_61,reviewed_260917,reviewed_260917,keep,,,reviewed,,,Camera 3 Video (15),b027,1,1,,Camera 3 Video (15)_121,detect_seed,lsh,,none,,
blueberry,Camera 3 Video (15)_121,reviewed_260917,reviewed_260917,keep,,,reviewed,,,Camera 3 Video (15),b027,1,1,,Camera 3 Video (15)_61,detect_seed,lsh,,none,,
blueberry,Camera 3 Video (15)_181,reviewed_260917,reviewed_260917,keep,,,reviewed,,,Camera 3 Video (15),bs0664,1,1,[마른 꽃부리 후보 — 열매에 포함할지 규칙 미정],,detect_seed,lsh,,none,,
blueberry,Camera 3 Video (15)_241,reviewed_260917,reviewed_260917,keep,,,reviewed,,,Camera 3 Video (15),bs0665,1,1,[마른 꽃부리 후보 — 열매에 포함할지 규칙 미정],,detect_seed,lsh,,none,,
blueberry,Camera 3 Video (15)_301,reviewed_260917,reviewed_260917,keep,,,reviewed,,,Camera 3 Video (15),bs0666,1,1,[마른 꽃부리 후보 — 열매에 포함할지 규칙 미정],,detect_seed,lsh,,none,,
blueberry,Camera 3 Video (15)_361,reviewed_260917,reviewed_260917,keep,,,reviewed,,,Camera 3 Video (15),bs0667,1,1,,,detect_seed,lsh,,none,,
blueberry,Camera 3 Video (15)_421,reviewed_260917,reviewed_260917,keep,,,reviewed,,,Camera 3 Video (15),bs0668,1,1,,,detect_seed,lsh,,none,,
blueberry,Camera 3 Video (15)_481,reviewed_260917,reviewed_260917,keep,,,reviewed,,,Camera 3 Video (15),bs0669,1,1,,,detect_seed,lsh,,none,,
blueberry,Camera 3 Video (16)_1,reviewed_260917,reviewed_260917,keep,,,reviewed,,,Camera 3 Video (16),b028,1,1,"같은 포기가 겹쳐 보이는 쌍(Camera 3 Video (16)_1 ↔ Camera 3 Video (16)_61) — «거의 같은 사진» 은 아님, 뺄지는 교수님 결정 [마른 꽃부리 후보 — 열매에 포함할지 규칙 미정]",,detect_seed,lsh,,none,,
blueberry,Camera 3 Video (16)_61,-,-,excluded_duplicate,reviewed_duplicate,거의 같은 사진(대표 Camera 3 Video (16)_1 만 남김),ai,,,Camera 3 Video (16),b028,0,0,"같은 포기가 겹쳐 보이는 쌍(Camera 3 Video (16)_1 ↔ Camera 3 Video (16)_61) — «거의 같은 사진» 은 아님, 뺄지는 교수님 결정 [마른 꽃부리 후보 — 열매에 포함할지 규칙 미정]",,none,none,,none,,
blueberry,Camera 3 Video (16)_121,reviewed_260917,reviewed_260917,keep,,,reviewed,,,Camera 3 Video (16),bs0670,1,1,,,detect_seed,lsh,,none,,
blueberry,Camera 3 Video (16)_181,reviewed_260917,reviewed_260917,keep,,,reviewed,,,Camera 3 Video (16),bs0671,1,1,"같은 포기가 겹쳐 보이는 쌍(Camera 3 Video (16)_181 ↔ Camera 3 Video (16)_241) — «거의 같은 사진» 은 아님, 뺄지는 교수님 결정 [마른 꽃부리 후보 — 열매에 포함할지 규칙 미정]",,detect_seed,lsh,,none,,
blueberry,Camera 3 Video (16)_241,reviewed_260917,reviewed_260917,keep,,,reviewed,,,Camera 3 Video (16),bs0672,1,1,"같은 포기가 겹쳐 보이는 쌍(Camera 3 Video (16)_181 ↔ Camera 3 Video (16)_241) — «거의 같은 사진» 은 아님, 뺄지는 교수님 결정",,detect_seed,lsh,,none,,
blueberry,Camera 3 Video (16)_301,reviewed_260917,reviewed_260917,keep,,,reviewed,,,Camera 3 Video (16),bs0673,1,1,[마른 꽃부리 후보 — 열매에 포함할지 규칙 미정],,detect_seed,lsh,,none,,
blueberry,Camera 3 Video (16)_361,reviewed_260917,reviewed_260917,keep,,,reviewed,,,Camera 3 Video (16),bs0674,1,1,,,detect_seed,lsh,,none,,
blueberry,Camera 3 Video (17)_1,reviewed_260917,reviewed_260917,keep,,,reviewed,,,Camera 3 Video (17),b029,1,1,[마른 꽃부리 후보 — 열매에 포함할지 규칙 미정],Camera 3 Video (17)_61,detect_seed,lsh,,none,,
blueberry,Camera 3 Video (17)_61,reviewed_260917,reviewed_260917,keep,,,reviewed,,,Camera 3 Video (17),b029,1,1,,Camera 3 Video (17)_1,detect_seed,lsh,,none,,
blueberry,Camera 3 Video (17)_121,reviewed_260917,reviewed_260917,keep,,,reviewed,,,Camera 3 Video (17),b030,1,1,"같은 포기가 겹쳐 보이는 쌍(Camera 3 Video (17)_241 ↔ Camera 3 Video (17)_121 ↔ Camera 3 Video (17)_181) — «거의 같은 사진» 은 아님, 뺄지는 교수님 결정 [마른 꽃부리 후보 — 열매에 포함할지 규칙 미정]",Camera 3 Video (17)_181,detect_seed,lsh,,none,,
blueberry,Camera 3 Video (17)_181,reviewed_260917,reviewed_260917,keep,,,reviewed,,,Camera 3 Video (17),b030,1,1,"같은 포기가 겹쳐 보이는 쌍(Camera 3 Video (17)_241 ↔ Camera 3 Video (17)_121 ↔ Camera 3 Video (17)_181) — «거의 같은 사진» 은 아님, 뺄지는 교수님 결정 [마른 꽃부리 후보 — 열매에 포함할지 규칙 미정]",Camera 3 Video (17)_121,detect_seed,lsh,,none,,
blueberry,Camera 3 Video (17)_241,-,-,excluded_duplicate,reviewed_duplicate,거의 같은 사진(대표 Camera 3 Video (17)_121 만 남김),ai,,,Camera 3 Video (17),b030,0,0,"같은 포기가 겹쳐 보이는 쌍(Camera 3 Video (17)_241 ↔ Camera 3 Video (17)_121 ↔ Camera 3 Video (17)_181) — «거의 같은 사진» 은 아님, 뺄지는 교수님 결정 [마른 꽃부리 후보 — 열매에 포함할지 규칙 미정]",,none,none,,none,,
blueberry,Camera 3 Video (18)_1,reviewed_260917,reviewed_260917,keep,,,reviewed,,,Camera 3 Video (18),b031,1,1,,Camera 3 Video (18)_121,detect_seed,lsh,,none,,
blueberry,Camera 3 Video (18)_61,reviewed_260917,reviewed_260917,keep,,,reviewed,,,Camera 3 Video (18),bs0683,1,1,,,detect_seed,lsh,,none,,
blueberry,Camera 3 Video (18)_121,reviewed_260917,reviewed_260917,keep,,,reviewed,,,Camera 3 Video (18),b031,1,1,,Camera 3 Video (18)_1,detect_seed,lsh,,none,,
blueberry,Camera 3 Video (18)_181,reviewed_260917,reviewed_260917,keep,,,reviewed,,,Camera 3 Video (18),bs0675,1,1,[rule_undecided] 4분할 확대(sheets/zoom/C3V18_181.jpg)로 재확인. 1차가 «왼쪽 아래 파란 익은 열매 1알 누락» 이라 한 열매는 실제로는 GT 에 칠해져 있음(1차 근거는 틀림). 대신 왼쪽 위의 초록 어린 열매 한 뭉치가 GT 에 없음 — 이건 «어린 초록 열매를 칠할 것인가» 규칙 문제,,detect_seed,lsh,,none,,
blueberry,Camera 3 Video (18)_241,reviewed_260917,reviewed_260917,keep,,,reviewed,,,Camera 3 Video (18),bs0676,1,1,,,detect_seed,lsh,,none,,
blueberry,Camera 3 Video (18)_301,reviewed_260917,reviewed_260917,keep,,,reviewed,,,Camera 3 Video (18),bs0677,1,1,,,detect_seed,lsh,,none,,
blueberry,Camera 3 Video (18)_361,reviewed_260917,reviewed_260917,keep,,,reviewed,,,Camera 3 Video (18),bs0678,1,1,[마른 꽃부리 후보 — 열매에 포함할지 규칙 미정],,detect_seed,lsh,,none,,
blueberry,Camera 3 Video (18)_421,reviewed_260917,reviewed_260917,keep,,,reviewed,,,Camera 3 Video (18),bs0679,1,1,,,detect_seed,lsh,,none,,
blueberry,Camera 3 Video (18)_481,reviewed_260917,reviewed_260917,keep,,,reviewed,,,Camera 3 Video (18),bs0680,1,1,,,detect_seed,lsh,,none,,
blueberry,Camera 3 Video (18)_541,reviewed_260917,reviewed_260917,keep,,,reviewed,,,Camera 3 Video (18),bs0681,1,1,,,detect_seed,lsh,,none,,
blueberry,Camera 3 Video (18)_601,reviewed_260917,reviewed_260917,keep,,,reviewed,,,Camera 3 Video (18),bs0682,1,1,"[candidate_unclear] 누락 후보 #206 bbox 668,1251,737,1314 — 초점 밖/작아서 판단 불가 [마른 꽃부리 후보 — 열매에 포함할지 규칙 미정]",,detect_seed,lsh,,none,,
blueberry,Camera 3 Video (19)_1,reviewed_260917,reviewed_260917,keep,,,reviewed,,,Camera 3 Video (19),bs0684,1,1,,,detect_seed,lsh,,none,,
blueberry,Camera 3 Video (19)_61,reviewed_260917,reviewed_260917,keep,,,reviewed,,,Camera 3 Video (19),bs0685,1,1,,,detect_seed,lsh,,none,,
blueberry,Camera 3 Video (20)_1,reviewed_260917,reviewed_260917,keep,,,reviewed,,,Camera 3 Video (20),b032,1,1,,Camera 3 Video (20)_61,detect_seed,lsh,,none,,
blueberry,Camera 3 Video (20)_61,reviewed_260917,reviewed_260917,keep,,,reviewed,,,Camera 3 Video (20),b032,1,1,[마른 꽃부리 후보 — 열매에 포함할지 규칙 미정],Camera 3 Video (20)_1,detect_seed,lsh,,none,,
blueberry,Camera 3 Video (20)_121,reviewed_260917,reviewed_260917,keep,,,reviewed,,,Camera 3 Video (20),bs0687,1,1,,,detect_seed,lsh,,none,,
blueberry,Camera 3 Video (20)_181,reviewed_260917,reviewed_260917,keep,,,reviewed,,,Camera 3 Video (20),bs0688,1,1,,,detect_seed,lsh,,none,,
blueberry,Camera 3 Video (20)_241,reviewed_260917,reviewed_260917,keep,,,reviewed,,,Camera 3 Video (20),bs0689,1,1,,,detect_seed,lsh,,none,,
blueberry,Camera 3 Video (21)_1,reviewed_260917,reviewed_260917,keep,,,reviewed,,,Camera 3 Video (21),bs0690,1,1,,,detect_seed,lsh,,none,,
blueberry,Camera 3 Video (21)_61,reviewed_260917,reviewed_260917,keep,,,reviewed,,,Camera 3 Video (21),bs0692,1,1,,,detect_seed,lsh,,none,,
blueberry,Camera 3 Video (21)_121,reviewed_260917,reviewed_260917,keep,,,reviewed,,,Camera 3 Video (21),b033,1,1,,Camera 3 Video (21)_301,detect_seed,lsh,,none,,
blueberry,Camera 3 Video (21)_181,reviewed_260917,reviewed_260917,keep,,,reviewed,,,Camera 3 Video (21),b034,1,1,,Camera 3 Video (21)_241,detect_seed,lsh,,none,,
blueberry,Camera 3 Video (21)_241,reviewed_260917,reviewed_260917,keep,,,reviewed,,,Camera 3 Video (21),b034,1,1,,Camera 3 Video (21)_181,detect_seed,lsh,,none,,
blueberry,Camera 3 Video (21)_301,reviewed_260917,reviewed_260917,keep,,,reviewed,,,Camera 3 Video (21),b033,1,1,,Camera 3 Video (21)_121,detect_seed,lsh,,none,,
blueberry,Camera 3 Video (21)_361,reviewed_260917,reviewed_260917,keep,,,reviewed,,,Camera 3 Video (21),b035,1,1,"같은 포기가 겹쳐 보이는 쌍(Camera 3 Video (21)_361 ↔ Camera 3 Video (21)_421) — «거의 같은 사진» 은 아님, 뺄지는 교수님 결정",,detect_seed,lsh,,none,,
blueberry,Camera 3 Video (21)_421,-,-,excluded_duplicate,reviewed_duplicate,거의 같은 사진(대표 Camera 3 Video (21)_361 만 남김),ai,,,Camera 3 Video (21),b035,0,0,"같은 포기가 겹쳐 보이는 쌍(Camera 3 Video (21)_361 ↔ Camera 3 Video (21)_421) — «거의 같은 사진» 은 아님, 뺄지는 교수님 결정 [duplicate_unclear] Camera 3 Video (21)_481 와 같은 구역인지 불확실 (ORB 겹침 0.4896)",,none,none,,none,,
blueberry,Camera 3 Video (21)_481,reviewed_260917,reviewed_260917,keep,,,reviewed,,,Camera 3 Video (21),bs0691,1,1,,,detect_seed,lsh,,none,,
blueberry,Camera 3 Video (22)_1,reviewed_260917,reviewed_260917,keep,,,reviewed,,,Camera 3 Video (22),b036,1,1,"같은 포기가 겹쳐 보이는 쌍(Camera 3 Video (22)_61 ↔ Camera 3 Video (22)_1) — «거의 같은 사진» 은 아님, 뺄지는 교수님 결정",,detect_seed,lsh,,none,,
blueberry,Camera 3 Video (22)_61,-,-,excluded_duplicate,reviewed_duplicate,거의 같은 사진(대표 Camera 3 Video (22)_1 만 남김),ai,,,Camera 3 Video (22),b036,0,0,"같은 포기가 겹쳐 보이는 쌍(Camera 3 Video (22)_61 ↔ Camera 3 Video (22)_1) — «거의 같은 사진» 은 아님, 뺄지는 교수님 결정 [candidate_unclear] 누락 후보 #156 bbox 768,471,854,539 — 초점 밖/작아서 판단 불가",,none,none,,none,,
blueberry,Camera 3 Video (22)_121,reviewed_260917,reviewed_260917,keep,,,reviewed,,,Camera 3 Video (22),bs0693,1,1,"[candidate_unclear] 누락 후보 #106 bbox 1311,790,1431,846 — 초점 밖/작아서 판단 불가",,detect_seed,lsh,,none,,
blueberry,Camera 3 Video (23)_1,reviewed_260917,reviewed_260917,keep,,,reviewed,,,Camera 3 Video (23),bs0694,1,1,,,detect_seed,lsh,,none,,
blueberry,Camera 3 Video (23)_61,reviewed_260917,reviewed_260917,keep,,,reviewed,,,Camera 3 Video (23),bs0696,1,1,,,detect_seed,lsh,,none,,
blueberry,Camera 3 Video (23)_181,reviewed_260917,reviewed_260917,keep,,,reviewed,,,Camera 3 Video (23),bs0695,1,1,[마른 꽃부리 후보 — 열매에 포함할지 규칙 미정],,detect_seed,lsh,,none,,
blueberry,Camera 3 Video (25)_1,reviewed_260917,reviewed_260917,keep,,,reviewed,,,Camera 3 Video (25),bs0697,1,1,,,detect_seed,lsh,,none,,
blueberry,Camera 3 Video (25)_121,reviewed_260917,reviewed_260917,keep,,,reviewed,,,Camera 3 Video (25),b037,1,1,,Camera 3 Video (25)_181,detect_seed,lsh,,none,,
blueberry,Camera 3 Video (25)_181,reviewed_260917,reviewed_260917,keep,,,reviewed,,,Camera 3 Video (25),b037,1,1,,Camera 3 Video (25)_121,detect_seed,lsh,,none,,
blueberry,Camera 3 Video (28)_1,reviewed_260917,reviewed_260917,keep,,,reviewed,,,Camera 3 Video (28),b038,1,1,"같은 포기가 겹쳐 보이는 쌍(Camera 3 Video (28)_61 ↔ Camera 3 Video (28)_1 ↔ Camera 3 Video (28)_121) — «거의 같은 사진» 은 아님, 뺄지는 교수님 결정 [마른 꽃부리 후보 — 열매에 포함할지 규칙 미정]",,detect_seed,lsh,,none,,
blueberry,Camera 3 Video (28)_61,-,-,excluded_duplicate,reviewed_duplicate,거의 같은 사진(대표 Camera 3 Video (28)_1 만 남김),ai,,,Camera 3 Video (28),b038,0,0,"같은 포기가 겹쳐 보이는 쌍(Camera 3 Video (28)_61 ↔ Camera 3 Video (28)_1 ↔ Camera 3 Video (28)_121) — «거의 같은 사진» 은 아님, 뺄지는 교수님 결정 [마른 꽃부리 후보 — 열매에 포함할지 규칙 미정]",,none,none,,none,,
blueberry,Camera 3 Video (28)_121,-,-,excluded_duplicate,reviewed_duplicate,거의 같은 사진(대표 Camera 3 Video (28)_1 만 남김),ai,,,Camera 3 Video (28),b038,0,0,"같은 포기가 겹쳐 보이는 쌍(Camera 3 Video (28)_61 ↔ Camera 3 Video (28)_1 ↔ Camera 3 Video (28)_121) — «거의 같은 사진» 은 아님, 뺄지는 교수님 결정 [마른 꽃부리 후보 — 열매에 포함할지 규칙 미정]",,none,none,,none,,
blueberry,Camera 3 Video (28)_181,reviewed_260917,reviewed_260917,keep,,,reviewed,,,Camera 3 Video (28),bs0698,1,1,"[candidate_unclear] 누락 후보 #191 bbox 648,990,727,1048 — 초점 밖/작아서 판단 불가",,detect_seed,lsh,,none,,
blueberry,Camera 3 Video (28)_241,reviewed_260917,reviewed_260917,keep,,,reviewed,,,Camera 3 Video (28),bs0699,1,1,"[candidate_unclear] 누락 후보 #254 bbox 948,629,1010,689 — 초점 밖/작아서 판단 불가",,detect_seed,lsh,,none,,
blueberry,Camera 3 Video (28)_301,reviewed_260917,reviewed_260917,keep,,,reviewed,,,Camera 3 Video (28),bs0700,1,1,[마른 꽃부리 후보 — 열매에 포함할지 규칙 미정],,detect_seed,lsh,,none,,
blueberry,Camera 3 Video (28)_421,reviewed_260917,reviewed_260917,keep,,,reviewed,,,Camera 3 Video (28),bs0701,1,1,,,detect_seed,lsh,,none,,
blueberry,Camera 3 Video (28)_481,reviewed_260917,reviewed_260917,keep,,,reviewed,,,Camera 3 Video (28),bs0702,1,1,,,detect_seed,lsh,,none,,
blueberry,Camera 3 Video (28)_541,reviewed_260917,reviewed_260917,keep,,,reviewed,,,Camera 3 Video (28),bs0703,1,1,,,detect_seed,lsh,,none,,
blueberry,Camera 3 Video (28)_601,reviewed_260917,reviewed_260917,keep,,,reviewed,,,Camera 3 Video (28),bs0704,1,1,[마른 꽃부리 후보 — 열매에 포함할지 규칙 미정],,detect_seed,lsh,,none,,
blueberry,Camera 3 Video (31)_301,reviewed_260917,reviewed_260917,keep,,,reviewed,,,Camera 3 Video (31),bs0707,1,1,,,detect_seed,lsh,,none,,
blueberry,Camera 3 Video (31)_421,reviewed_260917,reviewed_260917,keep,,,reviewed,,,Camera 3 Video (31),bs0708,1,1,[마른 꽃부리 후보 — 열매에 포함할지 규칙 미정],,detect_seed,lsh,,none,,
blueberry,Camera 3 Video (31)_481,reviewed_260917,reviewed_260917,keep,,,reviewed,,,Camera 3 Video (31),bs0709,1,1,[마른 꽃부리 후보 — 열매에 포함할지 규칙 미정],,detect_seed,lsh,,none,,
blueberry,Camera 3 Video (31)_541,reviewed_260917,reviewed_260917,keep,,,reviewed,,,Camera 3 Video (31),bs0710,1,1,,,detect_seed,lsh,,none,,
blueberry,Camera 3 Video (31)_661,reviewed_260917,reviewed_260917,keep,,,reviewed,,,Camera 3 Video (31),bs0711,1,1,"같은 포기가 겹쳐 보이는 쌍(Camera 3 Video (31)_661 ↔ Camera 3 Video (31)_721) — «거의 같은 사진» 은 아님, 뺄지는 교수님 결정",,detect_seed,lsh,,none,,
blueberry,Camera 3 Video (31)_721,reviewed_260917,reviewed_260917,keep,,,reviewed,,,Camera 3 Video (31),bs0712,1,1,"같은 포기가 겹쳐 보이는 쌍(Camera 3 Video (31)_661 ↔ Camera 3 Video (31)_721) — «거의 같은 사진» 은 아님, 뺄지는 교수님 결정",,detect_seed,lsh,,none,,
blueberry,Camera 3 Video (31)_781,reviewed_260917,reviewed_260917,keep,,,reviewed,,,Camera 3 Video (31),bs0713,1,1,,,detect_seed,lsh,,none,,
blueberry,Camera 3 Video (32)_1,reviewed_260917,reviewed_260917,keep,,,reviewed,,,Camera 3 Video (32),bs0714,1,1,,,detect_seed,lsh,,none,,
blueberry,Camera 3 Video (33)_61,reviewed_260917,reviewed_260917,keep,,,reviewed,,,Camera 3 Video (33),bs0717,1,1,,,detect_seed,lsh,,none,,
blueberry,Camera 3 Video (33)_181,reviewed_260917,reviewed_260917,keep,,,reviewed,,,Camera 3 Video (33),bs0715,1,1,,,detect_seed,lsh,,none,,
blueberry,Camera 3 Video (33)_241,reviewed_260917,reviewed_260917,keep,,,reviewed,,,Camera 3 Video (33),bs0716,1,1,,,detect_seed,lsh,,none,,
blueberry,Camera 3 Video (34)_1,reviewed_260917,reviewed_260917,keep,,,reviewed,,,Camera 3 Video (34),bs0718,1,1,,,detect_seed,lsh,,none,,
blueberry,Camera 3 Video (34)_181,reviewed_260917,reviewed_260917,keep,,,reviewed,,,Camera 3 Video (34),bs0719,1,1,,,detect_seed,lsh,,none,,
blueberry,Camera 3 Video (34)_241,reviewed_260917,reviewed_260917,keep,,,reviewed,,,Camera 3 Video (34),bs0720,1,1,,,detect_seed,lsh,,none,,
blueberry,Camera 3 Video (34)_361,reviewed_260917,reviewed_260917,keep,,,reviewed,,,Camera 3 Video (34),bs0721,1,1,,,detect_seed,lsh,,none,,
blueberry,Camera 3 Video (34)_421,reviewed_260917,reviewed_260917,keep,,,reviewed,,,Camera 3 Video (34),bs0722,1,1,[마른 꽃부리 후보 — 열매에 포함할지 규칙 미정],,detect_seed,lsh,,none,,
blueberry,Camera 3 Video (35)_61,reviewed_260917,reviewed_260917,keep,,,reviewed,,,Camera 3 Video (35),bs0723,1,1,,,detect_seed,lsh,,none,,
blueberry,Camera 3 Video (36)_1,reviewed_260917,reviewed_260917,keep,,,reviewed,,,Camera 3 Video (36),bs0724,1,1,,,detect_seed,lsh,,none,,
blueberry,Camera 3 Video (38)_1,reviewed_260917,reviewed_260917,keep,,,reviewed,,,Camera 3 Video (38),bs0725,1,1,[마른 꽃부리 후보 — 열매에 포함할지 규칙 미정],,detect_seed,lsh,,none,,
blueberry,Camera 3 Video (39)_241,reviewed_260917,reviewed_260917,keep,,,reviewed,,,Camera 3 Video (39),bs0726,1,1,[마른 꽃부리 후보 — 열매에 포함할지 규칙 미정],,detect_seed,lsh,,none,,
blueberry,Camera 3 Video (40)_1,reviewed_260917,reviewed_260917,keep,,,reviewed,,,Camera 3 Video (40),bs0728,1,1,[마른 꽃부리 후보 — 열매에 포함할지 규칙 미정],,detect_seed,lsh,,none,,
blueberry,Camera 3 Video (40)_61,reviewed_260917,reviewed_260917,keep,,,reviewed,,,Camera 3 Video (40),bs0730,1,1,,,detect_seed,lsh,,none,,
blueberry,Camera 3 Video (40)_181,reviewed_260917,reviewed_260917,keep,,,reviewed,,,Camera 3 Video (40),bs0729,1,1,,,detect_seed,lsh,,none,,
blueberry,Camera 3 Video (41)_181,reviewed_260917,reviewed_260917,keep,,,reviewed,,,Camera 3 Video (41),bs0731,1,1,,,detect_seed,lsh,,none,,
blueberry,Camera 3 Video (44)_121,reviewed_260917,reviewed_260917,keep,,,reviewed,,,Camera 3 Video (44),bs0732,1,1,,,detect_seed,lsh,,none,,
blueberry,Camera 3 Video (45)_1,reviewed_260917,reviewed_260917,keep,,,reviewed,,,Camera 3 Video (45),bs0733,1,1,,,detect_seed,lsh,,none,,
blueberry,Camera 3 Video (45)_181,reviewed_260917,reviewed_260917,keep,,,reviewed,,,Camera 3 Video (45),bs0734,1,1,,,detect_seed,lsh,,none,,
blueberry,Camera 3 Video (45)_241,reviewed_260917,reviewed_260917,keep,,,reviewed,,,Camera 3 Video (45),bs0735,1,1,,,detect_seed,lsh,,none,,
blueberry,Camera 3 Video (45)_301,reviewed_260917,reviewed_260917,keep,,,reviewed,,,Camera 3 Video (45),bs0736,1,1,"같은 포기가 겹쳐 보이는 쌍(Camera 3 Video (45)_361 ↔ Camera 3 Video (45)_301) — «거의 같은 사진» 은 아님, 뺄지는 교수님 결정",,detect_seed,lsh,,none,,
blueberry,Camera 3 Video (45)_361,reviewed_260917,reviewed_260917,keep,,,reviewed,,,Camera 3 Video (45),bs0737,1,1,"같은 포기가 겹쳐 보이는 쌍(Camera 3 Video (45)_361 ↔ Camera 3 Video (45)_301) — «거의 같은 사진» 은 아님, 뺄지는 교수님 결정",,detect_seed,lsh,,none,,
blueberry,Camera 3 Video (46)_1,reviewed_260917,reviewed_260917,keep,,,reviewed,,,Camera 3 Video (46),bs0738,1,1,,,detect_seed,lsh,,none,,
blueberry,Camera 3 Video (50)_1,reviewed_260917,reviewed_260917,keep,,,reviewed,,,Camera 3 Video (50),b039,1,1,"같은 포기가 겹쳐 보이는 쌍(Camera 3 Video (50)_1 ↔ Camera 3 Video (50)_61) — «거의 같은 사진» 은 아님, 뺄지는 교수님 결정",Camera 3 Video (50)_61,detect_seed,lsh,,none,,
blueberry,Camera 3 Video (50)_61,reviewed_260917,reviewed_260917,keep,,,reviewed,,,Camera 3 Video (50),b039,1,1,"같은 포기가 겹쳐 보이는 쌍(Camera 3 Video (50)_1 ↔ Camera 3 Video (50)_61) — «거의 같은 사진» 은 아님, 뺄지는 교수님 결정",Camera 3 Video (50)_1,detect_seed,lsh,,none,,
blueberry,Camera 3 Video (50)_121,reviewed_260917,reviewed_260917,keep,,,reviewed,,,Camera 3 Video (50),bs0739,1,1,"같은 포기가 겹쳐 보이는 쌍(Camera 3 Video (50)_181 ↔ Camera 3 Video (50)_121) — «거의 같은 사진» 은 아님, 뺄지는 교수님 결정",,detect_seed,lsh,,none,,
blueberry,Camera 3 Video (50)_181,reviewed_260917,reviewed_260917,keep,,,reviewed,,,Camera 3 Video (50),bs0740,1,1,"같은 포기가 겹쳐 보이는 쌍(Camera 3 Video (50)_181 ↔ Camera 3 Video (50)_121) — «거의 같은 사진» 은 아님, 뺄지는 교수님 결정",,detect_seed,lsh,,none,,
blueberry,Camera 3 Video (50)_241,reviewed_260917,reviewed_260917,keep,,,reviewed,,,Camera 3 Video (50),bs0741,1,1,,,detect_seed,lsh,,none,,
blueberry,Camera 3 Video (52)_1,reviewed_260917,reviewed_260917,keep,,,reviewed,,,Camera 3 Video (52),bs0742,1,1,[마른 꽃부리 후보 — 열매에 포함할지 규칙 미정],,detect_seed,lsh,,none,,
blueberry,Camera 3 Video (52)_181,reviewed_260917,reviewed_260917,keep,,,reviewed,,,Camera 3 Video (52),bs0743,1,1,[마른 꽃부리 후보 — 열매에 포함할지 규칙 미정],,detect_seed,lsh,,none,,
blueberry,Camera 3 Video (52)_301,reviewed_260917,reviewed_260917,keep,,,reviewed,,,Camera 3 Video (52),bs0744,1,1,,,detect_seed,lsh,,none,,
blueberry,Camera 3 Video (52)_361,reviewed_260917,reviewed_260917,keep,,,reviewed,,,Camera 3 Video (52),bs0745,1,1,,,detect_seed,lsh,,none,,
blueberry,Camera 3 Video (52)_421,reviewed_260917,reviewed_260917,keep,,,reviewed,,,Camera 3 Video (52),bs0746,1,1,[마른 꽃부리 후보 — 열매에 포함할지 규칙 미정],,detect_seed,lsh,,none,,
blueberry,Camera 3 Video (52)_541,reviewed_260917,reviewed_260917,keep,,,reviewed,,,Camera 3 Video (52),bs0747,1,1,,,detect_seed,lsh,,none,,
blueberry,Camera 3 Video (52)_661,reviewed_260917,reviewed_260917,keep,,,reviewed,,,Camera 3 Video (52),bs0748,1,1,,,detect_seed,lsh,,none,,
blueberry,Camera 3 Video (52)_721,reviewed_260917,reviewed_260917,keep,,,reviewed,,,Camera 3 Video (52),bs0749,1,1,,,detect_seed,lsh,,none,,
blueberry,Camera 3 Video (52)_781,reviewed_260917,reviewed_260917,keep,,,reviewed,,,Camera 3 Video (52),bs0750,1,1,,,detect_seed,lsh,,none,,
blueberry,Camera 3 Video (55)_1,reviewed_260917,reviewed_260917,keep,,,reviewed,,,Camera 3 Video (55),bs0751,1,1,[rule_undecided] 흐릿한 분홍 꽃봉오리를 GT 가 칠함,,detect_seed,lsh,,none,,bottom_5pct_ratio
blueberry,Camera 3 Video (55)_61,reviewed_260917,reviewed_260917,keep,,,reviewed,,,Camera 3 Video (55),bs0753,1,1,,,detect_seed,lsh,,none,,bottom_5pct_ratio
blueberry,Camera 3 Video (55)_121,reviewed_260917,reviewed_260917,keep,,,reviewed,,,Camera 3 Video (55),b040,1,1,"같은 포기가 겹쳐 보이는 쌍(Camera 3 Video (55)_181 ↔ Camera 3 Video (55)_121) — «거의 같은 사진» 은 아님, 뺄지는 교수님 결정 [candidate_unclear] 누락 후보 #184 bbox 1026,339,1094,406 — 초점 밖/작아서 판단 불가",Camera 3 Video (55)_181,detect_seed,lsh,,none,,
blueberry,Camera 3 Video (55)_181,reviewed_260917,reviewed_260917,keep,,,reviewed,,,Camera 3 Video (55),b040,1,1,"같은 포기가 겹쳐 보이는 쌍(Camera 3 Video (55)_181 ↔ Camera 3 Video (55)_121) — «거의 같은 사진» 은 아님, 뺄지는 교수님 결정",Camera 3 Video (55)_121,detect_seed,lsh,,none,,
blueberry,Camera 3 Video (55)_241,reviewed_260917,reviewed_260917,keep,,,reviewed,,,Camera 3 Video (55),bs0752,1,1,[마른 꽃부리 후보 — 열매에 포함할지 규칙 미정],,detect_seed,lsh,,none,,
blueberry,Camera 3 Video (56)_121,reviewed_260917,reviewed_260917,needs_human,,"라벨 안 된 열매 후보 1곳(x1,y1,x2,y2: 919,0,983,63)",ai,,,Camera 3 Video (56),bs0754,1,1,[마른 꽃부리 후보 — 열매에 포함할지 규칙 미정],,detect_seed,lsh,,none,,
blueberry,Camera 3 Video (56)_301,reviewed_260917,reviewed_260917,keep,,,reviewed,,,Camera 3 Video (56),bs0755,1,1,[마른 꽃부리 후보 — 열매에 포함할지 규칙 미정],,detect_seed,lsh,,none,,
blueberry,Camera 3 Video (56)_361,reviewed_260917,reviewed_260917,keep,,,reviewed,,,Camera 3 Video (56),b041,1,1,"같은 포기가 겹쳐 보이는 쌍(Camera 3 Video (56)_421 ↔ Camera 3 Video (56)_361) — «거의 같은 사진» 은 아님, 뺄지는 교수님 결정",Camera 3 Video (56)_421,detect_seed,lsh,,none,,
blueberry,Camera 3 Video (56)_421,reviewed_260917,reviewed_260917,keep,,,reviewed,,,Camera 3 Video (56),b041,1,1,"같은 포기가 겹쳐 보이는 쌍(Camera 3 Video (56)_421 ↔ Camera 3 Video (56)_361) — «거의 같은 사진» 은 아님, 뺄지는 교수님 결정",Camera 3 Video (56)_361,detect_seed,lsh,,none,,
blueberry,Camera 3 Video (57)_1,reviewed_260917,reviewed_260917,keep,,,reviewed,,,Camera 3 Video (57),bs0756,1,1,,,detect_seed,lsh,,none,,
blueberry,Camera 3 Video (57)_241,reviewed_260917,reviewed_260917,keep,,,reviewed,,,Camera 3 Video (57),bs0757,1,1,,,detect_seed,lsh,,none,,
blueberry,Camera 3 Video (57)_301,reviewed_260917,reviewed_260917,keep,,,reviewed,,,Camera 3 Video (57),bs0758,1,1,"[candidate_unclear] 누락 후보 #170 bbox 1284,433,1358,497 — 초점 밖/작아서 판단 불가 [마른 꽃부리 후보 — 열매에 포함할지 규칙 미정]",,detect_seed,lsh,,none,,
blueberry,Camera 3 Video (59)_241,reviewed_260917,reviewed_260917,keep,,,reviewed,,,Camera 3 Video (59),b042,1,1,"같은 포기가 겹쳐 보이는 쌍(Camera 3 Video (59)_301 ↔ Camera 3 Video (59)_241) — «거의 같은 사진» 은 아님, 뺄지는 교수님 결정",Camera 3 Video (59)_301,detect_seed,lsh,,none,,
blueberry,Camera 3 Video (59)_301,reviewed_260917,reviewed_260917,keep,,,reviewed,,,Camera 3 Video (59),b042,1,1,"같은 포기가 겹쳐 보이는 쌍(Camera 3 Video (59)_301 ↔ Camera 3 Video (59)_241) — «거의 같은 사진» 은 아님, 뺄지는 교수님 결정",Camera 3 Video (59)_241,detect_seed,lsh,,none,,
blueberry,Camera 3 Video (59)_361,reviewed_260917,reviewed_260917,keep,,,reviewed,,,Camera 3 Video (59),bs0759,1,1,"[candidate_unclear] 누락 후보 #119 bbox 349,437,412,523 — 초점 밖/작아서 판단 불가",,detect_seed,lsh,,none,,
blueberry,Camera 3 Video (59)_481,reviewed_260917,reviewed_260917,keep,,,reviewed,,,Camera 3 Video (59),bs0760,1,1,,,detect_seed,lsh,,none,,
blueberry,Camera 3 Video (59)_541,reviewed_260917,reviewed_260917,keep,,,reviewed,,,Camera 3 Video (59),bs0761,1,1,,,detect_seed,lsh,,none,,
blueberry,Camera 3 Video (60)_1,reviewed_260917,reviewed_260917,keep,,,reviewed,,,Camera 3 Video (60),bs0769,1,1,,,detect_seed,lsh,,none,,
blueberry,Camera 3 Video (60)_61,reviewed_260917,reviewed_260917,keep,,,reviewed,,,Camera 3 Video (60),bs0775,1,1,,,detect_seed,lsh,,none,,
blueberry,Camera 3 Video (60)_121,reviewed_260917,reviewed_260917,keep,,,reviewed,,,Camera 3 Video (60),bs0770,1,1,,,detect_seed,lsh,,none,,
blueberry,Camera 3 Video (60)_181,reviewed_260917,reviewed_260917,keep,,,reviewed,,,Camera 3 Video (60),bs0771,1,1,,,detect_seed,lsh,,none,,
blueberry,Camera 3 Video (60)_241,reviewed_260917,reviewed_260917,keep,,,reviewed,,,Camera 3 Video (60),bs0772,1,1,[마른 꽃부리 후보 — 열매에 포함할지 규칙 미정],,detect_seed,lsh,,none,,
blueberry,Camera 3 Video (60)_301,reviewed_260917,reviewed_260917,keep,,,reviewed,,,Camera 3 Video (60),bs0773,1,1,"[candidate_unclear] 누락 후보 #198 bbox 0,1013,42,1133 — 초점 밖/작아서 판단 불가",,detect_seed,lsh,,none,,
blueberry,Camera 3 Video (60)_361,reviewed_260917,reviewed_260917,keep,,,reviewed,,,Camera 3 Video (60),bs0774,1,1,"[candidate_unclear] 누락 후보 #149 bbox 0,597,57,679 — 초점 밖/작아서 판단 불가",,detect_seed,lsh,,none,,
blueberry,Camera 3 Video (62)_1,reviewed_260917,reviewed_260917,keep,,,reviewed,,,Camera 3 Video (62),bs0776,1,1,,,detect_seed,lsh,,none,,
blueberry,Camera 3 Video (62)_61,reviewed_260917,reviewed_260917,keep,,,reviewed,,,Camera 3 Video (62),bs0785,1,1,,,detect_seed,lsh,,none,,
blueberry,Camera 3 Video (62)_181,reviewed_260917,reviewed_260917,keep,,,reviewed,,,Camera 3 Video (62),bs0777,1,1,[마른 꽃부리 후보 — 열매에 포함할지 규칙 미정],,detect_seed,lsh,,none,,
blueberry,Camera 3 Video (62)_241,reviewed_260917,reviewed_260917,keep,,,reviewed,,,Camera 3 Video (62),bs0778,1,1,,,detect_seed,lsh,,none,,
blueberry,Camera 3 Video (62)_301,reviewed_260917,reviewed_260917,keep,,,reviewed,,,Camera 3 Video (62),bs0779,1,1,,,detect_seed,lsh,,none,,
blueberry,Camera 3 Video (62)_361,reviewed_260917,reviewed_260917,keep,,,reviewed,,,Camera 3 Video (62),bs0780,1,1,,,detect_seed,lsh,,none,,
blueberry,Camera 3 Video (62)_421,reviewed_260917,reviewed_260917,keep,,,reviewed,,,Camera 3 Video (62),bs0781,1,1,,,detect_seed,lsh,,none,,
blueberry,Camera 3 Video (62)_481,reviewed_260917,reviewed_260917,keep,,,reviewed,,,Camera 3 Video (62),bs0782,1,1,,,detect_seed,lsh,,none,,
blueberry,Camera 3 Video (62)_541,reviewed_260917,reviewed_260917,keep,,,reviewed,,,Camera 3 Video (62),bs0783,1,1,,,detect_seed,lsh,,none,,
blueberry,Camera 3 Video (62)_601,reviewed_260917,reviewed_260917,keep,,,reviewed,,,Camera 3 Video (62),bs0784,1,1,,,detect_seed,lsh,,none,,
blueberry,Camera 3 Video (62)_661,reviewed_260917,reviewed_260917,keep,,,reviewed,,,Camera 3 Video (62),bs0786,1,1,,,detect_seed,lsh,,none,,
blueberry,Camera 3 Video (62)_721,reviewed_260917,reviewed_260917,keep,,,reviewed,,,Camera 3 Video (62),b043,1,1,"같은 포기가 겹쳐 보이는 쌍(Camera 3 Video (62)_781 ↔ Camera 3 Video (62)_721 ↔ Camera 3 Video (62)_841) — «거의 같은 사진» 은 아님, 뺄지는 교수님 결정",Camera 3 Video (62)_781,detect_seed,lsh,,none,,
blueberry,Camera 3 Video (62)_781,reviewed_260917,reviewed_260917,keep,,,reviewed,,,Camera 3 Video (62),b043,1,1,"같은 포기가 겹쳐 보이는 쌍(Camera 3 Video (62)_781 ↔ Camera 3 Video (62)_721 ↔ Camera 3 Video (62)_841) — «거의 같은 사진» 은 아님, 뺄지는 교수님 결정",Camera 3 Video (62)_721,detect_seed,lsh,,none,,
blueberry,Camera 3 Video (62)_841,reviewed_260917,reviewed_260917,keep,,,reviewed,,,Camera 3 Video (62),bs0787,1,1,"같은 포기가 겹쳐 보이는 쌍(Camera 3 Video (62)_781 ↔ Camera 3 Video (62)_721 ↔ Camera 3 Video (62)_841) — «거의 같은 사진» 은 아님, 뺄지는 교수님 결정",,detect_seed,lsh,,none,,
blueberry,Camera 3 Video (65)_121,reviewed_260917,reviewed_260917,keep,,,reviewed,,,Camera 3 Video (65),bs0788,1,1,,,detect_seed,lsh,,none,,
blueberry,Camera 3 Video (65)_301,reviewed_260917,reviewed_260917,keep,,,reviewed,,,Camera 3 Video (65),b045,1,1,"같은 포기가 겹쳐 보이는 쌍(Camera 3 Video (65)_301 ↔ Camera 3 Video (65)_361) — «거의 같은 사진» 은 아님, 뺄지는 교수님 결정",Camera 3 Video (65)_361,detect_seed,lsh,,none,,
blueberry,Camera 3 Video (65)_361,reviewed_260917,reviewed_260917,keep,,,reviewed,,,Camera 3 Video (65),b045,1,1,"같은 포기가 겹쳐 보이는 쌍(Camera 3 Video (65)_301 ↔ Camera 3 Video (65)_361) — «거의 같은 사진» 은 아님, 뺄지는 교수님 결정",Camera 3 Video (65)_301,detect_seed,lsh,,none,,
blueberry,Camera 3 Video (65)_541,reviewed_260917,reviewed_260917,keep,,,reviewed,,,Camera 3 Video (65),bs0791,1,1,,,detect_seed,lsh,,none,,
blueberry,Camera 3 Video (65)_601,reviewed_260917,reviewed_260917,keep,,,reviewed,,,Camera 3 Video (65),bs0792,1,1,,,detect_seed,lsh,,none,,
blueberry,Camera 3 Video (65)_661,reviewed_260917,reviewed_260917,keep,,,reviewed,,,Camera 3 Video (65),bs0793,1,1,,,detect_seed,lsh,,none,,
blueberry,Camera 3 Video (65)_721,reviewed_260917,reviewed_260917,keep,,,reviewed,,,Camera 3 Video (65),bs0794,1,1,,,detect_seed,lsh,,none,,
blueberry,Camera 3 Video (65)_841,reviewed_260917,reviewed_260917,keep,,,reviewed,,,Camera 3 Video (65),bs0795,1,1,[마른 꽃부리 후보 — 열매에 포함할지 규칙 미정],,detect_seed,lsh,,none,,
blueberry,Camera 3 Video (65)_961,reviewed_260917,reviewed_260917,keep,,,reviewed,,,Camera 3 Video (65),bs0796,1,1,,,detect_seed,lsh,,none,,
blueberry,Camera 3 Video (65)_1321,reviewed_260917,reviewed_260917,keep,,,reviewed,,,Camera 3 Video (65),bs0789,1,1,,,detect_seed,lsh,,none,,
blueberry,Camera 3 Video (65)_1381,reviewed_260917,reviewed_260917,keep,,,reviewed,,,Camera 3 Video (65),bs0790,1,1,,,detect_seed,lsh,,none,,
blueberry,Camera 3 Video (65)_1441,reviewed_260917,reviewed_260917,keep,,,reviewed,,,Camera 3 Video (65),b044,1,1,,Camera 3 Video (65)_1501,detect_seed,lsh,,none,,
blueberry,Camera 3 Video (65)_1501,reviewed_260917,reviewed_260917,keep,,,reviewed,,,Camera 3 Video (65),b044,1,1,,Camera 3 Video (65)_1441,detect_seed,lsh,,none,,
blueberry,Camera 3 Video (66)_1,reviewed_260917,reviewed_260917,keep,,,reviewed,,,Camera 3 Video (66),bs0797,1,1,,,detect_seed,lsh,,none,,
blueberry,Camera 3 Video (66)_181,reviewed_260917,reviewed_260917,keep,,,reviewed,,,Camera 3 Video (66),bs0798,1,1,,,detect_seed,lsh,,none,,
blueberry,Camera 3 Video (68)_61,reviewed_260917,reviewed_260917,keep,,,reviewed,,,Camera 3 Video (68),bs0800,1,1,,,detect_seed,lsh,,none,,
blueberry,Camera 3 Video (68)_301,reviewed_260917,reviewed_260917,keep,,,reviewed,,,Camera 3 Video (68),bs0799,1,1,,,detect_seed,lsh,,none,,
blueberry,Camera 3 Video (70)_121,reviewed_260917,reviewed_260917,keep,,,reviewed,,,Camera 3 Video (70),b046,1,1,,Camera 3 Video (70)_181,detect_seed,lsh,,none,,
blueberry,Camera 3 Video (70)_181,reviewed_260917,reviewed_260917,keep,,,reviewed,,,Camera 3 Video (70),b046,1,1,,Camera 3 Video (70)_121|Camera 3 Video (70)_241,detect_seed,lsh,,none,,
blueberry,Camera 3 Video (70)_241,reviewed_260917,reviewed_260917,keep,,,reviewed,,,Camera 3 Video (70),b046,1,1,,Camera 3 Video (70)_181,detect_seed,lsh,,none,,
blueberry,Camera 3 Video (70)_301,reviewed_260917,reviewed_260917,keep,,,reviewed,,,Camera 3 Video (70),b047,1,1,"같은 포기가 겹쳐 보이는 쌍(Camera 3 Video (70)_361 ↔ Camera 3 Video (70)_301) — «거의 같은 사진» 은 아님, 뺄지는 교수님 결정 [마른 꽃부리 후보 — 열매에 포함할지 규칙 미정]",Camera 3 Video (70)_361,detect_seed,lsh,,none,,
blueberry,Camera 3 Video (70)_361,reviewed_260917,reviewed_260917,keep,,,reviewed,,,Camera 3 Video (70),b047,1,1,"같은 포기가 겹쳐 보이는 쌍(Camera 3 Video (70)_361 ↔ Camera 3 Video (70)_301) — «거의 같은 사진» 은 아님, 뺄지는 교수님 결정",Camera 3 Video (70)_301,detect_seed,lsh,,none,,
blueberry,Camera 3 Video (70)_421,reviewed_260917,reviewed_260917,keep,,,reviewed,,,Camera 3 Video (70),bs0806,1,1,,,detect_seed,lsh,,none,,
blueberry,Camera 3 Video (70)_541,reviewed_260917,reviewed_260917,keep,,,reviewed,,,Camera 3 Video (70),b048,1,1,,Camera 3 Video (70)_601,detect_seed,lsh,,none,,
blueberry,Camera 3 Video (70)_601,reviewed_260917,reviewed_260917,keep,,,reviewed,,,Camera 3 Video (70),b048,1,1,,Camera 3 Video (70)_541,detect_seed,lsh,,none,,
blueberry,Camera 3 Video (70)_721,reviewed_260917,reviewed_260917,keep,,,reviewed,,,Camera 3 Video (70),bs0807,1,1,,,detect_seed,lsh,,none,,
blueberry,Camera 3 Video (70)_781,reviewed_260917,reviewed_260917,keep,,,reviewed,,,Camera 3 Video (70),bs0808,1,1,,,detect_seed,lsh,,none,,
blueberry,Camera 3 Video (71)_1,reviewed_260917,reviewed_260917,keep,,,reviewed,,,Camera 3 Video (71),bs0809,1,1,,,detect_seed,lsh,,none,,
blueberry,Camera 3 Video (72)_1,reviewed_260917,reviewed_260917,keep,,,reviewed,,,Camera 3 Video (72),bs0810,1,1,"[candidate_unclear] 누락 후보 #180 bbox 1306,1376,1377,1439 — 초점 밖/작아서 판단 불가",,detect_seed,lsh,,none,,
blueberry,Camera 3 Video (72)_61,reviewed_260917,reviewed_260917,keep,,,reviewed,,,Camera 3 Video (72),bs0815,1,1,,,detect_seed,lsh,,none,,
blueberry,Camera 3 Video (72)_121,reviewed_260917,reviewed_260917,keep,,,reviewed,,,Camera 3 Video (72),bs0811,1,1,,,detect_seed,lsh,,none,,
blueberry,Camera 3 Video (72)_181,reviewed_260917,reviewed_260917,keep,,,reviewed,,,Camera 3 Video (72),bs0812,1,1,,,detect_seed,lsh,,none,,
blueberry,Camera 3 Video (72)_241,reviewed_260917,reviewed_260917,keep,,,reviewed,,,Camera 3 Video (72),bs0813,1,1,,,detect_seed,lsh,,none,,
blueberry,Camera 3 Video (72)_301,reviewed_260917,reviewed_260917,keep,,,reviewed,,,Camera 3 Video (72),bs0814,1,1,[마른 꽃부리 후보 — 열매에 포함할지 규칙 미정],,detect_seed,lsh,,none,,
blueberry,Camera 3 Video (73)_1,reviewed_260917,reviewed_260917,keep,,,reviewed,,,Camera 3 Video (73),bs0816,1,1,,,detect_seed,lsh,,none,,
blueberry,Camera 3 Video (73)_61,reviewed_260917,reviewed_260917,keep,,,reviewed,,,Camera 3 Video (73),bs0824,1,1,,,detect_seed,lsh,,none,,
blueberry,Camera 3 Video (73)_181,reviewed_260917,reviewed_260917,keep,,,reviewed,,,Camera 3 Video (73),bs0819,1,1,,,detect_seed,lsh,,none,,
blueberry,Camera 3 Video (73)_241,reviewed_260917,reviewed_260917,keep,,,reviewed,,,Camera 3 Video (73),bs0820,1,1,,,detect_seed,lsh,,none,,
blueberry,Camera 3 Video (73)_301,reviewed_260917,reviewed_260917,keep,,,reviewed,,,Camera 3 Video (73),bs0821,1,1,,,detect_seed,lsh,,none,,
blueberry,Camera 3 Video (73)_361,reviewed_260917,reviewed_260917,keep,,,reviewed,,,Camera 3 Video (73),bs0822,1,1,,,detect_seed,lsh,,none,,
blueberry,Camera 3 Video (73)_541,reviewed_260917,reviewed_260917,keep,,,reviewed,,,Camera 3 Video (73),bs0823,1,1,,,detect_seed,lsh,,none,,
blueberry,Camera 3 Video (73)_781,reviewed_260917,reviewed_260917,keep,,,reviewed,,,Camera 3 Video (73),bs0825,1,1,[마른 꽃부리 후보 — 열매에 포함할지 규칙 미정],,detect_seed,lsh,,none,,
blueberry,Camera 3 Video (73)_841,reviewed_260917,reviewed_260917,keep,,,reviewed,,,Camera 3 Video (73),bs0826,1,1,,,detect_seed,lsh,,none,,
blueberry,Camera 3 Video (73)_961,reviewed_260917,reviewed_260917,keep,,,reviewed,,,Camera 3 Video (73),bs0827,1,1,[마른 꽃부리 후보 — 열매에 포함할지 규칙 미정],,detect_seed,lsh,,none,,
blueberry,Camera 3 Video (73)_1021,reviewed_260917,reviewed_260917,keep,,,reviewed,,,Camera 3 Video (73),bs0817,1,1,,,detect_seed,lsh,,none,,
blueberry,Camera 3 Video (73)_1081,reviewed_260917,reviewed_260917,keep,,,reviewed,,,Camera 3 Video (73),bs0818,1,1,,,detect_seed,lsh,,none,,
blueberry,Camera 3 Video (74)_241,reviewed_260917,reviewed_260917,keep,,,reviewed,,,Camera 3 Video (74),b049,1,1,,Camera 3 Video (74)_1021,detect_seed,lsh,,none,,
blueberry,Camera 3 Video (74)_361,reviewed_260917,reviewed_260917,keep,,,reviewed,,,Camera 3 Video (74),bs0837,1,1,,,detect_seed,lsh,,none,,
blueberry,Camera 3 Video (74)_481,reviewed_260917,reviewed_260917,keep,,,reviewed,,,Camera 3 Video (74),bs0838,1,1,,,detect_seed,lsh,,none,,
blueberry,Camera 3 Video (74)_661,reviewed_260917,reviewed_260917,keep,,,reviewed,,,Camera 3 Video (74),bs0839,1,1,,,detect_seed,lsh,,none,,
blueberry,Camera 3 Video (74)_721,reviewed_260917,reviewed_260917,keep,,,reviewed,,,Camera 3 Video (74),bs0840,1,1,,,detect_seed,lsh,,none,,
blueberry,Camera 3 Video (74)_781,reviewed_260917,reviewed_260917,keep,,,reviewed,,,Camera 3 Video (74),bs0841,1,1,,,detect_seed,lsh,,none,,
blueberry,Camera 3 Video (74)_841,reviewed_260917,reviewed_260917,keep,,,reviewed,,,Camera 3 Video (74),bs0842,1,1,[마른 꽃부리 후보 — 열매에 포함할지 규칙 미정],,detect_seed,lsh,,none,,
blueberry,Camera 3 Video (74)_901,reviewed_260917,reviewed_260917,keep,,,reviewed,,,Camera 3 Video (74),bs0843,1,1,[마른 꽃부리 후보 — 열매에 포함할지 규칙 미정],,detect_seed,lsh,,none,,
blueberry,Camera 3 Video (74)_1021,reviewed_260917,reviewed_260917,keep,,,reviewed,,,Camera 3 Video (74),b049,1,1,,Camera 3 Video (74)_241,detect_seed,lsh,,none,,
blueberry,Camera 3 Video (74)_1081,reviewed_260917,reviewed_260917,keep,,,reviewed,,,Camera 3 Video (74),bs0828,1,1,,,detect_seed,lsh,,none,,
blueberry,Camera 3 Video (74)_1201,reviewed_260917,reviewed_260917,keep,,,reviewed,,,Camera 3 Video (74),bs0829,1,1,,,detect_seed,lsh,,none,,
blueberry,Camera 3 Video (74)_1261,reviewed_260917,reviewed_260917,keep,,,reviewed,,,Camera 3 Video (74),bs0830,1,1,,,detect_seed,lsh,,none,,
blueberry,Camera 3 Video (74)_1441,reviewed_260917,reviewed_260917,keep,,,reviewed,,,Camera 3 Video (74),bs0831,1,1,,,detect_seed,lsh,,none,,
blueberry,Camera 3 Video (74)_1561,reviewed_260917,reviewed_260917,keep,,,reviewed,,,Camera 3 Video (74),bs0832,1,1,"같은 포기가 겹쳐 보이는 쌍(Camera 3 Video (74)_1621 ↔ Camera 3 Video (74)_1561) — «거의 같은 사진» 은 아님, 뺄지는 교수님 결정",,detect_seed,lsh,,none,,
blueberry,Camera 3 Video (74)_1621,reviewed_260917,reviewed_260917,keep,,,reviewed,,,Camera 3 Video (74),bs0833,1,1,"같은 포기가 겹쳐 보이는 쌍(Camera 3 Video (74)_1621 ↔ Camera 3 Video (74)_1561) — «거의 같은 사진» 은 아님, 뺄지는 교수님 결정",,detect_seed,lsh,,none,,
blueberry,Camera 3 Video (74)_1681,reviewed_260917,reviewed_260917,keep,,,reviewed,,,Camera 3 Video (74),bs0834,1,1,,,detect_seed,lsh,,none,,
blueberry,Camera 3 Video (74)_1861,reviewed_260917,reviewed_260917,keep,,,reviewed,,,Camera 3 Video (74),bs0835,1,1,,,detect_seed,lsh,,none,,
blueberry,Camera 3 Video (74)_1921,reviewed_260917,reviewed_260917,keep,,,reviewed,,,Camera 3 Video (74),bs0836,1,1,[마른 꽃부리 후보 — 열매에 포함할지 규칙 미정],,detect_seed,lsh,,none,,
blueberry,Camera 3 Video (75)_1,reviewed_260917,reviewed_260917,keep,,,reviewed,,,Camera 3 Video (75),bs0844,1,1,"같은 포기가 겹쳐 보이는 쌍(Camera 3 Video (75)_1 ↔ Camera 3 Video (75)_61) — «거의 같은 사진» 은 아님, 뺄지는 교수님 결정",,detect_seed,lsh,,none,,
blueberry,Camera 3 Video (75)_61,reviewed_260917,reviewed_260917,keep,,,reviewed,,,Camera 3 Video (75),bs0845,1,1,"같은 포기가 겹쳐 보이는 쌍(Camera 3 Video (75)_1 ↔ Camera 3 Video (75)_61) — «거의 같은 사진» 은 아님, 뺄지는 교수님 결정 [candidate_unclear] 누락 후보 #75 bbox 1110,1069,1203,1155 — 초점 밖/작아서 판단 불가 [마른 꽃부리 후보 — 열매에 포함할지 규칙 미정]",,detect_seed,lsh,,none,,
blueberry,Camera 3 Video (76)_1,reviewed_260917,reviewed_260917,keep,,,reviewed,,,Camera 3 Video (76),bs0846,1,1,"[candidate_unclear] 누락 후보 #76 bbox 372,756,485,838 — 초점 밖/작아서 판단 불가 [마른 꽃부리 후보 — 열매에 포함할지 규칙 미정]",,detect_seed,lsh,,none,,
blueberry,Camera 3 Video (76)_61,reviewed_260917,reviewed_260917,keep,,,reviewed,,,Camera 3 Video (76),b050,1,1,"같은 포기가 겹쳐 보이는 쌍(Camera 3 Video (76)_181 ↔ Camera 3 Video (76)_61 ↔ Camera 3 Video (76)_121) — «거의 같은 사진» 은 아님, 뺄지는 교수님 결정",Camera 3 Video (76)_181,detect_seed,lsh,,none,,
blueberry,Camera 3 Video (76)_121,-,-,excluded_duplicate,reviewed_duplicate,거의 같은 사진(대표 Camera 3 Video (76)_61 만 남김),ai,,,Camera 3 Video (76),b050,0,0,"같은 포기가 겹쳐 보이는 쌍(Camera 3 Video (76)_181 ↔ Camera 3 Video (76)_61 ↔ Camera 3 Video (76)_121) — «거의 같은 사진» 은 아님, 뺄지는 교수님 결정",,none,none,,none,,
blueberry,Camera 3 Video (76)_181,reviewed_260917,reviewed_260917,keep,,,reviewed,,,Camera 3 Video (76),b050,1,1,"같은 포기가 겹쳐 보이는 쌍(Camera 3 Video (76)_181 ↔ Camera 3 Video (76)_61 ↔ Camera 3 Video (76)_121) — «거의 같은 사진» 은 아님, 뺄지는 교수님 결정",Camera 3 Video (76)_61,detect_seed,lsh,,none,,
blueberry,Camera 3 Video (77)_1,reviewed_260917,reviewed_260917,keep,,,reviewed,,,Camera 3 Video (77),bs0847,1,1,,,detect_seed,lsh,,none,,
blueberry,Camera 3 Video (77)_181,reviewed_260917,reviewed_260917,keep,,,reviewed,,,Camera 3 Video (77),bs0848,1,1,,,detect_seed,lsh,,none,,
blueberry,Camera 3 Video (77)_241,reviewed_260917,reviewed_260917,keep,,,reviewed,,,Camera 3 Video (77),bs0849,1,1,,,detect_seed,lsh,,none,,
blueberry,Camera 3 Video (77)_301,reviewed_260917,reviewed_260917,keep,,,reviewed,,,Camera 3 Video (77),b051,1,1,,Camera 3 Video (77)_361,detect_seed,lsh,,none,,
blueberry,Camera 3 Video (77)_361,reviewed_260917,reviewed_260917,keep,,,reviewed,,,Camera 3 Video (77),b051,1,1,,Camera 3 Video (77)_301,detect_seed,lsh,,none,,
blueberry,Camera 3 Video (78)_1,reviewed_260917,reviewed_260917,keep,,,reviewed,,,Camera 3 Video (78),bs0850,1,1,"같은 포기가 겹쳐 보이는 쌍(Camera 3 Video (78)_1 ↔ Camera 3 Video (78)_61) — «거의 같은 사진» 은 아님, 뺄지는 교수님 결정",,detect_seed,lsh,,none,,
blueberry,Camera 3 Video (78)_61,reviewed_260917,reviewed_260917,keep,,,reviewed,,,Camera 3 Video (78),bs0859,1,1,"같은 포기가 겹쳐 보이는 쌍(Camera 3 Video (78)_1 ↔ Camera 3 Video (78)_61) — «거의 같은 사진» 은 아님, 뺄지는 교수님 결정 [candidate_unclear] 누락 후보 #113 bbox 297,117,372,197 — 초점 밖/작아서 판단 불가",,detect_seed,lsh,,none,,
blueberry,Camera 3 Video (78)_121,reviewed_260917,reviewed_260917,keep,,,reviewed,,,Camera 3 Video (78),bs0851,1,1,,,detect_seed,lsh,,none,,
blueberry,Camera 3 Video (78)_181,reviewed_260917,reviewed_260917,keep,,,reviewed,,,Camera 3 Video (78),bs0852,1,1,"[candidate_unclear] 누락 후보 #193 bbox 520,510,614,556 — 초점 밖/작아서 판단 불가",,detect_seed,lsh,,none,,
blueberry,Camera 3 Video (78)_241,reviewed_260917,reviewed_260917,keep,,,reviewed,,,Camera 3 Video (78),bs0853,1,1,,,detect_seed,lsh,,none,,
blueberry,Camera 3 Video (78)_301,reviewed_260917,reviewed_260917,keep,,,reviewed,,,Camera 3 Video (78),bs0854,1,1,,,detect_seed,lsh,,none,,
blueberry,Camera 3 Video (78)_361,reviewed_260917,reviewed_260917,keep,,,reviewed,,,Camera 3 Video (78),bs0855,1,1,,,detect_seed,lsh,,none,,
blueberry,Camera 3 Video (78)_421,reviewed_260917,reviewed_260917,keep,,,reviewed,,,Camera 3 Video (78),bs0856,1,1,"[candidate_unclear] 누락 후보 #29 bbox 1041,618,1136,745 — 초점 밖/작아서 판단 불가 [마른 꽃부리 후보 — 열매에 포함할지 규칙 미정]",,detect_seed,lsh,,none,,
blueberry,Camera 3 Video (78)_481,reviewed_260917,reviewed_260917,keep,,,reviewed,,,Camera 3 Video (78),bs0857,1,1,,,detect_seed,lsh,,none,,
blueberry,Camera 3 Video (78)_541,reviewed_260917,reviewed_260917,keep,,,reviewed,,,Camera 3 Video (78),bs0858,1,1,,,detect_seed,lsh,,none,,
blueberry,Camera 3 Video (78)_661,reviewed_260917,reviewed_260917,keep,,,reviewed,,,Camera 3 Video (78),bs0860,1,1,,,detect_seed,lsh,,none,,
blueberry,Camera 3 Video (79)_1,reviewed_260917,reviewed_260917,keep,,,reviewed,,,Camera 3 Video (79),bs0861,1,1,,,detect_seed,lsh,,none,,
blueberry,Camera 3 Video (79)_61,reviewed_260917,reviewed_260917,keep,,,reviewed,,,Camera 3 Video (79),bs0864,1,1,"[candidate_unclear] 누락 후보 #231 bbox 394,1366,454,1439 — 초점 밖/작아서 판단 불가",,detect_seed,lsh,,none,,
blueberry,Camera 3 Video (79)_121,reviewed_260917,reviewed_260917,keep,,,reviewed,,,Camera 3 Video (79),bs0862,1,1,,,detect_seed,lsh,,none,,
blueberry,Camera 3 Video (79)_181,reviewed_260917,reviewed_260917,keep,,,reviewed,,,Camera 3 Video (79),bs0863,1,1,,,detect_seed,lsh,,none,,bottom_5pct_ratio
blueberry,Camera 3 Video (79)_241,reviewed_260917,reviewed_260917,keep,,,reviewed,,,Camera 3 Video (79),b052,1,1,"같은 포기가 겹쳐 보이는 쌍(Camera 3 Video (79)_301 ↔ Camera 3 Video (79)_241) — «거의 같은 사진» 은 아님, 뺄지는 교수님 결정",Camera 3 Video (79)_301,detect_seed,lsh,,none,,
blueberry,Camera 3 Video (79)_301,reviewed_260917,reviewed_260917,keep,,,reviewed,,,Camera 3 Video (79),b052,1,1,"같은 포기가 겹쳐 보이는 쌍(Camera 3 Video (79)_301 ↔ Camera 3 Video (79)_241) — «거의 같은 사진» 은 아님, 뺄지는 교수님 결정",Camera 3 Video (79)_241,detect_seed,lsh,,none,,
blueberry,Camera 3 Video (80)_1,reviewed_260917,reviewed_260917,keep,,,reviewed,,,Camera 3 Video (80),bs0868,1,1,,,detect_seed,lsh,,none,,
blueberry,Camera 3 Video (80)_61,reviewed_260917,reviewed_260917,keep,,,reviewed,,,Camera 3 Video (80),bs0872,1,1,,,detect_seed,lsh,,none,,
blueberry,Camera 3 Video (80)_121,reviewed_260917,reviewed_260917,keep,,,reviewed,,,Camera 3 Video (80),b053,1,1,[마른 꽃부리 후보 — 열매에 포함할지 규칙 미정],Camera 3 Video (80)_181,detect_seed,lsh,,none,,
blueberry,Camera 3 Video (80)_181,reviewed_260917,reviewed_260917,keep,,,reviewed,,,Camera 3 Video (80),b053,1,1,"[candidate_unclear] 누락 후보 #227 bbox 0,560,58,647 — 초점 밖/작아서 판단 불가",Camera 3 Video (80)_121,detect_seed,lsh,,none,,
blueberry,Camera 3 Video (80)_241,reviewed_260917,reviewed_260917,keep,,,reviewed,,,Camera 3 Video (80),bs0869,1,1,[마른 꽃부리 후보 — 열매에 포함할지 규칙 미정],,detect_seed,lsh,,none,,
blueberry,Camera 3 Video (80)_301,reviewed_260917,reviewed_260917,keep,,,reviewed,,,Camera 3 Video (80),bs0870,1,1,,,detect_seed,lsh,,none,,
blueberry,Camera 3 Video (80)_361,reviewed_260917,reviewed_260917,keep,,,reviewed,,,Camera 3 Video (80),bs0871,1,1,,,detect_seed,lsh,,none,,
blueberry,Camera 3 Video (81)_1,reviewed_260917,reviewed_260917,keep,,,reviewed,,,Camera 3 Video (81),bs0873,1,1,,,detect_seed,lsh,,none,,
blueberry,Camera 3 Video (81)_61,reviewed_260917,reviewed_260917,keep,,,reviewed,,,Camera 3 Video (81),bs0878,1,1,,,detect_seed,lsh,,none,,
blueberry,Camera 3 Video (81)_121,reviewed_260917,reviewed_260917,keep,,,reviewed,,,Camera 3 Video (81),bs0874,1,1,[마른 꽃부리 후보 — 열매에 포함할지 규칙 미정],,detect_seed,lsh,,none,,
blueberry,Camera 3 Video (81)_181,reviewed_260917,reviewed_260917,keep,,,reviewed,,,Camera 3 Video (81),bs0875,1,1,,,detect_seed,lsh,,none,,
blueberry,Camera 3 Video (81)_241,reviewed_260917,reviewed_260917,keep,,,reviewed,,,Camera 3 Video (81),bs0876,1,1,[마른 꽃부리 후보 — 열매에 포함할지 규칙 미정],,detect_seed,lsh,,none,,
blueberry,Camera 3 Video (81)_301,reviewed_260917,reviewed_260917,keep,,,reviewed,,,Camera 3 Video (81),b054,1,1,"같은 포기가 겹쳐 보이는 쌍(Camera 3 Video (81)_301 ↔ Camera 3 Video (81)_361) — «거의 같은 사진» 은 아님, 뺄지는 교수님 결정 [마른 꽃부리 후보 — 열매에 포함할지 규칙 미정]",Camera 3 Video (81)_361,detect_seed,lsh,,none,,
blueberry,Camera 3 Video (81)_361,reviewed_260917,reviewed_260917,keep,,,reviewed,,,Camera 3 Video (81),b054,1,1,"같은 포기가 겹쳐 보이는 쌍(Camera 3 Video (81)_301 ↔ Camera 3 Video (81)_361) — «거의 같은 사진» 은 아님, 뺄지는 교수님 결정 [마른 꽃부리 후보 — 열매에 포함할지 규칙 미정]",Camera 3 Video (81)_301,detect_seed,lsh,,none,,
blueberry,Camera 3 Video (81)_421,reviewed_260917,reviewed_260917,keep,,,reviewed,,,Camera 3 Video (81),bs0877,1,1,,,detect_seed,lsh,,none,,
blueberry,Camera 3 Video (82)_1,reviewed_260917,reviewed_260917,keep,,,reviewed,,,Camera 3 Video (82),bs0879,1,1,,,detect_seed,lsh,,none,,
blueberry,Camera 3 Video (82)_61,reviewed_260917,reviewed_260917,keep,,,reviewed,,,Camera 3 Video (82),bs0885,1,1,,,detect_seed,lsh,,none,,
blueberry,Camera 3 Video (82)_121,reviewed_260917,reviewed_260917,keep,,,reviewed,,,Camera 3 Video (82),bs0880,1,1,,,detect_seed,lsh,,none,,
blueberry,Camera 3 Video (82)_181,reviewed_260917,reviewed_260917,keep,,,reviewed,,,Camera 3 Video (82),bs0881,1,1,,,detect_seed,lsh,,none,,
blueberry,Camera 3 Video (82)_241,reviewed_260917,reviewed_260917,keep,,,reviewed,,,Camera 3 Video (82),bs0882,1,1,,,detect_seed,lsh,,none,,
blueberry,Camera 3 Video (82)_301,reviewed_260917,reviewed_260917,keep,,,reviewed,,,Camera 3 Video (82),bs0883,1,1,"[candidate_unclear] 누락 후보 #136 bbox 47,1386,160,1439 — 초점 밖/작아서 판단 불가 [마른 꽃부리 후보 — 열매에 포함할지 규칙 미정]",,detect_seed,lsh,,none,,
blueberry,Camera 3 Video (82)_361,reviewed_260917,reviewed_260917,keep,,,reviewed,,,Camera 3 Video (82),bs0884,1,1,,,detect_seed,lsh,,none,,
blueberry,Camera 3 Video (83)_1,reviewed_260917,reviewed_260917,keep,,,reviewed,,,Camera 3 Video (83),bs0886,1,1,,,detect_seed,lsh,,none,,
blueberry,Camera 3 Video (83)_61,reviewed_260917,reviewed_260917,keep,,,reviewed,,,Camera 3 Video (83),bs0893,1,1,,,detect_seed,lsh,,none,,
blueberry,Camera 3 Video (83)_121,reviewed_260917,reviewed_260917,keep,,,reviewed,,,Camera 3 Video (83),bs0887,1,1,,,detect_seed,lsh,,none,,
blueberry,Camera 3 Video (83)_181,reviewed_260917,reviewed_260917,keep,,,reviewed,,,Camera 3 Video (83),bs0888,1,1,,,detect_seed,lsh,,none,,
blueberry,Camera 3 Video (83)_241,reviewed_260917,reviewed_260917,keep,,,reviewed,,,Camera 3 Video (83),bs0889,1,1,"[candidate_unclear] 누락 후보 #175 bbox 387,1190,447,1269 — 초점 밖/작아서 판단 불가 [마른 꽃부리 후보 — 열매에 포함할지 규칙 미정]",,detect_seed,lsh,,none,,
blueberry,Camera 3 Video (83)_301,reviewed_260917,reviewed_260917,keep,,,reviewed,,,Camera 3 Video (83),bs0890,1,1,"[candidate_unclear] 누락 후보 #188 bbox 1281,888,1370,944 — 초점 밖/작아서 판단 불가",,detect_seed,lsh,,none,,
blueberry,Camera 3 Video (83)_361,reviewed_260917,reviewed_260917,keep,,,reviewed,,,Camera 3 Video (83),bs0891,1,1,"[candidate_unclear] 누락 후보 #90 bbox 0,0,55,132 — 초점 밖/작아서 판단 불가",,detect_seed,lsh,,none,,
blueberry,Camera 3 Video (83)_421,reviewed_260917,reviewed_260917,keep,,,reviewed,,,Camera 3 Video (83),bs0892,1,1,[마른 꽃부리 후보 — 열매에 포함할지 규칙 미정],,detect_seed,lsh,,none,,bottom_5pct_ratio
blueberry,Camera 3 Video (84)_1,reviewed_260917,reviewed_260917,keep,,,reviewed,,,Camera 3 Video (84),bs0894,1,1,,,detect_seed,lsh,,none,,
blueberry,Camera 3 Video (84)_61,reviewed_260917,reviewed_260917,keep,,,reviewed,,,Camera 3 Video (84),bs0895,1,1,,,detect_seed,lsh,,none,,bottom_5pct_ratio
blueberry,Camera 3 Video (85)_1,reviewed_260917,reviewed_260917,keep,,,reviewed,,,Camera 3 Video (85),bs0896,1,1,,,detect_seed,lsh,,none,,
blueberry,Camera 3 Video (85)_61,reviewed_260917,reviewed_260917,keep,,,reviewed,,,Camera 3 Video (85),bs0897,1,1,,,detect_seed,lsh,,none,,
blueberry,Camera 3 Video (86)_1,reviewed_260917,reviewed_260917,keep,,,reviewed,,,Camera 3 Video (86),bs0898,1,1,,,detect_seed,lsh,,none,,
blueberry,Camera 3 Video (86)_61,reviewed_260917,reviewed_260917,keep,,,reviewed,,,Camera 3 Video (86),bs0900,1,1,,,detect_seed,lsh,,none,,
blueberry,Camera 3 Video (86)_121,reviewed_260917,reviewed_260917,keep,,,reviewed,,,Camera 3 Video (86),bs0899,1,1,[마른 꽃부리 후보 — 열매에 포함할지 규칙 미정],,detect_seed,lsh,,none,,
blueberry,Camera 3 Video (87)_1,reviewed_260917,reviewed_260917,keep,,,reviewed,,,Camera 3 Video (87),bs0901,1,1,,,detect_seed,lsh,,none,,
blueberry,Camera 3 Video (87)_61,reviewed_260917,reviewed_260917,keep,,,reviewed,,,Camera 3 Video (87),b055,1,1,,Camera 3 Video (87)_121,detect_seed,lsh,,none,,
blueberry,Camera 3 Video (87)_121,reviewed_260917,reviewed_260917,keep,,,reviewed,,,Camera 3 Video (87),b055,1,1,"[candidate_unclear] 누락 후보 #155 bbox 209,0,282,76 — 초점 밖/작아서 판단 불가",Camera 3 Video (87)_61,detect_seed,lsh,,none,,
blueberry,Camera 3 Video (88)_1,reviewed_260917,reviewed_260917,keep,,,reviewed,,,Camera 3 Video (88),bs0902,1,1,[마른 꽃부리 후보 — 열매에 포함할지 규칙 미정],,detect_seed,lsh,,none,,
blueberry,Camera 3 Video (88)_61,reviewed_260917,reviewed_260917,keep,,,reviewed,,,Camera 3 Video (88),bs0904,1,1,[마른 꽃부리 후보 — 열매에 포함할지 규칙 미정],,detect_seed,lsh,,none,,
blueberry,Camera 3 Video (88)_121,reviewed_260917,reviewed_260917,keep,,,reviewed,,,Camera 3 Video (88),bs0903,1,1,,,detect_seed,lsh,,none,,
blueberry,Camera 3 Video (89)_1,reviewed_260917,reviewed_260917,keep,,,reviewed,,,Camera 3 Video (89),bs0905,1,1,,,detect_seed,lsh,,none,,
blueberry,Camera 3 Video (90)_1,reviewed_260917,reviewed_260917,keep,,,reviewed,,,Camera 3 Video (90),bs0911,1,1,,,detect_seed,lsh,,none,,
blueberry,Camera 3 Video (90)_61,reviewed_260917,reviewed_260917,keep,,,reviewed,,,Camera 3 Video (90),bs0912,1,1,,,detect_seed,lsh,,none,,
blueberry,Camera 3 Video (91)_1,reviewed_260917,reviewed_260917,keep,,,reviewed,,,Camera 3 Video (91),bs0913,1,1,[마른 꽃부리 후보 — 열매에 포함할지 규칙 미정],,detect_seed,lsh,,none,,
blueberry,Camera 3 Video (91)_61,reviewed_260917,reviewed_260917,keep,,,reviewed,,,Camera 3 Video (91),bs0915,1,1,,,detect_seed,lsh,,none,,
blueberry,Camera 3 Video (91)_121,reviewed_260917,reviewed_260917,keep,,,reviewed,,,Camera 3 Video (91),bs0914,1,1,,,detect_seed,lsh,,none,,
blueberry,Camera 3 Video (92)_1,reviewed_260917,reviewed_260917,keep,,,reviewed,,,Camera 3 Video (92),bs0916,1,1,,,detect_seed,lsh,,none,,
blueberry,Camera 3 Video (92)_61,reviewed_260917,reviewed_260917,keep,,,reviewed,,,Camera 3 Video (92),b056,1,1,"같은 포기가 겹쳐 보이는 쌍(Camera 3 Video (92)_121 ↔ Camera 3 Video (92)_61) — «거의 같은 사진» 은 아님, 뺄지는 교수님 결정",Camera 3 Video (92)_121,detect_seed,lsh,,none,,
blueberry,Camera 3 Video (92)_121,reviewed_260917,reviewed_260917,keep,,,reviewed,,,Camera 3 Video (92),b056,1,1,"같은 포기가 겹쳐 보이는 쌍(Camera 3 Video (92)_121 ↔ Camera 3 Video (92)_61) — «거의 같은 사진» 은 아님, 뺄지는 교수님 결정 [마른 꽃부리 후보 — 열매에 포함할지 규칙 미정]",Camera 3 Video (92)_61,detect_seed,lsh,,none,,
blueberry,Camera 3 Video (93)_1,reviewed_260917,reviewed_260917,keep,,,reviewed,,,Camera 3 Video (93),bs0917,1,1,,,detect_seed,lsh,,none,,
blueberry,Camera 3 Video (93)_61,reviewed_260917,reviewed_260917,keep,,,reviewed,,,Camera 3 Video (93),bs0922,1,1,,,detect_seed,lsh,,none,,
blueberry,Camera 3 Video (93)_121,reviewed_260917,reviewed_260917,keep,,,reviewed,,,Camera 3 Video (93),bs0918,1,1,,,detect_seed,lsh,,none,,
blueberry,Camera 3 Video (93)_181,reviewed_260917,reviewed_260917,keep,,,reviewed,,,Camera 3 Video (93),bs0919,1,1,,,detect_seed,lsh,,none,,
blueberry,Camera 3 Video (93)_241,reviewed_260917,reviewed_260917,keep,,,reviewed,,,Camera 3 Video (93),bs0920,1,1,,,detect_seed,lsh,,none,,
blueberry,Camera 3 Video (93)_301,reviewed_260917,reviewed_260917,keep,,,reviewed,,,Camera 3 Video (93),bs0921,1,1,[마른 꽃부리 후보 — 열매에 포함할지 규칙 미정],,detect_seed,lsh,,none,,
blueberry,Camera 3 Video (94)_1,reviewed_260917,reviewed_260917,keep,,,reviewed,,,Camera 3 Video (94),bs0923,1,1,,,detect_seed,lsh,,none,,
blueberry,Camera 3 Video (94)_61,reviewed_260917,reviewed_260917,keep,,,reviewed,,,Camera 3 Video (94),bs0927,1,1,,,detect_seed,lsh,,none,,
blueberry,Camera 3 Video (94)_121,reviewed_260917,reviewed_260917,keep,,,reviewed,,,Camera 3 Video (94),bs0924,1,1,"[candidate_unclear] 누락 후보 #99 bbox 285,1374,386,1439 — 초점 밖/작아서 판단 불가 [마른 꽃부리 후보 — 열매에 포함할지 규칙 미정]",,detect_seed,lsh,,none,,
blueberry,Camera 3 Video (94)_181,reviewed_260917,reviewed_260917,keep,,,reviewed,,,Camera 3 Video (94),bs0925,1,1,,,detect_seed,lsh,,none,,
blueberry,Camera 3 Video (94)_241,reviewed_260917,reviewed_260917,keep,,,reviewed,,,Camera 3 Video (94),bs0926,1,1,"[candidate_unclear] 누락 후보 #215 bbox 348,384,413,448 — 초점 밖/작아서 판단 불가",,detect_seed,lsh,,none,,
blueberry,Camera 3 Video (95)_1,reviewed_260917,reviewed_260917,keep,,,reviewed,,,Camera 3 Video (95),bs0928,1,1,"[candidate_unclear] 누락 후보 #72 bbox 969,544,1035,668 — 초점 밖/작아서 판단 불가",,detect_seed,lsh,,none,,
blueberry,Camera 3 Video (95)_61,reviewed_260917,reviewed_260917,keep,,,reviewed,,,Camera 3 Video (95),bs0931,1,1,,,detect_seed,lsh,,none,,bottom_5pct_ratio
blueberry,Camera 3 Video (95)_121,reviewed_260917,reviewed_260917,keep,,,reviewed,,,Camera 3 Video (95),bs0929,1,1,"[candidate_unclear] 누락 후보 #59 bbox 401,1037,473,1160 — 초점 밖/작아서 판단 불가 [마른 꽃부리 후보 — 열매에 포함할지 규칙 미정]",,detect_seed,lsh,,none,,
blueberry,Camera 3 Video (95)_181,reviewed_260917,reviewed_260917,keep,,,reviewed,,,Camera 3 Video (95),bs0930,1,1,[마른 꽃부리 후보 — 열매에 포함할지 규칙 미정],,detect_seed,lsh,,none,,
blueberry,Camera 3 Video (96)_1,reviewed_260917,reviewed_260917,keep,,,reviewed,,,Camera 3 Video (96),bs0932,1,1,[마른 꽃부리 후보 — 열매에 포함할지 규칙 미정],,detect_seed,lsh,,none,,
blueberry,Camera 3 Video (96)_61,reviewed_260917,reviewed_260917,keep,,,reviewed,,,Camera 3 Video (96),bs0934,1,1,,,detect_seed,lsh,,none,,
blueberry,Camera 3 Video (96)_121,reviewed_260917,reviewed_260917,keep,,,reviewed,,,Camera 3 Video (96),bs0933,1,1,,,detect_seed,lsh,,none,,
blueberry,Camera 3 Video (97)_1,reviewed_260917,reviewed_260917,keep,,,reviewed,,,Camera 3 Video (97),bs0935,1,1,,,detect_seed,lsh,,none,,
blueberry,Camera 3 Video (97)_61,reviewed_260917,reviewed_260917,keep,,,reviewed,,,Camera 3 Video (97),bs0937,1,1,"[candidate_unclear] 누락 후보 #270 bbox 1399,12,1439,108 — 초점 밖/작아서 판단 불가 [마른 꽃부리 후보 — 열매에 포함할지 규칙 미정]",,detect_seed,lsh,,none,,
blueberry,Camera 3 Video (97)_121,reviewed_260917,reviewed_260917,keep,,,reviewed,,,Camera 3 Video (97),bs0936,1,1,,,detect_seed,lsh,,none,,
blueberry,Camera 3 Video (97)_181,reviewed_260917,reviewed_260917,keep,,,reviewed,,,Camera 3 Video (97),b057,1,1,,Camera 3 Video (97)_241,detect_seed,lsh,,none,,
blueberry,Camera 3 Video (97)_241,reviewed_260917,reviewed_260917,keep,,,reviewed,,,Camera 3 Video (97),b057,1,1,[마른 꽃부리 후보 — 열매에 포함할지 규칙 미정],Camera 3 Video (97)_181,detect_seed,lsh,,none,,
blueberry,Camera 3 Video (98)_1,reviewed_260917,reviewed_260917,keep,,,reviewed,,,Camera 3 Video (98),bs0938,1,1,"같은 포기가 겹쳐 보이는 쌍(Camera 3 Video (98)_1 ↔ Camera 3 Video (98)_61) — «거의 같은 사진» 은 아님, 뺄지는 교수님 결정 [candidate_unclear] 누락 후보 #150 bbox 0,826,49,922 — 초점 밖/작아서 판단 불가 [candidate_unclear] 누락 후보 #277 bbox 0,512,31,637 — 초점 밖/작아서 판단 불가",,detect_seed,lsh,,none,,
blueberry,Camera 3 Video (98)_61,reviewed_260917,reviewed_260917,keep,,,reviewed,,,Camera 3 Video (98),bs0939,1,1,"같은 포기가 겹쳐 보이는 쌍(Camera 3 Video (98)_1 ↔ Camera 3 Video (98)_61) — «거의 같은 사진» 은 아님, 뺄지는 교수님 결정",,detect_seed,lsh,,none,,
blueberry,Camera 3 Video (99)_1,reviewed_260917,reviewed_260917,keep,,,reviewed,,,Camera 3 Video (99),bs0940,1,1,"[candidate_unclear] 누락 후보 #13 bbox 1364,587,1439,763 — 초점 밖/작아서 판단 불가",,detect_seed,lsh,,none,,
blueberry,Camera 3 Video (99)_61,reviewed_260917,reviewed_260917,keep,,,reviewed,,,Camera 3 Video (99),bs0941,1,1,"[candidate_unclear] 누락 후보 #73 bbox 866,510,978,580 — 초점 밖/작아서 판단 불가",,detect_seed,lsh,,none,,
blueberry,Camera 3 Video (100)_1,reviewed_260917,reviewed_260917,keep,,,reviewed,,,Camera 3 Video (100),bs0532,1,1,,,detect_seed,lsh,,none,,
blueberry,Camera 3 Video (100)_61,reviewed_260917,reviewed_260917,keep,,,reviewed,,,Camera 3 Video (100),bs0536,1,1,,,detect_seed,lsh,,none,,bottom_5pct_ratio
blueberry,Camera 3 Video (100)_121,reviewed_260917,reviewed_260917,keep,,,reviewed,,,Camera 3 Video (100),bs0533,1,1,"같은 포기가 겹쳐 보이는 쌍(Camera 3 Video (100)_121 ↔ Camera 3 Video (100)_181) — «거의 같은 사진» 은 아님, 뺄지는 교수님 결정",,detect_seed,lsh,,none,,
blueberry,Camera 3 Video (100)_181,reviewed_260917,reviewed_260917,keep,,,reviewed,,,Camera 3 Video (100),bs0534,1,1,"같은 포기가 겹쳐 보이는 쌍(Camera 3 Video (100)_121 ↔ Camera 3 Video (100)_181) — «거의 같은 사진» 은 아님, 뺄지는 교수님 결정",,detect_seed,lsh,,none,,
blueberry,Camera 3 Video (100)_241,reviewed_260917,reviewed_260917,keep,,,reviewed,,,Camera 3 Video (100),bs0535,1,1,[마른 꽃부리 후보 — 열매에 포함할지 규칙 미정],,detect_seed,lsh,,none,,
blueberry,Camera 3 Video (101)_1,reviewed_260917,reviewed_260917,keep,,,reviewed,,,Camera 3 Video (101),b018,1,1,"같은 포기가 겹쳐 보이는 쌍(Camera 3 Video (101)_1 ↔ Camera 3 Video (101)_61 ↔ Camera 3 Video (101)_121) — «거의 같은 사진» 은 아님, 뺄지는 교수님 결정",Camera 3 Video (101)_61,detect_seed,lsh,,none,,
blueberry,Camera 3 Video (101)_61,reviewed_260917,reviewed_260917,keep,,,reviewed,,,Camera 3 Video (101),b018,1,1,"같은 포기가 겹쳐 보이는 쌍(Camera 3 Video (101)_1 ↔ Camera 3 Video (101)_61 ↔ Camera 3 Video (101)_121) — «거의 같은 사진» 은 아님, 뺄지는 교수님 결정",Camera 3 Video (101)_1,detect_seed,lsh,,none,,
blueberry,Camera 3 Video (101)_121,-,-,excluded_duplicate,reviewed_duplicate,거의 같은 사진(대표 Camera 3 Video (101)_61 만 남김),ai,,,Camera 3 Video (101),b018,0,0,"같은 포기가 겹쳐 보이는 쌍(Camera 3 Video (101)_1 ↔ Camera 3 Video (101)_61 ↔ Camera 3 Video (101)_121) — «거의 같은 사진» 은 아님, 뺄지는 교수님 결정 [마른 꽃부리 후보 — 열매에 포함할지 규칙 미정]",,none,none,,none,,
blueberry,Camera 3 Video (102)_421,reviewed_260917,reviewed_260917,keep,,,reviewed,,,Camera 3 Video (102),bs0538,1,1,,,detect_seed,lsh,,none,,
blueberry,Camera 3 Video (102)_541,reviewed_260917,reviewed_260917,keep,,,reviewed,,,Camera 3 Video (102),bs0539,1,1,,,detect_seed,lsh,,none,,
blueberry,Camera 3 Video (102)_601,reviewed_260917,reviewed_260917,keep,,,reviewed,,,Camera 3 Video (102),b019,1,1,"같은 포기가 겹쳐 보이는 쌍(Camera 3 Video (102)_601 ↔ Camera 3 Video (102)_661 ↔ Camera 3 Video (102)_721) — «거의 같은 사진» 은 아님, 뺄지는 교수님 결정",Camera 3 Video (102)_661,detect_seed,lsh,,none,,
blueberry,Camera 3 Video (102)_661,reviewed_260917,reviewed_260917,keep,,,reviewed,,,Camera 3 Video (102),b019,1,1,"같은 포기가 겹쳐 보이는 쌍(Camera 3 Video (102)_601 ↔ Camera 3 Video (102)_661 ↔ Camera 3 Video (102)_721) — «거의 같은 사진» 은 아님, 뺄지는 교수님 결정",Camera 3 Video (102)_601|Camera 3 Video (102)_841,detect_seed,lsh,,none,,
blueberry,Camera 3 Video (102)_721,-,-,excluded_duplicate,reviewed_duplicate,거의 같은 사진(대표 Camera 3 Video (102)_661 만 남김),ai,,,Camera 3 Video (102),b019,0,0,"같은 포기가 겹쳐 보이는 쌍(Camera 3 Video (102)_601 ↔ Camera 3 Video (102)_661 ↔ Camera 3 Video (102)_721) — «거의 같은 사진» 은 아님, 뺄지는 교수님 결정",,none,none,,none,,
blueberry,Camera 3 Video (102)_781,reviewed_260917,reviewed_260917,keep,,,reviewed,,,Camera 3 Video (102),b019,1,1,"같은 포기가 겹쳐 보이는 쌍(Camera 3 Video (102)_781 ↔ Camera 3 Video (102)_841) — «거의 같은 사진» 은 아님, 뺄지는 교수님 결정 [candidate_unclear] 누락 후보 #203 bbox 1055,1342,1136,1405 — 초점 밖/작아서 판단 불가 [마른 꽃부리 후보 — 열매에 포함할지 규칙 미정]",Camera 3 Video (102)_841,detect_seed,lsh,,none,,
blueberry,Camera 3 Video (102)_841,reviewed_260917,reviewed_260917,keep,,,reviewed,,,Camera 3 Video (102),b019,1,1,"같은 포기가 겹쳐 보이는 쌍(Camera 3 Video (102)_781 ↔ Camera 3 Video (102)_841) — «거의 같은 사진» 은 아님, 뺄지는 교수님 결정 [마른 꽃부리 후보 — 열매에 포함할지 규칙 미정]",Camera 3 Video (102)_661|Camera 3 Video (102)_781,detect_seed,lsh,,none,,
blueberry,Camera 3 Video (102)_901,reviewed_260917,reviewed_260917,keep,,,reviewed,,,Camera 3 Video (102),bs0540,1,1,[마른 꽃부리 후보 — 열매에 포함할지 규칙 미정],,detect_seed,lsh,,none,,
blueberry,Camera 3 Video (102)_1021,reviewed_260917,reviewed_260917,keep,,,reviewed,,,Camera 3 Video (102),bs0537,1,1,,,detect_seed,lsh,,none,,
blueberry,Camera 3 Video (103)_61,reviewed_260917,reviewed_260917,keep,,,reviewed,,,Camera 3 Video (103),bs0542,1,1,[마른 꽃부리 후보 — 열매에 포함할지 규칙 미정],,detect_seed,lsh,,none,,
blueberry,Camera 3 Video (103)_121,reviewed_260917,reviewed_260917,keep,,,reviewed,,,Camera 3 Video (103),bs0541,1,1,[rule_undecided] 가운데 초록 어린 열매를 GT 가 빠뜨림(AI 는 잡음),,detect_seed,lsh,,none,,
blueberry,Camera 3 Video (105)_1,reviewed_260917,reviewed_260917,keep,,,reviewed,,,Camera 3 Video (105),bs0543,1,1,"[candidate_unclear] 누락 후보 #288 bbox 67,188,119,250 — 초점 밖/작아서 판단 불가",,detect_seed,lsh,,none,,
blueberry,Camera 3 Video (105)_61,reviewed_260917,reviewed_260917,keep,,,reviewed,,,Camera 3 Video (105),bs0544,1,1,,,detect_seed,lsh,,none,,
blueberry,Camera 3 Video (107)_61,reviewed_260917,reviewed_260917,keep,,,reviewed,,,Camera 3 Video (107),bs0548,1,1,,,detect_seed,lsh,,none,,
blueberry,Camera 3 Video (107)_121,reviewed_260917,reviewed_260917,keep,,,reviewed,,,Camera 3 Video (107),bs0545,1,1,,,detect_seed,lsh,,none,,
blueberry,Camera 3 Video (107)_181,reviewed_260917,reviewed_260917,keep,,,reviewed,,,Camera 3 Video (107),bs0546,1,1,,,detect_seed,lsh,,none,,
blueberry,Camera 3 Video (107)_241,reviewed_260917,reviewed_260917,keep,,,reviewed,,,Camera 3 Video (107),bs0547,1,1,[마른 꽃부리 후보 — 열매에 포함할지 규칙 미정],,detect_seed,lsh,,none,,
blueberry,Camera 3 Video (108)_61,reviewed_260917,reviewed_260917,keep,,,reviewed,,,Camera 3 Video (108),bs0549,1,1,,,detect_seed,lsh,,none,,
blueberry,Camera 3 Video (109)_1,reviewed_260917,reviewed_260917,keep,,,reviewed,,,Camera 3 Video (109),bs0550,1,1,,,detect_seed,lsh,,none,,
blueberry,Camera 3 Video (109)_61,reviewed_260917,reviewed_260917,keep,,,reviewed,,,Camera 3 Video (109),bs0552,1,1,,,detect_seed,lsh,,none,,
blueberry,Camera 3 Video (109)_121,reviewed_260917,reviewed_260917,keep,,,reviewed,,,Camera 3 Video (109),bs0551,1,1,,,detect_seed,lsh,,none,,
blueberry,Camera 3 Video (110)_1,reviewed_260917,reviewed_260917,keep,,,reviewed,,,Camera 3 Video (110),bs0555,1,1,[마른 꽃부리 후보 — 열매에 포함할지 규칙 미정],,detect_seed,lsh,,none,,
blueberry,Camera 3 Video (110)_61,reviewed_260917,reviewed_260917,keep,,,reviewed,,,Camera 3 Video (110),bs0557,1,1,,,detect_seed,lsh,,none,,
blueberry,Camera 3 Video (110)_181,reviewed_260917,reviewed_260917,keep,,,reviewed,,,Camera 3 Video (110),bs0556,1,1,,,detect_seed,lsh,,none,,
blueberry,Camera 3 Video (111)_1,reviewed_260917,reviewed_260917,keep,,,reviewed,,,Camera 3 Video (111),bs0558,1,1,,,detect_seed,lsh,,none,,
blueberry,Camera 3 Video (111)_61,reviewed_260917,reviewed_260917,keep,,,reviewed,,,Camera 3 Video (111),bs0559,1,1,,,detect_seed,lsh,,none,,
blueberry,Camera 3 Video (111)_241,reviewed_260917,reviewed_260917,keep,,,reviewed,,,Camera 3 Video (111),b020,1,1,,Camera 3 Video (111)_301,detect_seed,lsh,,none,,
blueberry,Camera 3 Video (111)_301,reviewed_260917,reviewed_260917,keep,,,reviewed,,,Camera 3 Video (111),b020,1,1,,Camera 3 Video (111)_241,detect_seed,lsh,,none,,
blueberry,Camera 3 Video (112)_1,reviewed_260917,reviewed_260917,keep,,,reviewed,,,Camera 3 Video (112),bs0560,1,1,,,detect_seed,lsh,,none,,
blueberry,Camera 3 Video (112)_121,reviewed_260917,reviewed_260917,keep,,,reviewed,,,Camera 3 Video (112),bs0561,1,1,"[candidate_unclear] 누락 후보 #97 bbox 1333,248,1393,358 — 초점 밖/작아서 판단 불가",,detect_seed,lsh,,none,,
blueberry,Camera 3 Video (112)_181,reviewed_260917,reviewed_260917,keep,,,reviewed,,,Camera 3 Video (112),bs0562,1,1,"[candidate_unclear] 누락 후보 #192 bbox 1102,41,1177,100 — 초점 밖/작아서 판단 불가",,detect_seed,lsh,,none,,
blueberry,Camera 3 Video (112)_241,reviewed_260917,reviewed_260917,keep,,,reviewed,,,Camera 3 Video (112),bs0563,1,1,,,detect_seed,lsh,,none,,
blueberry,Camera 3 Video (112)_301,reviewed_260917,reviewed_260917,keep,,,reviewed,,,Camera 3 Video (112),bs0564,1,1,,,detect_seed,lsh,,none,,
blueberry,Camera 3 Video (112)_361,reviewed_260917,reviewed_260917,keep,,,reviewed,,,Camera 3 Video (112),bs0565,1,1,,,detect_seed,lsh,,none,,
blueberry,Camera 3 Video (112)_421,reviewed_260917,reviewed_260917,keep,,,reviewed,,,Camera 3 Video (112),bs0566,1,1,,,detect_seed,lsh,,none,,
blueberry,Camera 3 Video (112)_481,reviewed_260917,reviewed_260917,keep,,,reviewed,,,Camera 3 Video (112),bs0567,1,1,,,detect_seed,lsh,,none,,
blueberry,Camera 3 Video (112)_541,reviewed_260917,reviewed_260917,keep,,,reviewed,,,Camera 3 Video (112),bs0568,1,1,,,detect_seed,lsh,,none,,
blueberry,Camera 3 Video (112)_601,reviewed_260917,reviewed_260917,keep,,,reviewed,,,Camera 3 Video (112),bs0569,1,1,,,detect_seed,lsh,,none,,
blueberry,Camera 3 Video (113)_1,reviewed_260917,reviewed_260917,keep,,,reviewed,,,Camera 3 Video (113),bs0570,1,1,"같은 포기가 겹쳐 보이는 쌍(Camera 3 Video (113)_1 ↔ Camera 3 Video (113)_61) — «거의 같은 사진» 은 아님, 뺄지는 교수님 결정",,detect_seed,lsh,,none,,
blueberry,Camera 3 Video (113)_61,reviewed_260917,reviewed_260917,keep,,,reviewed,,,Camera 3 Video (113),bs0575,1,1,"같은 포기가 겹쳐 보이는 쌍(Camera 3 Video (113)_1 ↔ Camera 3 Video (113)_61) — «거의 같은 사진» 은 아님, 뺄지는 교수님 결정",,detect_seed,lsh,,none,,
blueberry,Camera 3 Video (113)_181,reviewed_260917,reviewed_260917,keep,,,reviewed,,,Camera 3 Video (113),bs0571,1,1,,,detect_seed,lsh,,none,,
blueberry,Camera 3 Video (113)_241,reviewed_260917,reviewed_260917,keep,,,reviewed,,,Camera 3 Video (113),bs0572,1,1,,,detect_seed,lsh,,none,,
blueberry,Camera 3 Video (113)_301,reviewed_260917,reviewed_260917,keep,,,reviewed,,,Camera 3 Video (113),bs0573,1,1,,,detect_seed,lsh,,none,,
blueberry,Camera 3 Video (113)_361,reviewed_260917,reviewed_260917,keep,,,reviewed,,,Camera 3 Video (113),bs0574,1,1,,,detect_seed,lsh,,none,,
blueberry,Camera 3 Video (114)_1,reviewed_260917,reviewed_260917,keep,,,reviewed,,,Camera 3 Video (114),bs0576,1,1,,,detect_seed,lsh,,none,,
blueberry,Camera 3 Video (114)_61,reviewed_260917,reviewed_260917,keep,,,reviewed,,,Camera 3 Video (114),bs0579,1,1,,,detect_seed,lsh,,none,,
blueberry,Camera 3 Video (114)_181,reviewed_260917,reviewed_260917,keep,,,reviewed,,,Camera 3 Video (114),bs0577,1,1,,,detect_seed,lsh,,none,,
blueberry,Camera 3 Video (114)_241,reviewed_260917,reviewed_260917,keep,,,reviewed,,,Camera 3 Video (114),bs0578,1,1,,,detect_seed,lsh,,none,,
blueberry,Camera 3 Video (115)_1,reviewed_260917,reviewed_260917,keep,,,reviewed,,,Camera 3 Video (115),bs0580,1,1,"같은 포기가 겹쳐 보이는 쌍(Camera 3 Video (115)_61 ↔ Camera 3 Video (115)_1) — «거의 같은 사진» 은 아님, 뺄지는 교수님 결정",,detect_seed,lsh,,none,,
blueberry,Camera 3 Video (115)_61,reviewed_260917,reviewed_260917,keep,,,reviewed,,,Camera 3 Video (115),bs0586,1,1,"같은 포기가 겹쳐 보이는 쌍(Camera 3 Video (115)_61 ↔ Camera 3 Video (115)_1) — «거의 같은 사진» 은 아님, 뺄지는 교수님 결정",,detect_seed,lsh,,none,,
blueberry,Camera 3 Video (115)_121,reviewed_260917,reviewed_260917,keep,,,reviewed,,,Camera 3 Video (115),bs0581,1,1,,,detect_seed,lsh,,none,,
blueberry,Camera 3 Video (115)_181,reviewed_260917,reviewed_260917,keep,,,reviewed,,,Camera 3 Video (115),bs0582,1,1,,,detect_seed,lsh,,none,,
blueberry,Camera 3 Video (115)_241,reviewed_260917,reviewed_260917,keep,,,reviewed,,,Camera 3 Video (115),bs0583,1,1,,,detect_seed,lsh,,none,,
blueberry,Camera 3 Video (115)_301,reviewed_260917,reviewed_260917,keep,,,reviewed,,,Camera 3 Video (115),bs0584,1,1,,,detect_seed,lsh,,none,,
blueberry,Camera 3 Video (115)_601,reviewed_260917,reviewed_260917,keep,,,reviewed,,,Camera 3 Video (115),bs0585,1,1,,,detect_seed,lsh,,none,,
blueberry,Camera 3 Video (115)_781,reviewed_260917,reviewed_260917,keep,,,reviewed,,,Camera 3 Video (115),bs0587,1,1,,,detect_seed,lsh,,none,,
blueberry,Camera 3 Video (116)_1,reviewed_260917,reviewed_260917,keep,,,reviewed,,,Camera 3 Video (116),bs0588,1,1,"같은 포기가 겹쳐 보이는 쌍(Camera 3 Video (116)_1 ↔ Camera 3 Video (116)_61) — «거의 같은 사진» 은 아님, 뺄지는 교수님 결정",,detect_seed,lsh,,none,,
blueberry,Camera 3 Video (116)_61,reviewed_260917,reviewed_260917,keep,,,reviewed,,,Camera 3 Video (116),bs0595,1,1,"같은 포기가 겹쳐 보이는 쌍(Camera 3 Video (116)_1 ↔ Camera 3 Video (116)_61) — «거의 같은 사진» 은 아님, 뺄지는 교수님 결정",,detect_seed,lsh,,none,,
blueberry,Camera 3 Video (116)_121,reviewed_260917,reviewed_260917,keep,,,reviewed,,,Camera 3 Video (116),bs0589,1,1,,,detect_seed,lsh,,none,,
blueberry,Camera 3 Video (116)_181,reviewed_260917,reviewed_260917,keep,,,reviewed,,,Camera 3 Video (116),bs0590,1,1,"[candidate_unclear] 누락 후보 #273 bbox 913,880,975,952 — 초점 밖/작아서 판단 불가 [마른 꽃부리 후보 — 열매에 포함할지 규칙 미정]",,detect_seed,lsh,,none,,
blueberry,Camera 3 Video (116)_241,reviewed_260917,reviewed_260917,keep,,,reviewed,,,Camera 3 Video (116),bs0591,1,1,,,detect_seed,lsh,,none,,
blueberry,Camera 3 Video (116)_301,reviewed_260917,reviewed_260917,keep,,,reviewed,,,Camera 3 Video (116),bs0592,1,1,,,detect_seed,lsh,,none,,
blueberry,Camera 3 Video (116)_481,reviewed_260917,reviewed_260917,keep,,,reviewed,,,Camera 3 Video (116),bs0593,1,1,,,detect_seed,lsh,,none,,
blueberry,Camera 3 Video (116)_541,reviewed_260917,reviewed_260917,keep,,,reviewed,,,Camera 3 Video (116),bs0594,1,1,,,detect_seed,lsh,,none,,
blueberry,Camera 3 Video (117)_1,reviewed_260917,reviewed_260917,keep,,,reviewed,,,Camera 3 Video (117),bs0596,1,1,,,detect_seed,lsh,,none,,
blueberry,Camera 3 Video (117)_241,reviewed_260917,reviewed_260917,keep,,,reviewed,,,Camera 3 Video (117),bs0597,1,1,[마른 꽃부리 후보 — 열매에 포함할지 규칙 미정],,detect_seed,lsh,,none,,
blueberry,Camera 3 Video (119)_61,reviewed_260917,reviewed_260917,keep,,,reviewed,,,Camera 3 Video (119),bs0598,1,1,,,detect_seed,lsh,,none,,
blueberry,Camera 3 Video (120)_61,reviewed_260917,reviewed_260917,keep,,,reviewed,,,Camera 3 Video (120),bs0602,1,1,,,detect_seed,lsh,,none,,
blueberry,Camera 3 Video (120)_121,reviewed_260917,reviewed_260917,keep,,,reviewed,,,Camera 3 Video (120),bs0599,1,1,,,detect_seed,lsh,,none,,
blueberry,Camera 3 Video (120)_181,reviewed_260917,reviewed_260917,keep,,,reviewed,,,Camera 3 Video (120),bs0600,1,1,,,detect_seed,lsh,,none,,
blueberry,Camera 3 Video (120)_241,reviewed_260917,reviewed_260917,keep,,,reviewed,,,Camera 3 Video (120),bs0601,1,1,[마른 꽃부리 후보 — 열매에 포함할지 규칙 미정] [flag 에서 내림] 고칠 수 없는 규칙 문제(낙과·뒷줄 / 같은 열매의 경계 / 마른 꽃부리)만 있음,,detect_seed,lsh,,none,,
blueberry,Camera 3 Video (121)_1,reviewed_260917,reviewed_260917,keep,,,reviewed,,,Camera 3 Video (121),bs0603,1,1,,,detect_seed,lsh,,none,,
blueberry,Camera 3 Video (121)_61,reviewed_260917,reviewed_260917,keep,,,reviewed,,,Camera 3 Video (121),bs0650,1,1,,,detect_seed,lsh,,none,,
blueberry,Camera 3 Video (121)_121,reviewed_260917,reviewed_260917,keep,,,reviewed,,,Camera 3 Video (121),bs0607,1,1,,,detect_seed,lsh,,none,,
blueberry,Camera 3 Video (121)_421,reviewed_260917,reviewed_260917,keep,,,reviewed,,,Camera 3 Video (121),bs0637,1,1,,,detect_seed,lsh,,none,,
blueberry,Camera 3 Video (121)_481,reviewed_260917,reviewed_260917,keep,,,reviewed,,,Camera 3 Video (121),bs0644,1,1,,,detect_seed,lsh,,none,,
blueberry,Camera 3 Video (121)_541,reviewed_260917,reviewed_260917,keep,,,reviewed,,,Camera 3 Video (121),bs0649,1,1,,,detect_seed,lsh,,none,,
blueberry,Camera 3 Video (121)_661,reviewed_260917,reviewed_260917,keep,,,reviewed,,,Camera 3 Video (121),bs0651,1,1,,,detect_seed,lsh,,none,,
blueberry,Camera 3 Video (121)_721,reviewed_260917,reviewed_260917,keep,,,reviewed,,,Camera 3 Video (121),bs0652,1,1,,,detect_seed,lsh,,none,,
blueberry,Camera 3 Video (121)_901,reviewed_260917,reviewed_260917,keep,,,reviewed,,,Camera 3 Video (121),bs0653,1,1,[마른 꽃부리 후보 — 열매에 포함할지 규칙 미정],,detect_seed,lsh,,none,,
blueberry,Camera 3 Video (121)_1021,reviewed_260917,reviewed_260917,keep,,,reviewed,,,Camera 3 Video (121),bs0604,1,1,,,detect_seed,lsh,,none,,
blueberry,Camera 3 Video (121)_1141,reviewed_260917,reviewed_260917,keep,,,reviewed,,,Camera 3 Video (121),bs0605,1,1,[마른 꽃부리 후보 — 열매에 포함할지 규칙 미정],,detect_seed,lsh,,none,,
blueberry,Camera 3 Video (121)_1201,reviewed_260917,reviewed_260917,keep,,,reviewed,,,Camera 3 Video (121),bs0606,1,1,[마른 꽃부리 후보 — 열매에 포함할지 규칙 미정],,detect_seed,lsh,,none,,
blueberry,Camera 3 Video (121)_1261,reviewed_260917,reviewed_260917,keep,,,reviewed,,,Camera 3 Video (121),bs0608,1,1,,,detect_seed,lsh,,none,,
blueberry,Camera 3 Video (121)_1321,reviewed_260917,reviewed_260917,keep,,,reviewed,,,Camera 3 Video (121),bs0609,1,1,,,detect_seed,lsh,,none,,
blueberry,Camera 3 Video (121)_1441,reviewed_260917,reviewed_260917,keep,,,reviewed,,,Camera 3 Video (121),bs0610,1,1,[마른 꽃부리 후보 — 열매에 포함할지 규칙 미정],,detect_seed,lsh,,none,,
blueberry,Camera 3 Video (121)_1561,reviewed_260917,reviewed_260917,keep,,,reviewed,,,Camera 3 Video (121),bs0611,1,1,,,detect_seed,lsh,,none,,
blueberry,Camera 3 Video (121)_1621,reviewed_260917,reviewed_260917,keep,,,reviewed,,,Camera 3 Video (121),bs0612,1,1,,,detect_seed,lsh,,none,,
blueberry,Camera 3 Video (121)_1801,reviewed_260917,reviewed_260917,keep,,,reviewed,,,Camera 3 Video (121),bs0613,1,1,,,detect_seed,lsh,,none,,
blueberry,Camera 3 Video (121)_1861,reviewed_260917,reviewed_260917,keep,,,reviewed,,,Camera 3 Video (121),b021,1,1,,Camera 3 Video (121)_5041,detect_seed,lsh,,none,,
blueberry,Camera 3 Video (121)_1921,reviewed_260917,reviewed_260917,keep,,,reviewed,,,Camera 3 Video (121),bs0614,1,1,[마른 꽃부리 후보 — 열매에 포함할지 규칙 미정],,detect_seed,lsh,,none,,
blueberry,Camera 3 Video (121)_1981,reviewed_260917,reviewed_260917,keep,,,reviewed,,,Camera 3 Video (121),bs0615,1,1,,,detect_seed,lsh,,none,,
blueberry,Camera 3 Video (121)_2041,reviewed_260917,reviewed_260917,keep,,,reviewed,,,Camera 3 Video (121),bs0616,1,1,,,detect_seed,lsh,,none,,
blueberry,Camera 3 Video (121)_2101,reviewed_260917,reviewed_260917,keep,,,reviewed,,,Camera 3 Video (121),bs0617,1,1,,,detect_seed,lsh,,none,,
blueberry,Camera 3 Video (121)_2161,reviewed_260917,reviewed_260917,keep,,,reviewed,,,Camera 3 Video (121),bs0618,1,1,,,detect_seed,lsh,,none,,
blueberry,Camera 3 Video (121)_2281,reviewed_260917,reviewed_260917,keep,,,reviewed,,,Camera 3 Video (121),bs0619,1,1,[마른 꽃부리 후보 — 열매에 포함할지 규칙 미정],,detect_seed,lsh,,none,,
blueberry,Camera 3 Video (121)_2341,reviewed_260917,reviewed_260917,keep,,,reviewed,,,Camera 3 Video (121),bs0620,1,1,,,detect_seed,lsh,,none,,bottom_5pct_ratio
blueberry,Camera 3 Video (121)_2401,reviewed_260917,reviewed_260917,keep,,,reviewed,,,Camera 3 Video (121),bs0621,1,1,,,detect_seed,lsh,,none,,
blueberry,Camera 3 Video (121)_2821,reviewed_260917,reviewed_260917,keep,,,reviewed,,,Camera 3 Video (121),bs0622,1,1,,,detect_seed,lsh,,none,,
blueberry,Camera 3 Video (121)_3001,reviewed_260917,reviewed_260917,keep,,,reviewed,,,Camera 3 Video (121),bs0623,1,1,,,detect_seed,lsh,,none,,
blueberry,Camera 3 Video (121)_3061,reviewed_260917,reviewed_260917,keep,,,reviewed,,,Camera 3 Video (121),bs0624,1,1,,,detect_seed,lsh,,none,,
blueberry,Camera 3 Video (121)_3121,reviewed_260917,reviewed_260917,keep,,,reviewed,,,Camera 3 Video (121),b022,1,1,"[candidate_unclear] 누락 후보 #153 bbox 27,860,102,936 — 초점 밖/작아서 판단 불가",Camera 3 Video (121)_4321,detect_seed,lsh,,none,,
blueberry,Camera 3 Video (121)_3181,reviewed_260917,reviewed_260917,keep,,,reviewed,,,Camera 3 Video (121),bs0625,1,1,,,detect_seed,lsh,,none,,
blueberry,Camera 3 Video (121)_3241,reviewed_260917,reviewed_260917,keep,,,reviewed,,,Camera 3 Video (121),bs0626,1,1,,,detect_seed,lsh,,none,,
blueberry,Camera 3 Video (121)_3301,reviewed_260917,reviewed_260917,keep,,,reviewed,,,Camera 3 Video (121),bs0627,1,1,,,detect_seed,lsh,,none,,
blueberry,Camera 3 Video (121)_3361,reviewed_260917,reviewed_260917,keep,,,reviewed,,,Camera 3 Video (121),bs0628,1,1,,,detect_seed,lsh,,none,,
blueberry,Camera 3 Video (121)_3421,reviewed_260917,reviewed_260917,keep,,,reviewed,,,Camera 3 Video (121),bs0629,1,1,,,detect_seed,lsh,,none,,
blueberry,Camera 3 Video (121)_3481,reviewed_260917,reviewed_260917,keep,,,reviewed,,,Camera 3 Video (121),bs0630,1,1,,,detect_seed,lsh,,none,,
blueberry,Camera 3 Video (121)_3541,reviewed_260917,reviewed_260917,keep,,,reviewed,,,Camera 3 Video (121),bs0631,1,1,[마른 꽃부리 후보 — 열매에 포함할지 규칙 미정],,detect_seed,lsh,,none,,
blueberry,Camera 3 Video (121)_3601,reviewed_260917,reviewed_260917,keep,,,reviewed,,,Camera 3 Video (121),bs0632,1,1,,,detect_seed,lsh,,none,,
blueberry,Camera 3 Video (121)_3721,reviewed_260917,reviewed_260917,keep,,,reviewed,,,Camera 3 Video (121),bs0633,1,1,"[candidate_unclear] 누락 후보 #271 bbox 327,371,383,447 — 초점 밖/작아서 판단 불가 [마른 꽃부리 후보 — 열매에 포함할지 규칙 미정]",,detect_seed,lsh,,none,,
blueberry,Camera 3 Video (121)_3961,reviewed_260917,reviewed_260917,keep,,,reviewed,,,Camera 3 Video (121),bs0634,1,1,[마른 꽃부리 후보 — 열매에 포함할지 규칙 미정],,detect_seed,lsh,,none,,
blueberry,Camera 3 Video (121)_4081,reviewed_260917,reviewed_260917,keep,,,reviewed,,,Camera 3 Video (121),bs0635,1,1,[마른 꽃부리 후보 — 열매에 포함할지 규칙 미정],,detect_seed,lsh,,none,,
blueberry,Camera 3 Video (121)_4201,reviewed_260917,reviewed_260917,keep,,,reviewed,,,Camera 3 Video (121),bs0636,1,1,,,detect_seed,lsh,,none,,
blueberry,Camera 3 Video (121)_4321,reviewed_260917,reviewed_260917,keep,,,reviewed,,,Camera 3 Video (121),b022,1,1,,Camera 3 Video (121)_3121,detect_seed,lsh,,none,,
blueberry,Camera 3 Video (121)_4381,reviewed_260917,reviewed_260917,keep,,,reviewed,,,Camera 3 Video (121),bs0638,1,1,[마른 꽃부리 후보 — 열매에 포함할지 규칙 미정],,detect_seed,lsh,,none,,
blueberry,Camera 3 Video (121)_4561,reviewed_260917,reviewed_260917,keep,,,reviewed,,,Camera 3 Video (121),bs0639,1,1,,,detect_seed,lsh,,none,,
blueberry,Camera 3 Video (121)_4621,reviewed_260917,reviewed_260917,keep,,,reviewed,,,Camera 3 Video (121),bs0640,1,1,,,detect_seed,lsh,,none,,
blueberry,Camera 3 Video (121)_4681,reviewed_260917,reviewed_260917,keep,,,reviewed,,,Camera 3 Video (121),bs0641,1,1,,,detect_seed,lsh,,none,,
blueberry,Camera 3 Video (121)_4741,reviewed_260917,reviewed_260917,keep,,,reviewed,,,Camera 3 Video (121),bs0642,1,1,,,detect_seed,lsh,,none,,
blueberry,Camera 3 Video (121)_4801,reviewed_260917,reviewed_260917,keep,,,reviewed,,,Camera 3 Video (121),bs0643,1,1,[마른 꽃부리 후보 — 열매에 포함할지 규칙 미정],,detect_seed,lsh,,none,,
blueberry,Camera 3 Video (121)_4861,reviewed_260917,reviewed_260917,keep,,,reviewed,,,Camera 3 Video (121),bs0645,1,1,,,detect_seed,lsh,,none,,
blueberry,Camera 3 Video (121)_4921,reviewed_260917,reviewed_260917,keep,,,reviewed,,,Camera 3 Video (121),bs0646,1,1,,,detect_seed,lsh,,none,,
blueberry,Camera 3 Video (121)_4981,reviewed_260917,reviewed_260917,keep,,,reviewed,,,Camera 3 Video (121),bs0647,1,1,,,detect_seed,lsh,,none,,bottom_5pct_ratio
blueberry,Camera 3 Video (121)_5041,reviewed_260917,reviewed_260917,keep,,,reviewed,,,Camera 3 Video (121),b021,1,1,,Camera 3 Video (121)_1861,detect_seed,lsh,,none,,
blueberry,Camera 3 Video (121)_5101,reviewed_260917,reviewed_260917,keep,,,reviewed,,,Camera 3 Video (121),bs0648,1,1,,,detect_seed,lsh,,none,,
blueberry,Camera 4 Video (3)_361,reviewed_260917,reviewed_260917,keep,,,reviewed,,,Camera 4 Video (3),b075,1,1,,,detect_seed,lsh,,none,,
blueberry,Camera 4 Video (3)_481,-,-,excluded_duplicate,reviewed_duplicate,거의 같은 사진(대표 Camera 4 Video (3)_361 만 남김),ai,,,Camera 4 Video (3),b075,0,0,,,none,none,,none,,
blueberry,Camera 4 Video (4)_1,reviewed_260917,reviewed_260917,keep,,,reviewed,,,Camera 4 Video (4),bs0957,1,1,,,detect_seed,lsh,,none,,bottom_5pct_ratio
blueberry,Camera 4 Video (5)_1,reviewed_260917,reviewed_260917,keep,,,reviewed,,,Camera 4 Video (5),b084,1,1,,,detect_seed,lsh,,none,,
blueberry,Camera 4 Video (5)_61,-,-,excluded_duplicate,reviewed_duplicate,거의 같은 사진(대표 Camera 4 Video (5)_1 만 남김),ai,,,Camera 4 Video (5),b084,0,0,,,none,none,,none,,
blueberry,Camera 4 Video (5)_121,-,-,excluded_duplicate,reviewed_duplicate,거의 같은 사진(대표 Camera 4 Video (5)_1 만 남김),ai,,,Camera 4 Video (5),b084,0,0,,,none,none,,none,,
blueberry,Camera 4 Video (5)_181,-,-,excluded_duplicate,reviewed_duplicate,거의 같은 사진(대표 Camera 4 Video (5)_1 만 남김),ai,,,Camera 4 Video (5),b084,0,0,,,none,none,,none,,
blueberry,Camera 4 Video (6)_1,reviewed_260917,reviewed_260917,keep,,,reviewed,,,Camera 4 Video (6),b086,1,1,,,detect_seed,lsh,,none,,
blueberry,Camera 4 Video (6)_61,-,-,excluded_duplicate,reviewed_duplicate,거의 같은 사진(대표 Camera 4 Video (6)_1 만 남김),ai,,,Camera 4 Video (6),b086,0,0,[마른 꽃부리 후보 — 열매에 포함할지 규칙 미정],,none,none,,none,,
blueberry,Camera 4 Video (7)_1,reviewed_260917,reviewed_260917,keep,,,reviewed,,,Camera 4 Video (7),b087,1,1,,,detect_seed,lsh,,none,,
blueberry,Camera 4 Video (7)_61,-,-,excluded_duplicate,reviewed_duplicate,거의 같은 사진(대표 Camera 4 Video (7)_1 만 남김),ai,,,Camera 4 Video (7),b087,0,0,,,none,none,,none,,
blueberry,Camera 4 Video (7)_121,-,-,excluded_duplicate,reviewed_duplicate,거의 같은 사진(대표 Camera 4 Video (7)_1 만 남김),ai,,,Camera 4 Video (7),b087,0,0,,,none,none,,none,,
blueberry,Camera 4 Video (7)_181,-,-,excluded_duplicate,reviewed_duplicate,거의 같은 사진(대표 Camera 4 Video (7)_1 만 남김),ai,,,Camera 4 Video (7),b087,0,0,,,none,none,,none,,
blueberry,Camera 4 Video (8)_1,reviewed_260917,reviewed_260917,keep,,,reviewed,,,Camera 4 Video (8),b088,1,1,,,detect_seed,lsh,,none,,
blueberry,Camera 4 Video (8)_61,-,-,excluded_duplicate,reviewed_duplicate,거의 같은 사진(대표 Camera 4 Video (8)_1 만 남김),ai,,,Camera 4 Video (8),b088,0,0,,,none,none,,none,,
blueberry,Camera 4 Video (8)_121,-,-,excluded_duplicate,reviewed_duplicate,거의 같은 사진(대표 Camera 4 Video (8)_1 만 남김),ai,,,Camera 4 Video (8),b088,0,0,,,none,none,,none,,
blueberry,Camera 4 Video (8)_181,-,-,excluded_duplicate,reviewed_duplicate,거의 같은 사진(대표 Camera 4 Video (8)_1 만 남김),ai,,,Camera 4 Video (8),b088,0,0,,,none,none,,none,,
blueberry,Camera 4 Video (8)_241,-,-,excluded_duplicate,reviewed_duplicate,거의 같은 사진(대표 Camera 4 Video (8)_1 만 남김),ai,,,Camera 4 Video (8),b088,0,0,,,none,none,,none,,
blueberry,Camera 4 Video (9)_1,reviewed_260917,reviewed_260917,keep,,,reviewed,,,Camera 4 Video (9),b089,1,1,,,detect_seed,lsh,,none,,
blueberry,Camera 4 Video (9)_61,-,-,excluded_duplicate,reviewed_duplicate,거의 같은 사진(대표 Camera 4 Video (9)_1 만 남김),ai,,,Camera 4 Video (9),b089,0,0,,,none,none,,none,,
blueberry,Camera 4 Video (10)_1,reviewed_260917,reviewed_260917,keep,,,reviewed,,,Camera 4 Video (10),b058,1,1,,,detect_seed,lsh,,none,,
blueberry,Camera 4 Video (10)_61,-,-,excluded_duplicate,reviewed_duplicate,거의 같은 사진(대표 Camera 4 Video (10)_1 만 남김),ai,,,Camera 4 Video (10),b058,0,0,,,none,none,,none,,
blueberry,Camera 4 Video (10)_121,-,-,excluded_duplicate,reviewed_duplicate,거의 같은 사진(대표 Camera 4 Video (10)_1 만 남김),ai,,,Camera 4 Video (10),b058,0,0,,,none,none,,none,,
blueberry,Camera 4 Video (11)_1,reviewed_260917,reviewed_260917,keep,,,reviewed,,,Camera 4 Video (11),b059,1,1,[마른 꽃부리 후보 — 열매에 포함할지 규칙 미정],,detect_seed,lsh,,none,,
blueberry,Camera 4 Video (11)_61,-,-,excluded_duplicate,reviewed_duplicate,거의 같은 사진(대표 Camera 4 Video (11)_1 만 남김),ai,,,Camera 4 Video (11),b059,0,0,[마른 꽃부리 후보 — 열매에 포함할지 규칙 미정],,none,none,,none,,
blueberry,Camera 4 Video (11)_121,-,-,excluded_duplicate,reviewed_duplicate,거의 같은 사진(대표 Camera 4 Video (11)_1 만 남김),ai,,,Camera 4 Video (11),b059,0,0,[마른 꽃부리 후보 — 열매에 포함할지 규칙 미정],,none,none,,none,,
blueberry,Camera 4 Video (12)_1,reviewed_260917,reviewed_260917,keep,,,reviewed,,,Camera 4 Video (12),b060,1,1,,,detect_seed,lsh,,none,,
blueberry,Camera 4 Video (12)_61,-,-,excluded_duplicate,reviewed_duplicate,거의 같은 사진(대표 Camera 4 Video (12)_1 만 남김),ai,,,Camera 4 Video (12),b060,0,0,,,none,none,,none,,
blueberry,Camera 4 Video (12)_121,-,-,excluded_duplicate,reviewed_duplicate,거의 같은 사진(대표 Camera 4 Video (12)_1 만 남김),ai,,,Camera 4 Video (12),b060,0,0,,,none,none,,none,,
blueberry,Camera 4 Video (12)_181,-,-,excluded_duplicate,reviewed_duplicate,거의 같은 사진(대표 Camera 4 Video (12)_1 만 남김),ai,,,Camera 4 Video (12),b060,0,0,,,none,none,,none,,
blueberry,Camera 4 Video (12)_241,-,-,excluded_duplicate,reviewed_duplicate,거의 같은 사진(대표 Camera 4 Video (12)_1 만 남김),ai,,,Camera 4 Video (12),b060,0,0,,,none,none,,none,,
blueberry,Camera 4 Video (12)_301,-,-,excluded_duplicate,reviewed_duplicate,거의 같은 사진(대표 Camera 4 Video (12)_1 만 남김),ai,,,Camera 4 Video (12),b060,0,0,,,none,none,,none,,
blueberry,Camera 4 Video (12)_361,-,-,excluded_duplicate,reviewed_duplicate,거의 같은 사진(대표 Camera 4 Video (12)_1 만 남김),ai,,,Camera 4 Video (12),b060,0,0,,,none,none,,none,,
blueberry,Camera 4 Video (12)_421,-,-,excluded_duplicate,reviewed_duplicate,거의 같은 사진(대표 Camera 4 Video (12)_1 만 남김),ai,,,Camera 4 Video (12),b060,0,0,,,none,none,,none,,
blueberry,Camera 4 Video (13)_1,reviewed_260917,reviewed_260917,keep,,,reviewed,,,Camera 4 Video (13),b061,1,1,,,detect_seed,lsh,,none,,
blueberry,Camera 4 Video (13)_61,-,-,excluded_duplicate,reviewed_duplicate,거의 같은 사진(대표 Camera 4 Video (13)_1 만 남김),ai,,,Camera 4 Video (13),b061,0,0,,,none,none,,none,,
blueberry,Camera 4 Video (13)_121,-,-,excluded_duplicate,reviewed_duplicate,거의 같은 사진(대표 Camera 4 Video (13)_1 만 남김),ai,,,Camera 4 Video (13),b061,0,0,,,none,none,,none,,
blueberry,Camera 4 Video (14)_1,reviewed_260917,reviewed_260917,keep,,,reviewed,,,Camera 4 Video (14),b063,1,1,,,detect_seed,lsh,,none,,
blueberry,Camera 4 Video (14)_61,-,-,excluded_duplicate,reviewed_duplicate,거의 같은 사진(대표 Camera 4 Video (14)_1 만 남김),ai,,,Camera 4 Video (14),b063,0,0,,,none,none,,none,,
blueberry,Camera 4 Video (15)_1,reviewed_260917,reviewed_260917,keep,,,reviewed,,,Camera 4 Video (15),b066,1,1,,,detect_seed,lsh,,none,,
blueberry,Camera 4 Video (15)_61,-,-,excluded_duplicate,reviewed_duplicate,거의 같은 사진(대표 Camera 4 Video (15)_1 만 남김),ai,,,Camera 4 Video (15),b066,0,0,,,none,none,,none,,
blueberry,Camera 4 Video (15)_121,-,-,excluded_duplicate,reviewed_duplicate,거의 같은 사진(대표 Camera 4 Video (15)_1 만 남김),ai,,,Camera 4 Video (15),b066,0,0,,,none,none,,none,,
blueberry,Camera 4 Video (15)_181,-,-,excluded_duplicate,reviewed_duplicate,거의 같은 사진(대표 Camera 4 Video (15)_1 만 남김),ai,,,Camera 4 Video (15),b066,0,0,,,none,none,,none,,
blueberry,Camera 4 Video (15)_241,-,-,excluded_duplicate,reviewed_duplicate,거의 같은 사진(대표 Camera 4 Video (15)_1 만 남김),ai,,,Camera 4 Video (15),b066,0,0,"[candidate_unclear] 누락 후보 #222 bbox 1027,840,1079,914 — 초점 밖/작아서 판단 불가",,none,none,,none,,
blueberry,Camera 4 Video (15)_301,-,-,excluded_duplicate,reviewed_duplicate,거의 같은 사진(대표 Camera 4 Video (15)_1 만 남김),ai,,,Camera 4 Video (15),b066,0,0,[마른 꽃부리 후보 — 열매에 포함할지 규칙 미정],,none,none,,none,,
blueberry,Camera 4 Video (16)_1,reviewed_260917,reviewed_260917,keep,,,reviewed,,,Camera 4 Video (16),b067,1,1,,,detect_seed,lsh,,none,,
blueberry,Camera 4 Video (16)_61,-,-,excluded_duplicate,reviewed_duplicate,거의 같은 사진(대표 Camera 4 Video (16)_1 만 남김),ai,,,Camera 4 Video (16),b067,0,0,,,none,none,,none,,
blueberry,Camera 4 Video (16)_181,-,-,excluded_duplicate,reviewed_duplicate,거의 같은 사진(대표 Camera 4 Video (16)_1 만 남김),ai,,,Camera 4 Video (16),b067,0,0,,,none,none,,none,,
blueberry,Camera 4 Video (17)_1,reviewed_260917,reviewed_260917,keep,,,reviewed,,,Camera 4 Video (17),b070,1,1,,,detect_seed,lsh,,none,,
blueberry,Camera 4 Video (17)_61,-,-,excluded_duplicate,reviewed_duplicate,거의 같은 사진(대표 Camera 4 Video (17)_1 만 남김),ai,,,Camera 4 Video (17),b070,0,0,,,none,none,,none,,
blueberry,Camera 4 Video (17)_121,-,-,excluded_duplicate,reviewed_duplicate,거의 같은 사진(대표 Camera 4 Video (17)_1 만 남김),ai,,,Camera 4 Video (17),b070,0,0,,,none,none,,none,,
blueberry,Camera 4 Video (17)_181,-,-,excluded_duplicate,reviewed_duplicate,거의 같은 사진(대표 Camera 4 Video (17)_1 만 남김),ai,,,Camera 4 Video (17),b070,0,0,,,none,none,,none,,
blueberry,Camera 4 Video (19)_181,reviewed_260917,reviewed_260917,keep,,,reviewed,,,Camera 4 Video (19),bs0951,1,1,[마른 꽃부리 후보 — 열매에 포함할지 규칙 미정],,detect_seed,lsh,,none,,
blueberry,Camera 4 Video (20)_61,reviewed_260917,reviewed_260917,keep,,,reviewed,,,Camera 4 Video (20),b071,1,1,,,detect_seed,lsh,,none,,
blueberry,Camera 4 Video (20)_121,-,-,excluded_duplicate,reviewed_duplicate,거의 같은 사진(대표 Camera 4 Video (20)_61 만 남김),ai,,,Camera 4 Video (20),b071,0,0,,,none,none,,none,,
blueberry,Camera 4 Video (25)_61,reviewed_260917,reviewed_260917,keep,,,reviewed,,,Camera 4 Video (25),bs0952,1,1,[마른 꽃부리 후보 — 열매에 포함할지 규칙 미정],,detect_seed,lsh,,none,,
blueberry,Camera 4 Video (26)_1,reviewed_260917,reviewed_260917,keep,,,reviewed,,,Camera 4 Video (26),bs0953,1,1,[마른 꽃부리 후보 — 열매에 포함할지 규칙 미정],,detect_seed,lsh,,none,,
blueberry,Camera 4 Video (27)_1,reviewed_260917,reviewed_260917,keep,,,reviewed,,,Camera 4 Video (27),b072,1,1,[마른 꽃부리 후보 — 열매에 포함할지 규칙 미정],,detect_seed,lsh,,none,,
blueberry,Camera 4 Video (27)_61,-,-,excluded_duplicate,reviewed_duplicate,거의 같은 사진(대표 Camera 4 Video (27)_1 만 남김),ai,,,Camera 4 Video (27),b072,0,0,,,none,none,,none,,
blueberry,Camera 4 Video (27)_121,-,-,excluded_duplicate,reviewed_duplicate,거의 같은 사진(대표 Camera 4 Video (27)_1 만 남김),ai,,,Camera 4 Video (27),b072,0,0,,,none,none,,none,,
blueberry,Camera 4 Video (27)_181,-,-,excluded_duplicate,reviewed_duplicate,거의 같은 사진(대표 Camera 4 Video (27)_1 만 남김),ai,,,Camera 4 Video (27),b072,0,0,,,none,none,,none,,
blueberry,Camera 4 Video (27)_241,-,-,excluded_duplicate,reviewed_duplicate,거의 같은 사진(대표 Camera 4 Video (27)_1 만 남김),ai,,,Camera 4 Video (27),b072,0,0,,,none,none,,none,,
blueberry,Camera 4 Video (27)_301,-,-,excluded_duplicate,reviewed_duplicate,거의 같은 사진(대표 Camera 4 Video (27)_1 만 남김),ai,,,Camera 4 Video (27),b072,0,0,,,none,none,,none,,
blueberry,Camera 4 Video (28)_1,reviewed_260917,reviewed_260917,keep,,,reviewed,,,Camera 4 Video (28),b073,1,1,,,detect_seed,lsh,,none,,
blueberry,Camera 4 Video (28)_61,-,-,excluded_duplicate,reviewed_duplicate,거의 같은 사진(대표 Camera 4 Video (28)_1 만 남김),ai,,,Camera 4 Video (28),b073,0,0,,,none,none,,none,,
blueberry,Camera 4 Video (28)_121,-,-,excluded_duplicate,reviewed_duplicate,거의 같은 사진(대표 Camera 4 Video (28)_1 만 남김),ai,,,Camera 4 Video (28),b073,0,0,,,none,none,,none,,
blueberry,Camera 4 Video (28)_181,-,-,excluded_duplicate,reviewed_duplicate,거의 같은 사진(대표 Camera 4 Video (28)_1 만 남김),ai,,,Camera 4 Video (28),b073,0,0,,,none,none,,none,,
blueberry,Camera 4 Video (29)_1,reviewed_260917,reviewed_260917,keep,,,reviewed,,,Camera 4 Video (29),b074,1,1,[마른 꽃부리 후보 — 열매에 포함할지 규칙 미정],,detect_seed,lsh,,none,,
blueberry,Camera 4 Video (29)_61,-,-,excluded_duplicate,reviewed_duplicate,거의 같은 사진(대표 Camera 4 Video (29)_1 만 남김),ai,,,Camera 4 Video (29),b074,0,0,[마른 꽃부리 후보 — 열매에 포함할지 규칙 미정],,none,none,,none,,
blueberry,Camera 4 Video (30)_1,reviewed_260917,reviewed_260917,keep,,,reviewed,,,Camera 4 Video (30),b076,1,1,[마른 꽃부리 후보 — 열매에 포함할지 규칙 미정],,detect_seed,lsh,,none,,
blueberry,Camera 4 Video (30)_121,-,-,excluded_duplicate,reviewed_duplicate,거의 같은 사진(대표 Camera 4 Video (30)_1 만 남김),ai,,,Camera 4 Video (30),b076,0,0,[마른 꽃부리 후보 — 열매에 포함할지 규칙 미정],,none,none,,none,,
blueberry,Camera 4 Video (30)_181,-,-,excluded_duplicate,reviewed_duplicate,거의 같은 사진(대표 Camera 4 Video (30)_1 만 남김),ai,,,Camera 4 Video (30),b076,0,0,,,none,none,,none,,
blueberry,Camera 4 Video (30)_241,-,-,excluded_duplicate,reviewed_duplicate,거의 같은 사진(대표 Camera 4 Video (30)_1 만 남김),ai,,,Camera 4 Video (30),b076,0,0,[마른 꽃부리 후보 — 열매에 포함할지 규칙 미정],,none,none,,none,,
blueberry,Camera 4 Video (31)_1,reviewed_260917,reviewed_260917,keep,,,reviewed,,,Camera 4 Video (31),b077,1,1,,,detect_seed,lsh,,none,,
blueberry,Camera 4 Video (31)_61,-,-,excluded_duplicate,reviewed_duplicate,거의 같은 사진(대표 Camera 4 Video (31)_1 만 남김),ai,,,Camera 4 Video (31),b077,0,0,,,none,none,,none,,
blueberry,Camera 4 Video (32)_1,reviewed_260917,reviewed_260917,keep,,,reviewed,,,Camera 4 Video (32),b078,1,1,"[candidate_unclear] 누락 후보 #268 bbox 1020,215,1079,267 — 초점 밖/작아서 판단 불가 [마른 꽃부리 후보 — 열매에 포함할지 규칙 미정]",,detect_seed,lsh,,none,,
blueberry,Camera 4 Video (32)_61,-,-,excluded_duplicate,reviewed_duplicate,거의 같은 사진(대표 Camera 4 Video (32)_1 만 남김),ai,,,Camera 4 Video (32),b078,0,0,[마른 꽃부리 후보 — 열매에 포함할지 규칙 미정],,none,none,,none,,
blueberry,Camera 4 Video (32)_121,-,-,excluded_duplicate,reviewed_duplicate,거의 같은 사진(대표 Camera 4 Video (32)_1 만 남김),ai,,,Camera 4 Video (32),b078,0,0,[마른 꽃부리 후보 — 열매에 포함할지 규칙 미정],,none,none,,none,,
blueberry,Camera 4 Video (32)_181,-,-,excluded_duplicate,reviewed_duplicate,거의 같은 사진(대표 Camera 4 Video (32)_1 만 남김),ai,,,Camera 4 Video (32),b078,0,0,[마른 꽃부리 후보 — 열매에 포함할지 규칙 미정],,none,none,,none,,
blueberry,Camera 4 Video (32)_241,-,-,excluded_duplicate,reviewed_duplicate,거의 같은 사진(대표 Camera 4 Video (32)_1 만 남김),ai,,,Camera 4 Video (32),b078,0,0,"[candidate_unclear] 누락 후보 #242 bbox 363,0,443,46 — 초점 밖/작아서 판단 불가 [마른 꽃부리 후보 — 열매에 포함할지 규칙 미정]",,none,none,,none,,
blueberry,Camera 4 Video (33)_1,reviewed_260917,reviewed_260917,keep,,,reviewed,,,Camera 4 Video (33),bs0954,1,1,,,detect_seed,lsh,,none,,
blueberry,Camera 4 Video (35)_61,reviewed_260917,reviewed_260917,keep,,,reviewed,,,Camera 4 Video (35),bs0955,1,1,[마른 꽃부리 후보 — 열매에 포함할지 규칙 미정],,detect_seed,lsh,,none,,
blueberry,Camera 4 Video (36)_61,reviewed_260917,reviewed_260917,keep,,,reviewed,,,Camera 4 Video (36),b079,1,1,,,detect_seed,lsh,,none,,
blueberry,Camera 4 Video (36)_181,-,-,excluded_duplicate,reviewed_duplicate,거의 같은 사진(대표 Camera 4 Video (36)_61 만 남김),ai,,,Camera 4 Video (36),b079,0,0,[마른 꽃부리 후보 — 열매에 포함할지 규칙 미정],,none,none,,none,,
blueberry,Camera 4 Video (37)_1,reviewed_260917,reviewed_260917,keep,,,reviewed,,,Camera 4 Video (37),b080,1,1,[마른 꽃부리 후보 — 열매에 포함할지 규칙 미정],,detect_seed,lsh,,none,,
blueberry,Camera 4 Video (37)_61,-,-,excluded_duplicate,reviewed_duplicate,거의 같은 사진(대표 Camera 4 Video (37)_1 만 남김),ai,,,Camera 4 Video (37),b080,0,0,[마른 꽃부리 후보 — 열매에 포함할지 규칙 미정],,none,none,,none,,
blueberry,Camera 4 Video (38)_61,reviewed_260917,reviewed_260917,keep,,,reviewed,,,Camera 4 Video (38),b081,1,1,,,detect_seed,lsh,,none,,
blueberry,Camera 4 Video (38)_241,-,-,excluded_duplicate,reviewed_duplicate,거의 같은 사진(대표 Camera 4 Video (38)_61 만 남김),ai,,,Camera 4 Video (38),b081,0,0,,,none,none,,none,,
blueberry,Camera 4 Video (39)_1,reviewed_260917,reviewed_260917,keep,,,reviewed,,,Camera 4 Video (39),bs0956,1,1,,,detect_seed,lsh,,none,,
blueberry,Camera 4 Video (40)_1,reviewed_260917,reviewed_260917,keep,,,reviewed,,,Camera 4 Video (40),b082,1,1,,,detect_seed,lsh,,none,,
blueberry,Camera 4 Video (40)_121,-,-,excluded_duplicate,reviewed_duplicate,거의 같은 사진(대표 Camera 4 Video (40)_1 만 남김),ai,,,Camera 4 Video (40),b082,0,0,,,none,none,,none,,
blueberry,Camera 4 Video (40)_241,-,-,excluded_duplicate,reviewed_duplicate,거의 같은 사진(대표 Camera 4 Video (40)_1 만 남김),ai,,,Camera 4 Video (40),b082,0,0,,,none,none,,none,,
blueberry,Camera 4 Video (46)_61,reviewed_260917,reviewed_260917,keep,,,reviewed,,,Camera 4 Video (46),bs0958,1,1,,,detect_seed,lsh,,none,,
blueberry,Camera 4 Video (47)_1,reviewed_260917,reviewed_260917,keep,,,reviewed,,,Camera 4 Video (47),b083,1,1,,,detect_seed,lsh,,none,,
blueberry,Camera 4 Video (47)_61,-,-,excluded_duplicate,reviewed_duplicate,거의 같은 사진(대표 Camera 4 Video (47)_1 만 남김),ai,,,Camera 4 Video (47),b083,0,0,,,none,none,,none,,
blueberry,Camera 4 Video (55)_61,reviewed_260917,reviewed_260917,keep,,,reviewed,,,Camera 4 Video (55),b085,1,1,,,detect_seed,lsh,,none,,
blueberry,Camera 4 Video (55)_121,-,-,excluded_duplicate,reviewed_duplicate,거의 같은 사진(대표 Camera 4 Video (55)_61 만 남김),ai,,,Camera 4 Video (55),b085,0,0,,,none,none,,none,,
blueberry,Camera 4 Video (55)_181,-,-,excluded_duplicate,reviewed_duplicate,거의 같은 사진(대표 Camera 4 Video (55)_61 만 남김),ai,,,Camera 4 Video (55),b085,0,0,"[candidate_unclear] 누락 후보 #229 bbox 29,1310,88,1381 — 초점 밖/작아서 판단 불가",,none,none,,none,,
blueberry,Camera 4 Video (69)_1,reviewed_260917,reviewed_260917,keep,,,reviewed,,,Camera 4 Video (69),bs0959,1,1,,,detect_seed,lsh,,none,,
blueberry,Camera 4 Video (70)_1,reviewed_260917,reviewed_260917,keep,,,reviewed,,,Camera 4 Video (70),bs0960,1,1,,,detect_seed,lsh,,none,,
blueberry,Camera 4 Video (78)_61,reviewed_260917,reviewed_260917,keep,,,reviewed,,,Camera 4 Video (78),bs0961,1,1,,,detect_seed,lsh,,none,,
blueberry,Camera 4 Video (79)_1,reviewed_260917,reviewed_260917,keep,,,reviewed,,,Camera 4 Video (79),bs0962,1,1,,,detect_seed,lsh,,none,,
blueberry,Camera 4 Video (84)_1,reviewed_260917,reviewed_260917,keep,,,reviewed,,,Camera 4 Video (84),bs0963,1,1,,,detect_seed,lsh,,none,,
blueberry,Camera 4 Video (90)_61,reviewed_260917,reviewed_260917,keep,,,reviewed,,,Camera 4 Video (90),bs0964,1,1,,,detect_seed,lsh,,none,,
blueberry,Camera 4 Video (91)_61,reviewed_260917,reviewed_260917,keep,,,reviewed,,,Camera 4 Video (91),bs0965,1,1,,,detect_seed,lsh,,none,,
blueberry,Camera 4 Video (97)_1,reviewed_260917,reviewed_260917,keep,,,reviewed,,,Camera 4 Video (97),b090,1,1,,,detect_seed,lsh,,none,,
blueberry,Camera 4 Video (97)_61,-,-,excluded_duplicate,reviewed_duplicate,거의 같은 사진(대표 Camera 4 Video (97)_1 만 남김),ai,,,Camera 4 Video (97),b090,0,0,[마른 꽃부리 후보 — 열매에 포함할지 규칙 미정],,none,none,,none,,
blueberry,Camera 4 Video (111)_181,reviewed_260917,reviewed_260917,keep,,,reviewed,,,Camera 4 Video (111),bs0942,1,1,,,detect_seed,lsh,,none,,
blueberry,Camera 4 Video (124)_121,reviewed_260917,reviewed_260917,keep,,,reviewed,,,Camera 4 Video (124),bs0943,1,1,,,detect_seed,lsh,,none,,
blueberry,Camera 4 Video (132)_1,reviewed_260917,reviewed_260917,keep,,,reviewed,,,Camera 4 Video (132),b062,1,1,,,detect_seed,lsh,,none,,
blueberry,Camera 4 Video (132)_61,-,-,excluded_duplicate,reviewed_duplicate,거의 같은 사진(대표 Camera 4 Video (132)_1 만 남김),ai,,,Camera 4 Video (132),b062,0,0,,,none,none,,none,,
blueberry,Camera 4 Video (133)_1,reviewed_260917,reviewed_260917,keep,,,reviewed,,,Camera 4 Video (133),bs0944,1,1,[마른 꽃부리 후보 — 열매에 포함할지 규칙 미정],,detect_seed,lsh,,none,,
blueberry,Camera 4 Video (141)_1,reviewed_260917,reviewed_260917,keep,,,reviewed,,,Camera 4 Video (141),b064,1,1,,,detect_seed,lsh,,none,,
blueberry,Camera 4 Video (141)_61,-,-,excluded_duplicate,reviewed_duplicate,거의 같은 사진(대표 Camera 4 Video (141)_1 만 남김),ai,,,Camera 4 Video (141),b064,0,0,,,none,none,,none,,
blueberry,Camera 4 Video (142)_1,reviewed_260917,reviewed_260917,keep,,,reviewed,,,Camera 4 Video (142),bs0945,1,1,,,detect_seed,lsh,,none,,
blueberry,Camera 4 Video (146)_61,reviewed_260917,reviewed_260917,keep,,,reviewed,,,Camera 4 Video (146),b065,1,1,,,detect_seed,lsh,,none,,
blueberry,Camera 4 Video (146)_121,-,-,excluded_duplicate,reviewed_duplicate,거의 같은 사진(대표 Camera 4 Video (146)_61 만 남김),ai,,,Camera 4 Video (146),b065,0,0,,,none,none,,none,,
blueberry,Camera 4 Video (147)_1,reviewed_260917,reviewed_260917,keep,,,reviewed,,,Camera 4 Video (147),bs0946,1,1,,,detect_seed,lsh,,none,,
blueberry,Camera 4 Video (161)_1,reviewed_260917,reviewed_260917,keep,,,reviewed,,,Camera 4 Video (161),b068,1,1,,,detect_seed,lsh,,none,,
blueberry,Camera 4 Video (161)_61,-,-,excluded_duplicate,reviewed_duplicate,거의 같은 사진(대표 Camera 4 Video (161)_1 만 남김),ai,,,Camera 4 Video (161),b068,0,0,,,none,none,,none,,
blueberry,Camera 4 Video (161)_121,-,-,excluded_duplicate,reviewed_duplicate,거의 같은 사진(대표 Camera 4 Video (161)_1 만 남김),ai,,,Camera 4 Video (161),b068,0,0,,,none,none,,none,,
blueberry,Camera 4 Video (162)_1,reviewed_260917,reviewed_260917,keep,,,reviewed,,,Camera 4 Video (162),b069,1,1,,,detect_seed,lsh,,none,,
blueberry,Camera 4 Video (162)_61,-,-,excluded_duplicate,reviewed_duplicate,거의 같은 사진(대표 Camera 4 Video (162)_1 만 남김),ai,,,Camera 4 Video (162),b069,0,0,,,none,none,,none,,
blueberry,Camera 4 Video (162)_121,-,-,excluded_duplicate,reviewed_duplicate,거의 같은 사진(대표 Camera 4 Video (162)_1 만 남김),ai,,,Camera 4 Video (162),b069,0,0,,,none,none,,none,,
blueberry,Camera 4 Video (165)_121,reviewed_260917,reviewed_260917,keep,,,reviewed,,,Camera 4 Video (165),bs0947,1,1,,,detect_seed,lsh,,none,,bottom_5pct_ratio
blueberry,Camera 4 Video (172)_1,reviewed_260917,reviewed_260917,keep,,,reviewed,,,Camera 4 Video (172),bs0948,1,1,,,detect_seed,lsh,,none,,
blueberry,Camera 4 Video (180)_61,reviewed_260917,reviewed_260917,keep,,,reviewed,,,Camera 4 Video (180),bs0949,1,1,,,detect_seed,lsh,,none,,
blueberry,Camera 4 Video (181)_1,reviewed_260917,reviewed_260917,keep,,,reviewed,,,Camera 4 Video (181),bs0950,1,1,,,detect_seed,lsh,,none,,
