fruit,stem,image_source,mask_source,action,reason,note,source,confirmed_by,confirmed_at,session,split_group,has_instances,has_boxes,rule_pending,overlap_neighbors,instances_source,boxes_source,apple_check_verdict,verdict_source,peach_dup_candidate,mask_audit_reason
grape,0,reviewed_260916,reviewed_260916,keep,,,reviewed,,,0,g0001,0,1,,,none,psm_gt,,none,,
grape,1,reviewed_260916,reviewed_260916,keep,,,reviewed,,,1,g0002,0,1,,,none,psm_gt,,none,,
grape,2,reviewed_260916,reviewed_260916,keep,,,reviewed,,,2,g0003,0,1,,,none,psm_gt,,none,,
grape,3,reviewed_260916,reviewed_260916,keep,,,reviewed,,,3,g0004,0,1,,,none,psm_gt,,none,,
grape,4,reviewed_260916,reviewed_260916,keep,,,reviewed,,,4,g0005,0,1,,,none,psm_gt,,none,,
grape,5,reviewed_260916,reviewed_260916,keep,,,reviewed,,,5,g0006,0,1,,,none,psm_gt,,none,,
grape,6,reviewed_260916,reviewed_260916,keep,,,reviewed,,,6,g0007,0,1,,,none,psm_gt,,none,,
grape,7,reviewed_260916,reviewed_260916,keep,,,reviewed,,,7,g0008,0,1,,,none,psm_gt,,none,,
grape,8,-,-,excluded_duplicate,reviewed_duplicate,근접 중복(대표 1 만 남김),ai,,,8,g0002,0,0,,,none,none,,none,,
grape,9,reviewed_260916,reviewed_260916,keep,,,reviewed,,,9,g0009,0,1,,,none,psm_gt,,none,,
grape,10,reviewed_260916,reviewed_260916,keep,,,reviewed,,,10,g0010,0,1,,,none,psm_gt,,none,,
grape,11,reviewed_260916,reviewed_260916,keep,,,reviewed,,,11,g0011,0,1,,,none,psm_gt,,none,,
grape,12,reviewed_260916,reviewed_260916,keep,,,reviewed,,,12,g0012,0,1,,,none,psm_gt,,none,,
grape,13,reviewed_260916,reviewed_260916,keep,,,reviewed,,,13,g0013,0,1,,,none,psm_gt,,none,,
grape,14,reviewed_260916,reviewed_260916,keep,,,reviewed,,,14,g0014,0,1,,,none,psm_gt,,none,,
grape,15,reviewed_260916,reviewed_260916,keep,,,reviewed,,,15,g0015,0,1,,,none,psm_gt,,none,,
grape,16,reviewed_260916,reviewed_260916,keep,,,reviewed,,,16,g0016,0,1,,,none,psm_gt,,none,,
grape,17,-,-,excluded_duplicate,reviewed_duplicate,근접 중복(대표 1435 만 남김),ai,,,17,g0017,0,0,,,none,none,,none,,
grape,18,reviewed_260916,reviewed_260916,keep,,,reviewed,,,18,g0018,0,1,,,none,psm_gt,,none,,
grape,19,reviewed_260916,reviewed_260916,keep,,,reviewed,,,19,g0019,0,1,,,none,psm_gt,,none,,
grape,20,reviewed_260916,reviewed_260916,keep,,,reviewed,,,20,g0020,0,1,,,none,psm_gt,,none,,
grape,21,reviewed_260916,reviewed_260916,keep,,,reviewed,,,21,g0021,0,1,,,none,psm_gt,,none,,
grape,22,reviewed_260916,reviewed_260916,keep,,dice 0.99 — 라벨된 송이 자체는 정확(규칙 판정). 다만 라벨 안 된 다른 송이가 있을 수 있음,reviewed,,,22,g0022,0,1,,,none,psm_gt,,none,,
grape,23,reviewed_260916,reviewed_260916,keep,,dice 0.98 — 라벨된 송이 자체는 정확(규칙 판정). 다만 라벨 안 된 다른 송이가 있을 수 있음,reviewed,,,23,g0023,0,1,,,none,psm_gt,,none,,
grape,24,reviewed_260916,reviewed_260916,keep,,,reviewed,,,24,g0024,0,1,,,none,psm_gt,,none,,
grape,25,reviewed_260916,reviewed_260916,keep,,,reviewed,,,25,g0025,0,1,,,none,psm_gt,,none,,
grape,26,reviewed_260916,reviewed_260916,keep,,dice 0.97 — 라벨된 송이 자체는 정확(규칙 판정). 다만 라벨 안 된 다른 송이가 있을 수 있음,reviewed,,,26,g0026,0,1,,,none,psm_gt,,none,,
grape,27,reviewed_260916,reviewed_260916,keep,,,reviewed,,,27,g0027,0,1,,,none,psm_gt,,none,,
grape,28,reviewed_260916,reviewed_260916,keep,,dice 0.95 — 라벨된 송이 자체는 정확(규칙 판정). 다만 라벨 안 된 다른 송이가 있을 수 있음,reviewed,,,28,g0028,0,1,,,none,psm_gt,,none,,
grape,29,reviewed_260916,reviewed_260916,keep,,,reviewed,,,29,g0029,0,1,,,none,psm_gt,,none,,
grape,30,-,-,excluded_duplicate,reviewed_duplicate,근접 중복(대표 16 만 남김),ai,,,30,g0016,0,0,,,none,none,,none,,
grape,31,reviewed_260916,reviewed_260916,keep,,,reviewed,,,31,g0030,0,1,,,none,psm_gt,,none,,
grape,32,reviewed_260916,reviewed_260916,keep,,,reviewed,,,32,g0031,0,1,,,none,psm_gt,,none,,
grape,33,reviewed_260916,reviewed_260916,keep,,,reviewed,,,33,g0032,0,1,,,none,psm_gt,,none,,
grape,34,reviewed_260916,reviewed_260916,keep,,,reviewed,,,34,g0033,0,1,,,none,psm_gt,,none,,
grape,35,reviewed_260916,reviewed_260916,keep,,,reviewed,,,35,g0034,0,1,,,none,psm_gt,,none,,
grape,36,reviewed_260916,reviewed_260916,keep,,,reviewed,,,36,g0035,0,1,,,none,psm_gt,,none,,
grape,37,-,-,excluded_duplicate,reviewed_duplicate,근접 중복(대표 1997 만 남김),ai,,,37,g0036,0,0,,,none,none,,none,,
grape,38,reviewed_260916,reviewed_260916,keep,,,reviewed,,,38,g0037,0,1,,,none,psm_gt,,none,,
grape,39,reviewed_260916,reviewed_260916,keep,,,reviewed,,,39,g0038,0,1,,,none,psm_gt,,none,,
grape,40,reviewed_260916,reviewed_260916,keep,,,reviewed,,,40,g0039,0,1,,,none,psm_gt,,none,,
grape,41,reviewed_260916,reviewed_260916,keep,,,reviewed,,,41,g0040,0,1,,,none,psm_gt,,none,,
grape,42,reviewed_260916,reviewed_260916,keep,,,reviewed,,,42,g0041,0,1,,,none,psm_gt,,none,,
grape,43,reviewed_260916,reviewed_260916,keep,,,reviewed,,,43,g0042,0,1,,,none,psm_gt,,none,,
grape,44,reviewed_260916,reviewed_260916,keep,,,reviewed,,,44,g0043,0,1,,,none,psm_gt,,none,,
grape,45,reviewed_260916,reviewed_260916,keep,,,reviewed,,,45,g0044,0,1,,,none,psm_gt,,none,,
grape,46,reviewed_260916,reviewed_260916,keep,,,reviewed,,,46,g0045,0,1,,,none,psm_gt,,none,,
grape,47,reviewed_260916,reviewed_260916,keep,,,reviewed,,,47,g0046,0,1,,,none,psm_gt,,none,,
grape,48,reviewed_260916,reviewed_260916,keep,,,reviewed,,,48,g0047,0,1,,,none,psm_gt,,none,,
grape,49,reviewed_260916,reviewed_260916,keep,,,reviewed,,,49,g0048,0,1,,,none,psm_gt,,none,,
grape,50,reviewed_260916,reviewed_260916,keep,,,reviewed,,,50,g0049,0,1,,,none,psm_gt,,none,,
grape,51,reviewed_260916,reviewed_260916,keep,,,reviewed,,,51,g0050,0,1,,,none,psm_gt,,none,,
grape,52,reviewed_260916,reviewed_260916,keep,,,reviewed,,,52,g0051,0,1,,,none,psm_gt,,none,,
grape,53,reviewed_260916,reviewed_260916,keep,,,reviewed,,,53,g0052,0,1,,,none,psm_gt,,none,,
grape,54,reviewed_260916,reviewed_260916,keep,,dice 0.87 — 라벨된 송이 자체는 정확(규칙 판정). 다만 라벨 안 된 다른 송이가 있을 수 있음,reviewed,,,54,g0053,0,1,,,none,psm_gt,,none,,
grape,55,reviewed_260916,reviewed_260916,keep,,,reviewed,,,55,g0054,0,1,,,none,psm_gt,,none,,
grape,56,-,-,excluded_duplicate,reviewed_duplicate,근접 중복(대표 2487 만 남김),ai,,,56,g0055,0,0,,,none,none,,none,,
grape,57,-,-,excluded_duplicate,reviewed_duplicate,근접 중복(대표 2022 만 남김),ai,,,57,g0056,0,0,,,none,none,,none,,
grape,58,reviewed_260916,reviewed_260916,keep,,,reviewed,,,58,g0057,0,1,,,none,psm_gt,,none,,
grape,59,reviewed_260916,reviewed_260916,keep,,,reviewed,,,59,g0058,0,1,,,none,psm_gt,,none,,
grape,60,-,-,excluded_duplicate,reviewed_duplicate,사이클1 추가 발견 근접 중복(대표 2030 만 남김). 파일은 폴더에 남아 있으나 분할표 v4 와 manifest 에서 제외 — 사람이 지울 것: _to_delete_260916.txt,ai,,,60,g0059,0,0,,,none,none,,none,,
grape,61,reviewed_260916,reviewed_260916,keep,,,reviewed,,,61,g0060,0,1,,,none,psm_gt,,none,,
grape,62,reviewed_260916,reviewed_260916,keep,,,reviewed,,,62,g0061,0,1,,,none,psm_gt,,none,,
grape,63,reviewed_260916,reviewed_260916,keep,,,reviewed,,,63,g0062,0,1,,,none,psm_gt,,none,,
grape,64,reviewed_260916,reviewed_260916,keep,,,reviewed,,,64,g0063,0,1,,,none,psm_gt,,none,,
grape,65,reviewed_260916,reviewed_260916,keep,,,reviewed,,,65,g0064,0,1,,,none,psm_gt,,none,,
grape,66,-,-,excluded_duplicate,reviewed_duplicate,근접 중복(대표 2040 만 남김),ai,,,66,g0065,0,0,,,none,none,,none,,
grape,67,reviewed_260916,reviewed_260916,keep,,,reviewed,,,67,g0066,0,1,,,none,psm_gt,,none,,
grape,68,reviewed_260916,reviewed_260916,keep,,,reviewed,,,68,g0067,0,1,,,none,psm_gt,,none,,
grape,69,reviewed_260916,reviewed_260916,keep,,,reviewed,,,69,g0068,0,1,,,none,psm_gt,,none,,
grape,70,-,-,excluded_duplicate,reviewed_duplicate,근접 중복(대표 2046 만 남김),ai,,,70,g0069,0,0,,,none,none,,none,,
grape,71,reviewed_260916,reviewed_260916,keep,,,reviewed,,,71,g0070,0,1,,,none,psm_gt,,none,,
grape,72,reviewed_260916,reviewed_260916,keep,,,reviewed,,,72,g0071,0,1,,,none,psm_gt,,none,,
grape,73,reviewed_260916,reviewed_260916,keep,,,reviewed,,,73,g0072,0,1,,,none,psm_gt,,none,,
grape,74,reviewed_260916,reviewed_260916,keep,,,reviewed,,,74,g0073,0,1,,,none,psm_gt,,none,,
grape,75,reviewed_260916,reviewed_260916,keep,,,reviewed,,,75,g0074,0,1,,,none,psm_gt,,none,,
grape,76,reviewed_260916,reviewed_260916,keep,,,reviewed,,,76,g0075,0,1,,,none,psm_gt,,none,,
grape,77,reviewed_260916,reviewed_260916,keep,,,reviewed,,,77,g0076,0,1,,,none,psm_gt,,none,,
grape,78,reviewed_260916,reviewed_260916,keep,,,reviewed,,,78,g0077,0,1,,,none,psm_gt,,none,,
grape,79,reviewed_260916,reviewed_260916,keep,,,reviewed,,,79,g0078,0,1,,,none,psm_gt,,none,,
grape,80,reviewed_260916,reviewed_260916,keep,,,reviewed,,,80,g0079,0,1,,,none,psm_gt,,none,,
grape,81,reviewed_260916,reviewed_260916,keep,,,reviewed,,,81,g0080,0,1,,,none,psm_gt,,none,,
grape,82,reviewed_260916,reviewed_260916,keep,,,reviewed,,,82,g0081,0,1,,,none,psm_gt,,none,,
grape,83,reviewed_260916,reviewed_260916,keep,,,reviewed,,,83,g0082,0,1,,,none,psm_gt,,none,,
grape,84,-,-,excluded_duplicate,reviewed_duplicate,근접 중복(대표 2071 만 남김),ai,,,84,g0083,0,0,,,none,none,,none,,
grape,85,reviewed_260916,reviewed_260916,keep,,,reviewed,,,85,g0084,0,1,,,none,psm_gt,,none,,
grape,86,reviewed_260916,reviewed_260916,keep,,,reviewed,,,86,g0085,0,1,,,none,psm_gt,,none,,
grape,87,reviewed_260916,reviewed_260916,keep,,,reviewed,,,87,g0086,0,1,,,none,psm_gt,,none,,
grape,88,reviewed_260916,reviewed_260916,keep,,,reviewed,,,88,g0087,0,1,,,none,psm_gt,,none,,
grape,89,reviewed_260916,reviewed_260916,keep,,,reviewed,,,89,g0088,0,1,,,none,psm_gt,,none,,
grape,90,reviewed_260916,reviewed_260916,keep,,,reviewed,,,90,g0089,0,1,,,none,psm_gt,,none,,
grape,91,reviewed_260916,reviewed_260916,keep,,,reviewed,,,91,g0090,0,1,,,none,psm_gt,,none,,
grape,92,reviewed_260916,reviewed_260916,keep,,,reviewed,,,92,g0091,0,1,,,none,psm_gt,,none,,
grape,93,reviewed_260916,reviewed_260916,keep,,,reviewed,,,93,g0092,0,1,,,none,psm_gt,,none,,
grape,94,reviewed_260916,reviewed_260916,keep,,,reviewed,,,94,g0093,0,1,,,none,psm_gt,,none,,
grape,95,reviewed_260916,reviewed_260916,keep,,,reviewed,,,95,g0094,0,1,,,none,psm_gt,,none,,
grape,96,-,-,excluded_duplicate,reviewed_duplicate,근접 중복(대표 2084 만 남김),ai,,,96,g0095,0,0,,,none,none,,none,,
grape,97,reviewed_260916,reviewed_260916,keep,,,reviewed,,,97,g0096,0,1,,,none,psm_gt,,none,,
grape,98,reviewed_260916,reviewed_260916,keep,,,reviewed,,,98,g0097,0,1,,,none,psm_gt,,none,,
grape,99,reviewed_260916,reviewed_260916,keep,,,reviewed,,,99,g0098,0,1,,,none,psm_gt,,none,,
grape,100,reviewed_260916,reviewed_260916,keep,,,reviewed,,,100,g0099,0,1,,,none,psm_gt,,none,,
grape,101,reviewed_260916,reviewed_260916,keep,,,reviewed,,,101,g0100,0,1,,,none,psm_gt,,none,,
grape,102,reviewed_260916,reviewed_260916,keep,,,reviewed,,,102,g0101,0,1,,,none,psm_gt,,none,,
grape,103,reviewed_260916,reviewed_260916,keep,,,reviewed,,,103,g0102,0,1,,,none,psm_gt,,none,,
grape,104,reviewed_260916,reviewed_260916,image_replaced,,"이미지↔마스크 불일치 교정: CERTH zip 의 mimc test_set 사진으로 교체(마스크는 원래 맞음). image replaced from images/multiple-instance-multiple-class/test_set/104.png (resized 2160x3840 -> 1080x1920, BILINEAR)",ai,,,104,g0103,0,1,,,none,psm_gt,,none,,
grape,105,reviewed_260916,reviewed_260916,keep,,,reviewed,,,105,g0104,0,1,,,none,psm_gt,,none,,
grape,106,reviewed_260916,reviewed_260916,keep,,,reviewed,,,106,g0105,0,1,,,none,psm_gt,,none,,
grape,107,reviewed_260916,reviewed_260916,keep,,,reviewed,,,107,g0106,0,1,,,none,psm_gt,,none,,
grape,108,reviewed_260916,reviewed_260916,keep,,,reviewed,,,108,g0107,0,1,,,none,psm_gt,,none,,
grape,109,reviewed_260916,reviewed_260916,keep,,,reviewed,,,109,g0108,0,1,,,none,psm_gt,,none,,
grape,110,reviewed_260916,reviewed_260916,keep,,,reviewed,,,110,g0109,0,1,,,none,psm_gt,,none,,
grape,111,reviewed_260916,reviewed_260916,keep,,,reviewed,,,111,g0110,0,1,,,none,psm_gt,,none,,
grape,112,reviewed_260916,reviewed_260916,keep,,,reviewed,,,112,g0111,0,1,,,none,psm_gt,,none,,
grape,113,reviewed_260916,reviewed_260916,keep,,,reviewed,,,113,g0112,0,1,,,none,psm_gt,,none,,
grape,114,reviewed_260916,reviewed_260916,keep,,,reviewed,,,114,g0113,0,1,,,none,psm_gt,,none,,
grape,115,reviewed_260916,reviewed_260916,keep,,,reviewed,,,115,g0114,0,1,,,none,psm_gt,,none,,
grape,116,reviewed_260916,reviewed_260916,keep,,,reviewed,,,116,g0115,0,1,,,none,psm_gt,,none,,
grape,117,reviewed_260916,reviewed_260916,keep,,,reviewed,,,117,g0116,0,1,,,none,psm_gt,,none,,
grape,118,reviewed_260916,reviewed_260916,keep,,,reviewed,,,118,g0117,0,1,,,none,psm_gt,,none,,
grape,119,reviewed_260916,reviewed_260916,keep,,,reviewed,,,119,g0118,0,1,,,none,psm_gt,,none,,
grape,120,reviewed_260916,reviewed_260916,keep,,,reviewed,,,120,g0119,0,1,,,none,psm_gt,,none,,
grape,121,reviewed_260916,reviewed_260916,keep,,,reviewed,,,121,g0120,0,1,,,none,psm_gt,,none,,
grape,122,reviewed_260916,reviewed_260916,keep,,,reviewed,,,122,g0121,0,1,,,none,psm_gt,,none,,
grape,123,reviewed_260916,reviewed_260916,keep,,,reviewed,,,123,g0122,0,1,,,none,psm_gt,,none,,
grape,124,reviewed_260916,reviewed_260916,keep,,,reviewed,,,124,g0123,0,1,,,none,psm_gt,,none,,
grape,125,reviewed_260916,reviewed_260916,keep,,,reviewed,,,125,g0124,0,1,,,none,psm_gt,,none,,
grape,126,reviewed_260916,reviewed_260916,keep,,,reviewed,,,126,g0125,0,1,,,none,psm_gt,,none,,
grape,127,reviewed_260916,reviewed_260916,keep,,,reviewed,,,127,g0126,0,1,,,none,psm_gt,,none,,
grape,128,reviewed_260916,reviewed_260916,keep,,,reviewed,,,128,g0127,0,1,,,none,psm_gt,,none,,
grape,129,reviewed_260916,reviewed_260916,keep,,,reviewed,,,129,g0128,0,1,,,none,psm_gt,,none,,
grape,130,reviewed_260916,reviewed_260916,keep,,,reviewed,,,130,g0129,0,1,,,none,psm_gt,,none,,
grape,131,reviewed_260916,reviewed_260916,keep,,,reviewed,,,131,g0130,0,1,,,none,psm_gt,,none,,
grape,132,reviewed_260916,reviewed_260916,keep,,,reviewed,,,132,g0131,0,1,,,none,psm_gt,,none,,
grape,133,reviewed_260916,reviewed_260916,keep,,,reviewed,,,133,g0132,0,1,,,none,psm_gt,,none,,
grape,134,reviewed_260916,reviewed_260916,keep,,,reviewed,,,134,g0133,0,1,,,none,psm_gt,,none,,
grape,135,reviewed_260916,reviewed_260916,keep,,,reviewed,,,135,g0134,0,1,,,none,psm_gt,,none,,
grape,136,reviewed_260916,reviewed_260916,keep,,,reviewed,,,136,g0135,0,1,,,none,psm_gt,,none,,
grape,137,reviewed_260916,reviewed_260916,keep,,,reviewed,,,137,g0136,0,1,,,none,psm_gt,,none,,
grape,138,reviewed_260916,reviewed_260916,keep,,,reviewed,,,138,g0137,0,1,,,none,psm_gt,,none,,
grape,139,reviewed_260916,reviewed_260916,keep,,,reviewed,,,139,g0138,0,1,,,none,psm_gt,,none,,
grape,140,reviewed_260916,reviewed_260916,keep,,,reviewed,,,140,g0139,0,1,,,none,psm_gt,,none,,
grape,141,reviewed_260916,reviewed_260916,keep,,,reviewed,,,141,g0140,0,1,,,none,psm_gt,,none,,
grape,142,reviewed_260916,reviewed_260916,needs_human,,[missing_bunch] dice 0.78 — 송이 일부만 라벨(규칙 판정),ai,,,142,g0141,0,1,,,none,psm_gt,,none,,
grape,143,reviewed_260916,reviewed_260916,keep,,,reviewed,,,143,g0142,0,1,,,none,psm_gt,,none,,
grape,144,reviewed_260916,reviewed_260916,keep,,,reviewed,,,144,g0143,0,1,,,none,psm_gt,,none,,
grape,145,reviewed_260916,reviewed_260916,keep,,,reviewed,,,145,g0144,0,1,,,none,psm_gt,,none,,
grape,146,reviewed_260916,reviewed_260916,keep,,,reviewed,,,146,g0145,0,1,,,none,psm_gt,,none,,
grape,147,reviewed_260916,reviewed_260916,keep,,,reviewed,,,147,g0146,0,1,,,none,psm_gt,,none,,
grape,148,reviewed_260916,reviewed_260916,keep,,,reviewed,,,148,g0147,0,1,,,none,psm_gt,,none,,
grape,149,reviewed_260916,reviewed_260916,keep,,,reviewed,,,149,g0148,0,1,,,none,psm_gt,,none,,
grape,150,reviewed_260916,reviewed_260916,keep,,,reviewed,,,150,g0149,0,1,,,none,psm_gt,,none,,
grape,151,-,-,excluded_duplicate,reviewed_duplicate,근접 중복(대표 2031 만 남김),ai,,,151,g0150,0,0,,,none,none,,none,,
grape,152,reviewed_260916,reviewed_260916,keep,,,reviewed,,,152,g0151,0,1,,,none,psm_gt,,none,,
grape,153,reviewed_260916,reviewed_260916,keep,,,reviewed,,,153,g0152,0,1,,,none,psm_gt,,none,,
grape,154,reviewed_260916,reviewed_260916,keep,,,reviewed,,,154,g0153,0,1,,,none,psm_gt,,none,,
grape,155,reviewed_260916,reviewed_260916,keep,,,reviewed,,,155,g0154,0,1,,,none,psm_gt,,none,,
grape,156,reviewed_260916,reviewed_260916,keep,,,reviewed,,,156,g0155,0,1,,,none,psm_gt,,none,,
grape,157,reviewed_260916,reviewed_260916,keep,,,reviewed,,,157,g0156,0,1,,,none,psm_gt,,none,,
grape,158,reviewed_260916,reviewed_260916,keep,,,reviewed,,,158,g0157,0,1,,,none,psm_gt,,none,,
grape,159,reviewed_260916,reviewed_260916,keep,,,reviewed,,,159,g0158,0,1,,,none,psm_gt,,none,,
grape,160,reviewed_260916,reviewed_260916,keep,,,reviewed,,,160,g0159,0,1,,,none,psm_gt,,none,,
grape,161,reviewed_260916,reviewed_260916,keep,,,reviewed,,,161,g0160,0,1,,,none,psm_gt,,none,,
grape,162,reviewed_260916,reviewed_260916,keep,,,reviewed,,,162,g0161,0,1,,,none,psm_gt,,none,,
grape,163,-,-,excluded_duplicate,reviewed_duplicate,사이클1 추가 발견 근접 중복(대표 2047 만 남김). 파일은 폴더에 남아 있으나 분할표 v4 와 manifest 에서 제외 — 사람이 지울 것: _to_delete_260916.txt,ai,,,163,g0162,0,0,,,none,none,,none,,
grape,164,reviewed_260916,reviewed_260916,keep,,,reviewed,,,164,g0163,0,1,,,none,psm_gt,,none,,
grape,165,reviewed_260916,reviewed_260916,keep,,,reviewed,,,165,g0164,0,1,,,none,psm_gt,,none,,
grape,166,reviewed_260916,reviewed_260916,keep,,,reviewed,,,166,g0165,0,1,,,none,psm_gt,,none,,
grape,167,-,-,excluded_duplicate,reviewed_duplicate,근접 중복(대표 2148 만 남김),ai,,,167,g0166,0,0,,,none,none,,none,,
grape,168,reviewed_260916,reviewed_260916,keep,,,reviewed,,,168,g0167,0,1,,,none,psm_gt,,none,,
grape,169,reviewed_260916,reviewed_260916,keep,,,reviewed,,,169,g0168,0,1,,,none,psm_gt,,none,,
grape,170,reviewed_260916,reviewed_260916,keep,,,reviewed,,,170,g0169,0,1,,,none,psm_gt,,none,,
grape,171,reviewed_260916,reviewed_260916,keep,,,reviewed,,,171,g0170,0,1,,,none,psm_gt,,none,,
grape,172,reviewed_260916,reviewed_260916,keep,,,reviewed,,,172,g0171,0,1,,,none,psm_gt,,none,,
grape,173,reviewed_260916,reviewed_260916,keep,,,reviewed,,,173,g0172,0,1,,,none,psm_gt,,none,,
grape,174,-,-,excluded_duplicate,reviewed_duplicate,근접 중복(대표 2064 만 남김),ai,,,174,g0173,0,0,,,none,none,,none,,
grape,175,reviewed_260916,reviewed_260916,keep,,,reviewed,,,175,g0174,0,1,,,none,psm_gt,,none,,
grape,176,reviewed_260916,reviewed_260916,keep,,,reviewed,,,176,g0175,0,1,,,none,psm_gt,,none,,
grape,177,reviewed_260916,reviewed_260916,keep,,,reviewed,,,177,g0176,0,1,,,none,psm_gt,,none,,
grape,178,reviewed_260916,reviewed_260916,keep,,,reviewed,,,178,g0177,0,1,,,none,psm_gt,,none,,
grape,179,reviewed_260916,reviewed_260916,keep,,,reviewed,,,179,g0178,0,1,,,none,psm_gt,,none,,
grape,180,reviewed_260916,reviewed_260916,keep,,,reviewed,,,180,g0179,0,1,,,none,psm_gt,,none,,
grape,181,reviewed_260916,reviewed_260916,keep,,,reviewed,,,181,g0180,0,1,,,none,psm_gt,,none,,
grape,182,reviewed_260916,reviewed_260916,keep,,,reviewed,,,182,g0181,0,1,,,none,psm_gt,,none,,
grape,183,reviewed_260916,reviewed_260916,keep,,,reviewed,,,183,g0182,0,1,,,none,psm_gt,,none,,
grape,184,reviewed_260916,reviewed_260916,keep,,,reviewed,,,184,g0183,0,1,,,none,psm_gt,,none,,
grape,185,reviewed_260916,reviewed_260916,keep,,,reviewed,,,185,g0184,0,1,,,none,psm_gt,,none,,
grape,186,reviewed_260916,reviewed_260916,keep,,,reviewed,,,186,g0185,0,1,,,none,psm_gt,,none,,
grape,187,reviewed_260916,reviewed_260916,keep,,,reviewed,,,187,g0186,0,1,,,none,psm_gt,,none,,
grape,188,reviewed_260916,reviewed_260916,keep,,,reviewed,,,188,g0187,0,1,,,none,psm_gt,,none,,
grape,189,reviewed_260916,reviewed_260916,keep,,,reviewed,,,189,g0188,0,1,,,none,psm_gt,,none,,
grape,190,-,-,excluded_duplicate,reviewed_duplicate,근접 중복(대표 2090 만 남김),ai,,,190,g0189,0,0,,,none,none,,none,,
grape,191,reviewed_260916,reviewed_260916,keep,,,reviewed,,,191,g0190,0,1,,,none,psm_gt,,none,,
grape,192,reviewed_260916,reviewed_260916,keep,,,reviewed,,,192,g0191,0,1,,,none,psm_gt,,none,,
grape,193,reviewed_260916,reviewed_260916,keep,,,reviewed,,,193,g0192,0,1,,,none,psm_gt,,none,,
grape,194,-,-,excluded_duplicate,reviewed_duplicate,근접 중복(대표 2100 만 남김),ai,,,194,g0193,0,0,,,none,none,,none,,
grape,195,reviewed_260916,reviewed_260916,keep,,,reviewed,,,195,g0194,0,1,,,none,psm_gt,,none,,bottom_5pct_ratio
grape,196,reviewed_260916,reviewed_260916,keep,,,reviewed,,,196,g0195,0,1,,,none,psm_gt,,none,,
grape,197,reviewed_260916,reviewed_260916,keep,,,reviewed,,,197,g0196,0,1,,,none,psm_gt,,none,,
grape,198,reviewed_260916,reviewed_260916,image_replaced,,"이미지↔마스크 불일치 교정: CERTH zip 의 mimc test_set 사진으로 교체(마스크는 원래 맞음). image replaced from images/multiple-instance-multiple-class/test_set/198.png (resized 2160x3840 -> 1080x1920, BILINEAR)",ai,,,198,g0197,0,1,,,none,psm_gt,,none,,
grape,199,reviewed_260916,reviewed_260916,keep,,,reviewed,,,199,g0198,0,1,,,none,psm_gt,,none,,
grape,200,reviewed_260916,reviewed_260916,keep,,,reviewed,,,200,g0199,0,1,,,none,psm_gt,,none,,
grape,201,reviewed_260916,reviewed_260916,keep,,,reviewed,,,201,g0200,0,1,,,none,psm_gt,,none,,
grape,202,reviewed_260916,reviewed_260916,keep,,,reviewed,,,202,g0201,0,1,,,none,psm_gt,,none,,
grape,203,reviewed_260916,reviewed_260916,keep,,,reviewed,,,203,g0202,0,1,,,none,psm_gt,,none,,
grape,204,reviewed_260916,reviewed_260916,keep,,,reviewed,,,204,g0203,0,1,,,none,psm_gt,,none,,
grape,205,reviewed_260916,reviewed_260916,keep,,,reviewed,,,205,g0204,0,1,,,none,psm_gt,,none,,
grape,206,reviewed_260916,reviewed_260916,keep,,,reviewed,,,206,g0205,0,1,,,none,psm_gt,,none,,
grape,207,reviewed_260916,reviewed_260916,keep,,,reviewed,,,207,g0206,0,1,,,none,psm_gt,,none,,
grape,208,reviewed_260916,reviewed_260916,keep,,,reviewed,,,208,g0207,0,1,,,none,psm_gt,,none,,
grape,209,reviewed_260916,reviewed_260916,keep,,,reviewed,,,209,g0208,0,1,,,none,psm_gt,,none,,
grape,210,reviewed_260916,reviewed_260916,keep,,,reviewed,,,210,g0209,0,1,,,none,psm_gt,,none,,
grape,211,reviewed_260916,reviewed_260916,keep,,,reviewed,,,211,g0210,0,1,,,none,psm_gt,,none,,
grape,212,reviewed_260916,reviewed_260916,keep,,,reviewed,,,212,g0211,0,1,,,none,psm_gt,,none,,
grape,213,reviewed_260916,reviewed_260916,keep,,,reviewed,,,213,g0212,0,1,,,none,psm_gt,,none,,
grape,214,reviewed_260916,reviewed_260916,keep,,,reviewed,,,214,g0213,0,1,,,none,psm_gt,,none,,
grape,215,reviewed_260916,reviewed_260916,keep,,,reviewed,,,215,g0214,0,1,,,none,psm_gt,,none,,
grape,216,reviewed_260916,reviewed_260916,keep,,,reviewed,,,216,g0215,0,1,,,none,psm_gt,,none,,
grape,217,reviewed_260916,reviewed_260916,keep,,,reviewed,,,217,g0216,0,1,,,none,psm_gt,,none,,
grape,218,-,-,excluded_duplicate,reviewed_duplicate,근접 중복(대표 2118 만 남김),ai,,,218,g0217,0,0,,,none,none,,none,,
grape,219,reviewed_260916,reviewed_260916,keep,,,reviewed,,,219,g0218,0,1,,,none,psm_gt,,none,,
grape,220,reviewed_260916,reviewed_260916,keep,,,reviewed,,,220,g0219,0,1,,,none,psm_gt,,none,,
grape,221,reviewed_260916,reviewed_260916,keep,,,reviewed,,,221,g0220,0,1,,,none,psm_gt,,none,,
grape,222,reviewed_260916,reviewed_260916,keep,,,reviewed,,,222,g0221,0,1,,,none,psm_gt,,none,,
grape,223,reviewed_260916,reviewed_260916,keep,,,reviewed,,,223,g0222,0,1,,,none,psm_gt,,none,,
grape,224,reviewed_260916,reviewed_260916,keep,,,reviewed,,,224,g0223,0,1,,,none,psm_gt,,none,,
grape,225,reviewed_260916,reviewed_260916,keep,,,reviewed,,,225,g0224,0,1,,,none,psm_gt,,none,,
grape,226,reviewed_260916,reviewed_260916,keep,,,reviewed,,,226,g0225,0,1,,,none,psm_gt,,none,,
grape,227,reviewed_260916,reviewed_260916,keep,,,reviewed,,,227,g0226,0,1,,,none,psm_gt,,none,,
grape,228,reviewed_260916,reviewed_260916,keep,,,reviewed,,,228,g0227,0,1,,,none,psm_gt,,none,,
grape,229,reviewed_260916,reviewed_260916,keep,,,reviewed,,,229,g0228,0,1,,,none,psm_gt,,none,,
grape,230,reviewed_260916,reviewed_260916,keep,,,reviewed,,,230,g0229,0,1,,,none,psm_gt,,none,,
grape,231,reviewed_260916,reviewed_260916,keep,,,reviewed,,,231,g0230,0,1,,,none,psm_gt,,none,,
grape,232,-,-,excluded_duplicate,reviewed_duplicate,근접 중복(대표 2132 만 남김),ai,,,232,g0231,0,0,,,none,none,,none,,
grape,233,reviewed_260916,reviewed_260916,image_replaced,,"이미지↔마스크 불일치 교정: CERTH zip 의 mimc test_set 사진으로 교체(마스크는 원래 맞음). image replaced from images/multiple-instance-multiple-class/test_set/233.png (resized 2160x3840 -> 1080x1920, BILINEAR)",ai,,,233,g0232,0,1,,,none,psm_gt,,none,,
grape,234,reviewed_260916,reviewed_260916,keep,,,reviewed,,,234,g0233,0,1,,,none,psm_gt,,none,,
grape,235,reviewed_260916,reviewed_260916,keep,,,reviewed,,,235,g0234,0,1,,,none,psm_gt,,none,,
grape,236,reviewed_260916,reviewed_260916,keep,,,reviewed,,,236,g0235,0,1,,,none,psm_gt,,none,,
grape,237,-,-,excluded_duplicate,reviewed_duplicate,근접 중복(대표 2135 만 남김),ai,,,237,g0236,0,0,,,none,none,,none,,
grape,238,reviewed_260916,reviewed_260916,keep,,,reviewed,,,238,g0237,0,1,,,none,psm_gt,,none,,
grape,239,reviewed_260916,reviewed_260916,keep,,,reviewed,,,239,g0238,0,1,,,none,psm_gt,,none,,
grape,240,reviewed_260916,reviewed_260916,keep,,,reviewed,,,240,g0239,0,1,,,none,psm_gt,,none,,
grape,241,-,-,excluded_duplicate,reviewed_duplicate,근접 중복(대표 2159 만 남김),ai,,,241,g0240,0,0,,,none,none,,none,,
grape,242,reviewed_260916,reviewed_260916,keep,,,reviewed,,,242,g0241,0,1,,,none,psm_gt,,none,,
grape,243,reviewed_260916,reviewed_260916,keep,,,reviewed,,,243,g0242,0,1,,,none,psm_gt,,none,,
grape,244,reviewed_260916,reviewed_260916,keep,,,reviewed,,,244,g0243,0,1,,,none,psm_gt,,none,,
grape,245,reviewed_260916,reviewed_260916,keep,,,reviewed,,,245,g0244,0,1,,,none,psm_gt,,none,,
grape,246,reviewed_260916,reviewed_260916,keep,,dice 0.97 — 라벨된 송이 자체는 정확(규칙 판정). 다만 라벨 안 된 다른 송이가 있을 수 있음,reviewed,,,246,g0245,0,1,,,none,psm_gt,,none,,
grape,247,reviewed_260916,reviewed_260916,keep,,,reviewed,,,247,g0246,0,1,,,none,psm_gt,,none,,
grape,248,reviewed_260916,reviewed_260916,keep,,,reviewed,,,248,g0247,0,1,,,none,psm_gt,,none,,
grape,249,reviewed_260916,reviewed_260916,keep,,,reviewed,,,249,g0248,0,1,,,none,psm_gt,,none,,
grape,250,-,-,excluded_duplicate,reviewed_duplicate,근접 중복(대표 2162 만 남김),ai,,,250,g0249,0,0,,,none,none,,none,,
grape,251,reviewed_260916,reviewed_260916,keep,,,reviewed,,,251,g0250,0,1,,,none,psm_gt,,none,,
grape,252,reviewed_260916,reviewed_260916,keep,,,reviewed,,,252,g0251,0,1,,,none,psm_gt,,none,,
grape,253,reviewed_260916,reviewed_260916,keep,,,reviewed,,,253,g0252,0,1,,,none,psm_gt,,none,,
grape,254,reviewed_260916,reviewed_260916,keep,,,reviewed,,,254,g0253,0,1,,,none,psm_gt,,none,,
grape,255,reviewed_260916,reviewed_260916,keep,,,reviewed,,,255,g0254,0,1,,,none,psm_gt,,none,,
grape,256,reviewed_260916,reviewed_260916,keep,,,reviewed,,,256,g0255,0,1,,,none,psm_gt,,none,,
grape,257,reviewed_260916,reviewed_260916,keep,,,reviewed,,,257,g0256,0,1,,,none,psm_gt,,none,,
grape,258,reviewed_260916,reviewed_260916,keep,,,reviewed,,,258,g0257,0,1,,,none,psm_gt,,none,,
grape,259,reviewed_260916,reviewed_260916,keep,,,reviewed,,,259,g0258,0,1,,,none,psm_gt,,none,,
grape,260,reviewed_260916,reviewed_260916,keep,,,reviewed,,,260,g0259,0,1,,,none,psm_gt,,none,,
grape,261,reviewed_260916,reviewed_260916,keep,,dice 0.97 — 라벨된 송이 자체는 정확(규칙 판정). 다만 라벨 안 된 다른 송이가 있을 수 있음,reviewed,,,261,g0260,0,1,,,none,psm_gt,,none,,
grape,262,reviewed_260916,reviewed_260916,keep,,,reviewed,,,262,g0261,0,1,,,none,psm_gt,,none,,
grape,263,reviewed_260916,reviewed_260916,keep,,,reviewed,,,263,g0262,0,1,,,none,psm_gt,,none,,
grape,264,reviewed_260916,reviewed_260916,keep,,,reviewed,,,264,g0263,0,1,,,none,psm_gt,,none,,
grape,265,reviewed_260916,reviewed_260916,keep,,,reviewed,,,265,g0264,0,1,,,none,psm_gt,,none,,
grape,266,reviewed_260916,reviewed_260916,keep,,,reviewed,,,266,g0265,0,1,,,none,psm_gt,,none,,
grape,267,reviewed_260916,reviewed_260916,keep,,dice 0.89 — 라벨된 송이 자체는 정확(규칙 판정). 다만 라벨 안 된 다른 송이가 있을 수 있음,reviewed,,,267,g0266,0,1,,,none,psm_gt,,none,,
grape,268,reviewed_260916,reviewed_260916,keep,,,reviewed,,,268,g0267,0,1,,,none,psm_gt,,none,,
grape,269,reviewed_260916,reviewed_260916,keep,,,reviewed,,,269,g0268,0,1,,,none,psm_gt,,none,,
grape,270,reviewed_260916,reviewed_260916,keep,,,reviewed,,,270,g0269,0,1,,,none,psm_gt,,none,,
grape,271,reviewed_260916,reviewed_260916,keep,,,reviewed,,,271,g0270,0,1,,,none,psm_gt,,none,,
grape,272,reviewed_260916,reviewed_260916,keep,,,reviewed,,,272,g0271,0,1,,,none,psm_gt,,none,,
grape,273,reviewed_260916,reviewed_260916,keep,,,reviewed,,,273,g0272,0,1,,,none,psm_gt,,none,,
grape,274,reviewed_260916,reviewed_260916,keep,,,reviewed,,,274,g0273,0,1,,,none,psm_gt,,none,,
grape,275,reviewed_260916,reviewed_260916,keep,,,reviewed,,,275,g0274,0,1,,,none,psm_gt,,none,,
grape,276,-,-,excluded_duplicate,reviewed_duplicate,근접 중복(대표 2188 만 남김),ai,,,276,g0275,0,0,,,none,none,,none,,
grape,277,reviewed_260916,reviewed_260916,keep,,,reviewed,,,277,g0276,0,1,,,none,psm_gt,,none,,
grape,278,reviewed_260916,reviewed_260916,keep,,,reviewed,,,278,g0277,0,1,,,none,psm_gt,,none,,
grape,279,reviewed_260916,reviewed_260916,keep,,,reviewed,,,279,g0278,0,1,,,none,psm_gt,,none,,
grape,280,reviewed_260916,reviewed_260916,keep,,,reviewed,,,280,g0279,0,1,,,none,psm_gt,,none,,
grape,281,reviewed_260916,reviewed_260916,keep,,,reviewed,,,281,g0280,0,1,,,none,psm_gt,,none,,
grape,282,reviewed_260916,reviewed_260916,keep,,,reviewed,,,282,g0281,0,1,,,none,psm_gt,,none,,
grape,283,reviewed_260916,reviewed_260916,keep,,,reviewed,,,283,g0282,0,1,,,none,psm_gt,,none,,
grape,284,reviewed_260916,reviewed_260916,keep,,,reviewed,,,284,g0283,0,1,,,none,psm_gt,,none,,
grape,285,reviewed_260916,reviewed_260916,keep,,,reviewed,,,285,g0284,0,1,,,none,psm_gt,,none,,
grape,286,-,-,excluded_duplicate,reviewed_duplicate,근접 중복(대표 2197 만 남김),ai,,,286,g0285,0,0,,,none,none,,none,,
grape,287,reviewed_260916,reviewed_260916,keep,,,reviewed,,,287,g0286,0,1,,,none,psm_gt,,none,,
grape,288,reviewed_260916,reviewed_260916,keep,,,reviewed,,,288,g0287,0,1,,,none,psm_gt,,none,,
grape,289,reviewed_260916,reviewed_260916,keep,,,reviewed,,,289,g0288,0,1,,,none,psm_gt,,none,,
grape,290,reviewed_260916,reviewed_260916,keep,,,reviewed,,,290,g0289,0,1,,,none,psm_gt,,none,,
grape,291,reviewed_260916,reviewed_260916,keep,,,reviewed,,,291,g0290,0,1,,,none,psm_gt,,none,,
grape,292,reviewed_260916,reviewed_260916,keep,,,reviewed,,,292,g0291,0,1,,,none,psm_gt,,none,,
grape,293,reviewed_260916,reviewed_260916,keep,,,reviewed,,,293,g0292,0,1,,,none,psm_gt,,none,,
grape,294,reviewed_260916,reviewed_260916,keep,,,reviewed,,,294,g0293,0,1,,,none,psm_gt,,none,,
grape,295,reviewed_260916,reviewed_260916,keep,,,reviewed,,,295,g0294,0,1,,,none,psm_gt,,none,,
grape,296,reviewed_260916,reviewed_260916,keep,,dice 0.96 — 라벨된 송이 자체는 정확(규칙 판정). 다만 라벨 안 된 다른 송이가 있을 수 있음,reviewed,,,296,g0295,0,1,,,none,psm_gt,,none,,
grape,297,reviewed_260916,reviewed_260916,keep,,,reviewed,,,297,g0296,0,1,,,none,psm_gt,,none,,
grape,298,reviewed_260916,reviewed_260916,keep,,,reviewed,,,298,g0297,0,1,,,none,psm_gt,,none,,
grape,299,reviewed_260916,reviewed_260916,keep,,,reviewed,,,299,g0298,0,1,,,none,psm_gt,,none,,
grape,300,reviewed_260916,reviewed_260916,keep,,,reviewed,,,300,g0299,0,1,,,none,psm_gt,,none,,
grape,301,reviewed_260916,reviewed_260916,keep,,,reviewed,,,301,g0300,0,1,,,none,psm_gt,,none,,
grape,302,reviewed_260916,reviewed_260916,keep,,,reviewed,,,302,g0301,0,1,,,none,psm_gt,,none,,
grape,303,reviewed_260916,reviewed_260916,keep,,,reviewed,,,303,g0302,0,1,,,none,psm_gt,,none,,
grape,304,-,-,excluded_duplicate,reviewed_duplicate,근접 중복(대표 1897 만 남김),ai,,,304,g0303,0,0,,,none,none,,none,,
grape,305,reviewed_260916,reviewed_260916,keep,,,reviewed,,,305,g0304,0,1,,,none,psm_gt,,none,,
grape,306,reviewed_260916,reviewed_260916,keep,,,reviewed,,,306,g0305,0,1,,,none,psm_gt,,none,,
grape,307,reviewed_260916,reviewed_260916,keep,,dice 0.98 — 라벨된 송이 자체는 정확(규칙 판정). 다만 라벨 안 된 다른 송이가 있을 수 있음,reviewed,,,307,g0306,0,1,,,none,psm_gt,,none,,
grape,308,reviewed_260916,reviewed_260916,keep,,dice 0.98 — 라벨된 송이 자체는 정확(규칙 판정). 다만 라벨 안 된 다른 송이가 있을 수 있음,reviewed,,,308,g0307,0,1,,,none,psm_gt,,none,,
grape,309,reviewed_260916,reviewed_260916,keep,,,reviewed,,,309,g0308,0,1,,,none,psm_gt,,none,,
grape,310,reviewed_260916,reviewed_260916,keep,,,reviewed,,,310,g0309,0,1,,,none,psm_gt,,none,,
grape,311,reviewed_260916,reviewed_260916,keep,,,reviewed,,,311,g0310,0,1,,,none,psm_gt,,none,,
grape,312,reviewed_260916,reviewed_260916,keep,,,reviewed,,,312,g0311,0,1,,,none,psm_gt,,none,,
grape,313,reviewed_260916,reviewed_260916,keep,,,reviewed,,,313,g0312,0,1,,,none,psm_gt,,none,,
grape,314,reviewed_260916,reviewed_260916,keep,,,reviewed,,,314,g0313,0,1,,,none,psm_gt,,none,,
grape,315,reviewed_260916,reviewed_260916,keep,,,reviewed,,,315,g0314,0,1,,,none,psm_gt,,none,,
grape,316,reviewed_260916,reviewed_260916,keep,,,reviewed,,,316,g0315,0,1,,,none,psm_gt,,none,,
grape,317,reviewed_260916,reviewed_260916,keep,,,reviewed,,,317,g0316,0,1,,,none,psm_gt,,none,,
grape,318,reviewed_260916,reviewed_260916,keep,,,reviewed,,,318,g0317,0,1,,,none,psm_gt,,none,,
grape,319,reviewed_260916,reviewed_260916,keep,,,reviewed,,,319,g0318,0,1,,,none,psm_gt,,none,,
grape,320,-,-,excluded_duplicate,reviewed_duplicate,근접 중복(대표 1909 만 남김),ai,,,320,g0319,0,0,,,none,none,,none,,
grape,321,reviewed_260916,reviewed_260916,keep,,,reviewed,,,321,g0320,0,1,,,none,psm_gt,,none,,
grape,322,reviewed_260916,reviewed_260916,keep,,,reviewed,,,322,g0321,0,1,,,none,psm_gt,,none,,
grape,323,reviewed_260916,reviewed_260916,keep,,,reviewed,,,323,g0322,0,1,,,none,psm_gt,,none,,
grape,324,reviewed_260916,reviewed_260916,keep,,,reviewed,,,324,g0323,0,1,,,none,psm_gt,,none,,
grape,325,reviewed_260916,reviewed_260916,keep,,,reviewed,,,325,g0324,0,1,,,none,psm_gt,,none,,
grape,326,reviewed_260916,reviewed_260916,keep,,,reviewed,,,326,g0325,0,1,,,none,psm_gt,,none,,
grape,327,reviewed_260916,reviewed_260916,keep,,,reviewed,,,327,g0326,0,1,,,none,psm_gt,,none,,
grape,328,reviewed_260916,reviewed_260916,keep,,,reviewed,,,328,g0327,0,1,,,none,psm_gt,,none,,
grape,329,reviewed_260916,reviewed_260916,keep,,,reviewed,,,329,g0328,0,1,,,none,psm_gt,,none,,
grape,330,reviewed_260916,reviewed_260916,keep,,,reviewed,,,330,g0329,0,1,,,none,psm_gt,,none,,
grape,331,reviewed_260916,reviewed_260916,keep,,,reviewed,,,331,g0330,0,1,,,none,psm_gt,,none,,
grape,332,reviewed_260916,reviewed_260916,keep,,,reviewed,,,332,g0331,0,1,,,none,psm_gt,,none,,
grape,333,reviewed_260916,reviewed_260916,keep,,,reviewed,,,333,g0332,0,1,,,none,psm_gt,,none,,
grape,334,reviewed_260916,reviewed_260916,keep,,,reviewed,,,334,g0333,0,1,,,none,psm_gt,,none,,
grape,335,reviewed_260916,reviewed_260916,keep,,,reviewed,,,335,g0334,0,1,,,none,psm_gt,,none,,
grape,336,reviewed_260916,reviewed_260916,keep,,,reviewed,,,336,g0335,0,1,,,none,psm_gt,,none,,
grape,337,reviewed_260916,reviewed_260916,keep,,,reviewed,,,337,g0336,0,1,,,none,psm_gt,,none,,
grape,338,reviewed_260916,reviewed_260916,keep,,,reviewed,,,338,g0337,0,1,,,none,psm_gt,,none,,
grape,339,reviewed_260916,reviewed_260916,keep,,,reviewed,,,339,g0338,0,1,,,none,psm_gt,,none,,
grape,340,reviewed_260916,reviewed_260916,keep,,,reviewed,,,340,g0339,0,1,,,none,psm_gt,,none,,
grape,341,reviewed_260916,reviewed_260916,keep,,,reviewed,,,341,g0340,0,1,,,none,psm_gt,,none,,
grape,342,reviewed_260916,reviewed_260916,keep,,,reviewed,,,342,g0341,0,1,,,none,psm_gt,,none,,
grape,343,reviewed_260916,reviewed_260916,keep,,,reviewed,,,343,g0342,0,1,,,none,psm_gt,,none,,
grape,344,reviewed_260916,reviewed_260916,keep,,,reviewed,,,344,g0343,0,1,,,none,psm_gt,,none,,
grape,345,reviewed_260916,reviewed_260916,keep,,,reviewed,,,345,g0344,0,1,,,none,psm_gt,,none,,
grape,346,reviewed_260916,reviewed_260916,keep,,,reviewed,,,346,g0345,0,1,,,none,psm_gt,,none,,
grape,347,-,-,excluded_duplicate,reviewed_duplicate,근접 중복(대표 1926 만 남김),ai,,,347,g0346,0,0,,,none,none,,none,,
grape,348,reviewed_260916,reviewed_260916,keep,,,reviewed,,,348,g0347,0,1,,,none,psm_gt,,none,,
grape,349,reviewed_260916,reviewed_260916,keep,,,reviewed,,,349,g0348,0,1,,,none,psm_gt,,none,,
grape,350,reviewed_260916,reviewed_260916,keep,,,reviewed,,,350,g0349,0,1,,,none,psm_gt,,none,,
grape,351,reviewed_260916,reviewed_260916,keep,,,reviewed,,,351,g0350,0,1,,,none,psm_gt,,none,,
grape,352,reviewed_260916,reviewed_260916,keep,,,reviewed,,,352,g0351,0,1,,,none,psm_gt,,none,,
grape,353,reviewed_260916,reviewed_260916,keep,,,reviewed,,,353,g0352,0,1,,,none,psm_gt,,none,,
grape,354,reviewed_260916,reviewed_260916,keep,,,reviewed,,,354,g0353,0,1,,,none,psm_gt,,none,,
grape,355,reviewed_260916,reviewed_260916,keep,,,reviewed,,,355,g0354,0,1,,,none,psm_gt,,none,,
grape,356,reviewed_260916,reviewed_260916,keep,,,reviewed,,,356,g0355,0,1,,,none,psm_gt,,none,,
grape,357,reviewed_260916,reviewed_260916,keep,,,reviewed,,,357,g0356,0,1,,,none,psm_gt,,none,,
grape,358,reviewed_260916,reviewed_260916,keep,,,reviewed,,,358,g0357,0,1,,,none,psm_gt,,none,,
grape,359,reviewed_260916,reviewed_260916,keep,,,reviewed,,,359,g0358,0,1,,,none,psm_gt,,none,,
grape,360,reviewed_260916,reviewed_260916,keep,,,reviewed,,,360,g0359,0,1,,,none,psm_gt,,none,,
grape,361,reviewed_260916,reviewed_260916,keep,,,reviewed,,,361,g0360,0,1,,,none,psm_gt,,none,,
grape,362,reviewed_260916,reviewed_260916,keep,,,reviewed,,,362,g0361,0,1,,,none,psm_gt,,none,,
grape,363,reviewed_260916,reviewed_260916,keep,,,reviewed,,,363,g0362,0,1,,,none,psm_gt,,none,,
grape,364,reviewed_260916,reviewed_260916,keep,,,reviewed,,,364,g0363,0,1,,,none,psm_gt,,none,,
grape,365,reviewed_260916,reviewed_260916,keep,,,reviewed,,,365,g0364,0,1,,,none,psm_gt,,none,,
grape,366,reviewed_260916,reviewed_260916,keep,,,reviewed,,,366,g0365,0,1,,,none,psm_gt,,none,,
grape,367,reviewed_260916,reviewed_260916,keep,,,reviewed,,,367,g0366,0,1,,,none,psm_gt,,none,,
grape,368,reviewed_260916,reviewed_260916,keep,,,reviewed,,,368,g0367,0,1,,,none,psm_gt,,none,,
grape,369,reviewed_260916,reviewed_260916,keep,,,reviewed,,,369,g0368,0,1,,,none,psm_gt,,none,,
grape,370,reviewed_260916,reviewed_260916,keep,,,reviewed,,,370,g0369,0,1,,,none,psm_gt,,none,,
grape,371,reviewed_260916,reviewed_260916,keep,,,reviewed,,,371,g0370,0,1,,,none,psm_gt,,none,,
grape,372,reviewed_260916,reviewed_260916,keep,,,reviewed,,,372,g0371,0,1,,,none,psm_gt,,none,,
grape,373,reviewed_260916,reviewed_260916,keep,,,reviewed,,,373,g0372,0,1,,,none,psm_gt,,none,,
grape,374,reviewed_260916,reviewed_260916,keep,,,reviewed,,,374,g0373,0,1,,,none,psm_gt,,none,,
grape,375,reviewed_260916,reviewed_260916,keep,,,reviewed,,,375,g0374,0,1,,,none,psm_gt,,none,,
grape,376,reviewed_260916,reviewed_260916,keep,,,reviewed,,,376,g0375,0,1,,,none,psm_gt,,none,,
grape,377,reviewed_260916,reviewed_260916,keep,,,reviewed,,,377,g0376,0,1,,,none,psm_gt,,none,,
grape,378,reviewed_260916,reviewed_260916,keep,,,reviewed,,,378,g0377,0,1,,,none,psm_gt,,none,,
grape,379,reviewed_260916,reviewed_260916,keep,,,reviewed,,,379,g0378,0,1,,,none,psm_gt,,none,,
grape,380,-,-,excluded_duplicate,reviewed_duplicate,근접 중복(대표 1255 만 남김),ai,,,380,g0379,0,0,,,none,none,,none,,
grape,381,reviewed_260916,reviewed_260916,keep,,,reviewed,,,381,g0380,0,1,,,none,psm_gt,,none,,
grape,382,reviewed_260916,reviewed_260916,keep,,,reviewed,,,382,g0381,0,1,,,none,psm_gt,,none,,
grape,383,-,-,excluded_duplicate,reviewed_duplicate,근접 중복(대표 1112 만 남김),ai,,,383,g0382,0,0,,,none,none,,none,,
grape,384,reviewed_260916,reviewed_260916,keep,,,reviewed,,,384,g0383,0,1,,,none,psm_gt,,none,,
grape,385,reviewed_260916,reviewed_260916,keep,,,reviewed,,,385,g0384,0,1,,,none,psm_gt,,none,,
grape,386,reviewed_260916,reviewed_260916,keep,,,reviewed,,,386,g0385,0,1,,,none,psm_gt,,none,,
grape,387,reviewed_260916,reviewed_260916,keep,,dice 0.90 — 라벨된 송이 자체는 정확(규칙 판정). 다만 라벨 안 된 다른 송이가 있을 수 있음,reviewed,,,387,g0386,0,1,,,none,psm_gt,,none,,
grape,388,reviewed_260916,reviewed_260916,keep,,,reviewed,,,388,g0387,0,1,,,none,psm_gt,,none,,
grape,389,reviewed_260916,reviewed_260916,keep,,,reviewed,,,389,g0388,0,1,,,none,psm_gt,,none,,
grape,390,reviewed_260916,reviewed_260916,keep,,,reviewed,,,390,g0389,0,1,,,none,psm_gt,,none,,
grape,391,reviewed_260916,reviewed_260916,keep,,,reviewed,,,391,g0390,0,1,,,none,psm_gt,,none,,
grape,392,reviewed_260916,reviewed_260916,keep,,,reviewed,,,392,g0391,0,1,,,none,psm_gt,,none,,
grape,393,reviewed_260916,reviewed_260916,keep,,,reviewed,,,393,g0392,0,1,,,none,psm_gt,,none,,bottom_5pct_ratio
grape,394,reviewed_260916,reviewed_260916,keep,,dice 0.95 — 라벨된 송이 자체는 정확(규칙 판정). 다만 라벨 안 된 다른 송이가 있을 수 있음,reviewed,,,394,g0393,0,1,,,none,psm_gt,,none,,
grape,395,reviewed_260916,reviewed_260916,keep,,,reviewed,,,395,g0394,0,1,,,none,psm_gt,,none,,
grape,396,reviewed_260916,reviewed_260916,keep,,,reviewed,,,396,g0395,0,1,,,none,psm_gt,,none,,
grape,397,reviewed_260916,reviewed_260916,keep,,,reviewed,,,397,g0396,0,1,,,none,psm_gt,,none,,
grape,398,reviewed_260916,reviewed_260916,keep,,,reviewed,,,398,g0397,0,1,,,none,psm_gt,,none,,
grape,399,reviewed_260916,reviewed_260916,keep,,dice 0.96 — 라벨된 송이 자체는 정확(규칙 판정). 다만 라벨 안 된 다른 송이가 있을 수 있음,reviewed,,,399,g0398,0,1,,,none,psm_gt,,none,,bottom_5pct_ratio
grape,400,reviewed_260916,reviewed_260916,keep,,,reviewed,,,400,g0399,0,1,,,none,psm_gt,,none,,
grape,401,reviewed_260916,reviewed_260916,keep,,,reviewed,,,401,g0400,0,1,,,none,psm_gt,,none,,
grape,402,reviewed_260916,reviewed_260916,keep,,,reviewed,,,402,g0401,0,1,,,none,psm_gt,,none,,
grape,403,reviewed_260916,reviewed_260916,keep,,,reviewed,,,403,g0402,0,1,,,none,psm_gt,,none,,
grape,404,reviewed_260916,reviewed_260916,keep,,,reviewed,,,404,g0403,0,1,,,none,psm_gt,,none,,
grape,405,reviewed_260916,reviewed_260916,keep,,,reviewed,,,405,g0404,0,1,,,none,psm_gt,,none,,
grape,406,reviewed_260916,reviewed_260916,keep,,,reviewed,,,406,g0405,0,1,,,none,psm_gt,,none,,
grape,407,reviewed_260916,reviewed_260916,keep,,,reviewed,,,407,g0406,0,1,,,none,psm_gt,,none,,
grape,408,reviewed_260916,reviewed_260916,keep,,,reviewed,,,408,g0407,0,1,,,none,psm_gt,,none,,
grape,409,reviewed_260916,reviewed_260916,keep,,,reviewed,,,409,g0408,0,1,,,none,psm_gt,,none,,
grape,410,reviewed_260916,reviewed_260916,keep,,,reviewed,,,410,g0409,0,1,,,none,psm_gt,,none,,
grape,411,reviewed_260916,reviewed_260916,keep,,,reviewed,,,411,g0410,0,1,,,none,psm_gt,,none,,
grape,412,reviewed_260916,reviewed_260916,keep,,,reviewed,,,412,g0411,0,1,,,none,psm_gt,,none,,
grape,413,reviewed_260916,reviewed_260916,keep,,,reviewed,,,413,g0412,0,1,,,none,psm_gt,,none,,
grape,414,reviewed_260916,reviewed_260916,keep,,dice 0.92 — 라벨된 송이 자체는 정확(규칙 판정). 다만 라벨 안 된 다른 송이가 있을 수 있음,reviewed,,,414,g0413,0,1,,,none,psm_gt,,none,,bottom_5pct_ratio
grape,415,reviewed_260916,reviewed_260916,keep,,dice 0.93 — 라벨된 송이 자체는 정확(규칙 판정). 다만 라벨 안 된 다른 송이가 있을 수 있음,reviewed,,,415,g0414,0,1,,,none,psm_gt,,none,,bottom_5pct_ratio
grape,416,reviewed_260916,reviewed_260916,keep,,,reviewed,,,416,g0415,0,1,,,none,psm_gt,,none,,
grape,417,reviewed_260916,reviewed_260916,keep,,,reviewed,,,417,g0416,0,1,,,none,psm_gt,,none,,
grape,418,reviewed_260916,reviewed_260916,keep,,,reviewed,,,418,g0417,0,1,,,none,psm_gt,,none,,
grape,419,reviewed_260916,reviewed_260916,keep,,,reviewed,,,419,g0418,0,1,,,none,psm_gt,,none,,
grape,420,reviewed_260916,reviewed_260916,keep,,,reviewed,,,420,g0419,0,1,,,none,psm_gt,,none,,
grape,421,reviewed_260916,reviewed_260916,keep,,,reviewed,,,421,g0420,0,1,,,none,psm_gt,,none,,
grape,422,reviewed_260916,reviewed_260916,keep,,,reviewed,,,422,g0421,0,1,,,none,psm_gt,,none,,
grape,423,reviewed_260916,reviewed_260916,keep,,,reviewed,,,423,g0422,0,1,,,none,psm_gt,,none,,
grape,424,reviewed_260916,reviewed_260916,keep,,,reviewed,,,424,g0423,0,1,,,none,psm_gt,,none,,
grape,425,reviewed_260916,reviewed_260916,keep,,,reviewed,,,425,g0424,0,1,,,none,psm_gt,,none,,
grape,426,reviewed_260916,reviewed_260916,keep,,,reviewed,,,426,g0425,0,1,,,none,psm_gt,,none,,
grape,427,reviewed_260916,reviewed_260916,keep,,,reviewed,,,427,g0426,0,1,,,none,psm_gt,,none,,
grape,428,reviewed_260916,reviewed_260916,keep,,,reviewed,,,428,g0427,0,1,,,none,psm_gt,,none,,
grape,429,-,-,excluded_duplicate,reviewed_duplicate,근접 중복(대표 1263 만 남김),ai,,,429,g0428,0,0,,,none,none,,none,,
grape,430,reviewed_260916,reviewed_260916,keep,,,reviewed,,,430,g0429,0,1,,,none,psm_gt,,none,,
grape,431,reviewed_260916,reviewed_260916,keep,,,reviewed,,,431,g0430,0,1,,,none,psm_gt,,none,,
grape,432,reviewed_260916,reviewed_260916,keep,,,reviewed,,,432,g0431,0,1,,,none,psm_gt,,none,,
grape,433,reviewed_260916,reviewed_260916,keep,,,reviewed,,,433,g0432,0,1,,,none,psm_gt,,none,,
grape,434,reviewed_260916,reviewed_260916,keep,,,reviewed,,,434,g0433,0,1,,,none,psm_gt,,none,,
grape,435,reviewed_260916,reviewed_260916,keep,,,reviewed,,,435,g0434,0,1,,,none,psm_gt,,none,,
grape,436,reviewed_260916,reviewed_260916,keep,,,reviewed,,,436,g0435,0,1,,,none,psm_gt,,none,,
grape,437,reviewed_260916,reviewed_260916,keep,,,reviewed,,,437,g0436,0,1,,,none,psm_gt,,none,,
grape,438,reviewed_260916,reviewed_260916,keep,,,reviewed,,,438,g0437,0,1,,,none,psm_gt,,none,,
grape,439,reviewed_260916,reviewed_260916,keep,,,reviewed,,,439,g0438,0,1,,,none,psm_gt,,none,,
grape,440,reviewed_260916,reviewed_260916,keep,,,reviewed,,,440,g0439,0,1,,,none,psm_gt,,none,,
grape,441,reviewed_260916,reviewed_260916,keep,,,reviewed,,,441,g0440,0,1,,,none,psm_gt,,none,,
grape,442,reviewed_260916,reviewed_260916,keep,,,reviewed,,,442,g0441,0,1,,,none,psm_gt,,none,,
grape,443,reviewed_260916,reviewed_260916,keep,,,reviewed,,,443,g0442,0,1,,,none,psm_gt,,none,,
grape,444,reviewed_260916,reviewed_260916,keep,,,reviewed,,,444,g0443,0,1,,,none,psm_gt,,none,,
grape,445,reviewed_260916,reviewed_260916,keep,,,reviewed,,,445,g0444,0,1,,,none,psm_gt,,none,,
grape,446,reviewed_260916,reviewed_260916,keep,,,reviewed,,,446,g0445,0,1,,,none,psm_gt,,none,,
grape,447,-,-,excluded_duplicate,reviewed_duplicate,근접 중복(대표 1661 만 남김),ai,,,447,g0446,0,0,,,none,none,,none,,
grape,448,reviewed_260916,reviewed_260916,keep,,,reviewed,,,448,g0447,0,1,,,none,psm_gt,,none,,
grape,449,reviewed_260916,reviewed_260916,keep,,,reviewed,,,449,g0448,0,1,,,none,psm_gt,,none,,
grape,450,reviewed_260916,reviewed_260916,keep,,,reviewed,,,450,g0449,0,1,,,none,psm_gt,,none,,
grape,451,reviewed_260916,reviewed_260916,keep,,,reviewed,,,451,g0450,0,1,,,none,psm_gt,,none,,
grape,452,reviewed_260916,reviewed_260916,keep,,,reviewed,,,452,g0451,0,1,,,none,psm_gt,,none,,
grape,453,reviewed_260916,reviewed_260916,keep,,,reviewed,,,453,g0452,0,1,,,none,psm_gt,,none,,
grape,454,reviewed_260916,reviewed_260916,keep,,,reviewed,,,454,g0453,0,1,,,none,psm_gt,,none,,
grape,455,reviewed_260916,reviewed_260916,keep,,dice 0.87 — 라벨된 송이 자체는 정확(규칙 판정). 다만 라벨 안 된 다른 송이가 있을 수 있음,reviewed,,,455,g0454,0,1,,,none,psm_gt,,none,,
grape,456,reviewed_260916,reviewed_260916,keep,,,reviewed,,,456,g0455,0,1,,,none,psm_gt,,none,,
grape,457,reviewed_260916,reviewed_260916,keep,,dice 0.96 — 라벨된 송이 자체는 정확(규칙 판정). 다만 라벨 안 된 다른 송이가 있을 수 있음,reviewed,,,457,g0456,0,1,,,none,psm_gt,,none,,
grape,458,reviewed_260916,reviewed_260916,keep,,,reviewed,,,458,g0457,0,1,,,none,psm_gt,,none,,
grape,459,reviewed_260916,reviewed_260916,keep,,,reviewed,,,459,g0458,0,1,,,none,psm_gt,,none,,
grape,460,reviewed_260916,reviewed_260916,keep,,,reviewed,,,460,g0459,0,1,,,none,psm_gt,,none,,
grape,461,reviewed_260916,reviewed_260916,keep,,,reviewed,,,461,g0460,0,1,,,none,psm_gt,,none,,
grape,462,reviewed_260916,reviewed_260916,keep,,,reviewed,,,462,g0461,0,1,,,none,psm_gt,,none,,
grape,463,reviewed_260916,reviewed_260916,keep,,,reviewed,,,463,g0462,0,1,,,none,psm_gt,,none,,
grape,464,reviewed_260916,reviewed_260916,keep,,,reviewed,,,464,g0463,0,1,,,none,psm_gt,,none,,
grape,465,reviewed_260916,reviewed_260916,keep,,,reviewed,,,465,g0464,0,1,,,none,psm_gt,,none,,
grape,466,reviewed_260916,reviewed_260916,needs_human,,[missing_bunch] dice 0.80 — 송이 일부만 라벨(규칙 판정),ai,,,466,g0465,0,1,,,none,psm_gt,,none,,bottom_5pct_ratio
grape,467,reviewed_260916,reviewed_260916,needs_human,,[missing_bunch] dice 0.78 — 송이 일부만 라벨(규칙 판정),ai,,,467,g0466,0,1,,,none,psm_gt,,none,,
grape,468,reviewed_260916,reviewed_260916,keep,,,reviewed,,,468,g0467,0,1,,,none,psm_gt,,none,,
grape,469,reviewed_260916,reviewed_260916,keep,,dice 0.95 — 라벨된 송이 자체는 정확(규칙 판정). 다만 라벨 안 된 다른 송이가 있을 수 있음,reviewed,,,469,g0468,0,1,,,none,psm_gt,,none,,
grape,470,reviewed_260916,reviewed_260916,keep,,,reviewed,,,470,g0469,0,1,,,none,psm_gt,,none,,
grape,471,reviewed_260916,reviewed_260916,keep,,,reviewed,,,471,g0470,0,1,,,none,psm_gt,,none,,
grape,472,reviewed_260916,reviewed_260916,keep,,,reviewed,,,472,g0471,0,1,,,none,psm_gt,,none,,
grape,473,reviewed_260916,reviewed_260916,keep,,dice 0.97 — 라벨된 송이 자체는 정확(규칙 판정). 다만 라벨 안 된 다른 송이가 있을 수 있음,reviewed,,,473,g0472,0,1,,,none,psm_gt,,none,,
grape,474,reviewed_260916,reviewed_260916,keep,,,reviewed,,,474,g0473,0,1,,,none,psm_gt,,none,,
grape,475,reviewed_260916,reviewed_260916,keep,,,reviewed,,,475,g0474,0,1,,,none,psm_gt,,none,,
grape,476,reviewed_260916,reviewed_260916,keep,,,reviewed,,,476,g0475,0,1,,,none,psm_gt,,none,,
grape,477,reviewed_260916,reviewed_260916,keep,,,reviewed,,,477,g0476,0,1,,,none,psm_gt,,none,,
grape,478,reviewed_260916,reviewed_260916,keep,,,reviewed,,,478,g0477,0,1,,,none,psm_gt,,none,,
grape,479,reviewed_260916,reviewed_260916,keep,,,reviewed,,,479,g0478,0,1,,,none,psm_gt,,none,,
grape,480,reviewed_260916,reviewed_260916,keep,,,reviewed,,,480,g0479,0,1,,,none,psm_gt,,none,,
grape,481,reviewed_260916,reviewed_260916,keep,,dice 0.97 — 라벨된 송이 자체는 정확(규칙 판정). 다만 라벨 안 된 다른 송이가 있을 수 있음,reviewed,,,481,g0480,0,1,,,none,psm_gt,,none,,
grape,482,-,-,excluded_duplicate,reviewed_duplicate,근접 중복(대표 1673 만 남김),ai,,,482,g0481,0,0,,,none,none,,none,,
grape,483,reviewed_260916,reviewed_260916,keep,,,reviewed,,,483,g0482,0,1,,,none,psm_gt,,none,,
grape,484,reviewed_260916,reviewed_260916,keep,,,reviewed,,,484,g0483,0,1,,,none,psm_gt,,none,,
grape,485,reviewed_260916,reviewed_260916,keep,,,reviewed,,,485,g0484,0,1,,,none,psm_gt,,none,,
grape,486,reviewed_260916,reviewed_260916,keep,,,reviewed,,,486,g0485,0,1,,,none,psm_gt,,none,,
grape,487,reviewed_260916,reviewed_260916,keep,,dice 0.97 — 라벨된 송이 자체는 정확(규칙 판정). 다만 라벨 안 된 다른 송이가 있을 수 있음,reviewed,,,487,g0486,0,1,,,none,psm_gt,,none,,
grape,488,reviewed_260916,reviewed_260916,keep,,,reviewed,,,488,g0487,0,1,,,none,psm_gt,,none,,
grape,489,reviewed_260916,reviewed_260916,keep,,dice 0.95 — 라벨된 송이 자체는 정확(규칙 판정). 다만 라벨 안 된 다른 송이가 있을 수 있음,reviewed,,,489,g0488,0,1,,,none,psm_gt,,none,,bottom_5pct_ratio
grape,490,reviewed_260916,reviewed_260916,keep,,,reviewed,,,490,g0489,0,1,,,none,psm_gt,,none,,
grape,491,reviewed_260916,reviewed_260916,needs_human,,[missing_bunch] dice 0.72 — 송이 일부만 라벨(규칙 판정),ai,,,491,g0490,0,1,,,none,psm_gt,,none,,
grape,492,reviewed_260916,reviewed_260916,keep,,,reviewed,,,492,g0491,0,1,,,none,psm_gt,,none,,
grape,493,reviewed_260916,reviewed_260916,keep,,,reviewed,,,493,g0492,0,1,,,none,psm_gt,,none,,
grape,494,reviewed_260916,reviewed_260916,keep,,,reviewed,,,494,g0493,0,1,,,none,psm_gt,,none,,
grape,495,reviewed_260916,reviewed_260916,keep,,,reviewed,,,495,g0494,0,1,,,none,psm_gt,,none,,
grape,496,reviewed_260916,reviewed_260916,keep,,,reviewed,,,496,g0495,0,1,,,none,psm_gt,,none,,
grape,497,reviewed_260916,reviewed_260916,keep,,,reviewed,,,497,g0496,0,1,,,none,psm_gt,,none,,
grape,498,reviewed_260916,reviewed_260916,keep,,,reviewed,,,498,g0497,0,1,,,none,psm_gt,,none,,
grape,499,reviewed_260916,reviewed_260916,keep,,,reviewed,,,499,g0498,0,1,,,none,psm_gt,,none,,
grape,500,reviewed_260916,reviewed_260916,keep,,,reviewed,,,500,g0499,0,1,,,none,psm_gt,,none,,
grape,501,reviewed_260916,reviewed_260916,keep,,,reviewed,,,501,g0500,0,1,,,none,psm_gt,,none,,
grape,502,reviewed_260916,reviewed_260916,keep,,,reviewed,,,502,g0501,0,1,,,none,psm_gt,,none,,
grape,503,reviewed_260916,reviewed_260916,keep,,,reviewed,,,503,g0502,0,1,,,none,psm_gt,,none,,
grape,504,reviewed_260916,reviewed_260916,keep,,,reviewed,,,504,g0503,0,1,,,none,psm_gt,,none,,
grape,505,reviewed_260916,reviewed_260916,keep,,,reviewed,,,505,g0504,0,1,,,none,psm_gt,,none,,
grape,506,reviewed_260916,reviewed_260916,keep,,,reviewed,,,506,g0505,0,1,,,none,psm_gt,,none,,
grape,507,reviewed_260916,reviewed_260916,keep,,,reviewed,,,507,g0506,0,1,,,none,psm_gt,,none,,
grape,508,reviewed_260916,reviewed_260916,keep,,,reviewed,,,508,g0507,0,1,,,none,psm_gt,,none,,
grape,509,reviewed_260916,reviewed_260916,keep,,,reviewed,,,509,g0508,0,1,,,none,psm_gt,,none,,
grape,510,reviewed_260916,reviewed_260916,keep,,,reviewed,,,510,g0509,0,1,,,none,psm_gt,,none,,
grape,511,reviewed_260916,reviewed_260916,keep,,,reviewed,,,511,g0510,0,1,,,none,psm_gt,,none,,
grape,512,reviewed_260916,reviewed_260916,keep,,,reviewed,,,512,g0511,0,1,,,none,psm_gt,,none,,
grape,513,reviewed_260916,reviewed_260916,keep,,,reviewed,,,513,g0512,0,1,,,none,psm_gt,,none,,
grape,514,reviewed_260916,reviewed_260916,keep,,,reviewed,,,514,g0513,0,1,,,none,psm_gt,,none,,
grape,515,reviewed_260916,reviewed_260916,keep,,dice 0.87 — 라벨된 송이 자체는 정확(규칙 판정). 다만 라벨 안 된 다른 송이가 있을 수 있음,reviewed,,,515,g0514,0,1,,,none,psm_gt,,none,,
grape,516,reviewed_260916,reviewed_260916,keep,,,reviewed,,,516,g0515,0,1,,,none,psm_gt,,none,,bottom_5pct_ratio
grape,517,reviewed_260916,reviewed_260916,keep,,,reviewed,,,517,g0516,0,1,,,none,psm_gt,,none,,
grape,518,reviewed_260916,reviewed_260916,needs_human,,[missing_bunch] dice 0.75 — 송이 일부만 라벨(규칙 판정),ai,,,518,g0517,0,1,,,none,psm_gt,,none,,
grape,519,reviewed_260916,reviewed_260916,keep,,,reviewed,,,519,g0518,0,1,,,none,psm_gt,,none,,
grape,520,reviewed_260916,reviewed_260916,keep,,,reviewed,,,520,g0519,0,1,,,none,psm_gt,,none,,
grape,521,reviewed_260916,reviewed_260916,keep,,,reviewed,,,521,g0520,0,1,,,none,psm_gt,,none,,
grape,522,reviewed_260916,reviewed_260916,keep,,,reviewed,,,522,g0521,0,1,,,none,psm_gt,,none,,
grape,523,reviewed_260916,reviewed_260916,keep,,,reviewed,,,523,g0522,0,1,,,none,psm_gt,,none,,
grape,524,reviewed_260916,reviewed_260916,keep,,,reviewed,,,524,g0523,0,1,,,none,psm_gt,,none,,
grape,525,reviewed_260916,reviewed_260916,keep,,dice 0.92 — 라벨된 송이 자체는 정확(규칙 판정). 다만 라벨 안 된 다른 송이가 있을 수 있음,reviewed,,,525,g0524,0,1,,,none,psm_gt,,none,,
grape,526,reviewed_260916,reviewed_260916,keep,,dice 0.89 — 라벨된 송이 자체는 정확(규칙 판정). 다만 라벨 안 된 다른 송이가 있을 수 있음,reviewed,,,526,g0525,0,1,,,none,psm_gt,,none,,
grape,527,reviewed_260916,reviewed_260916,keep,,,reviewed,,,527,g0526,0,1,,,none,psm_gt,,none,,
grape,528,reviewed_260916,reviewed_260916,keep,,,reviewed,,,528,g0527,0,1,,,none,psm_gt,,none,,
grape,529,reviewed_260916,reviewed_260916,keep,,,reviewed,,,529,g0528,0,1,,,none,psm_gt,,none,,
grape,530,reviewed_260916,reviewed_260916,keep,,,reviewed,,,530,g0529,0,1,,,none,psm_gt,,none,,
grape,531,reviewed_260916,reviewed_260916,keep,,,reviewed,,,531,g0530,0,1,,,none,psm_gt,,none,,
grape,532,reviewed_260916,reviewed_260916,keep,,,reviewed,,,532,g0531,0,1,,,none,psm_gt,,none,,
grape,533,reviewed_260916,reviewed_260916,needs_human,,[missing_bunch] dice 0.58 — 송이 일부만 라벨(규칙 판정),ai,,,533,g0532,0,1,,,none,psm_gt,,none,,bottom_5pct_ratio
grape,534,reviewed_260916,reviewed_260916,needs_human,,[missing_bunch] dice 0.74 — 송이 일부만 라벨(규칙 판정),ai,,,534,g0533,0,1,,,none,psm_gt,,none,,
grape,535,reviewed_260916,reviewed_260916,needs_human,,[missing_bunch] dice 0.79 — 송이 일부만 라벨(규칙 판정),ai,,,535,g0534,0,1,,,none,psm_gt,,none,,
grape,536,reviewed_260916,reviewed_260916,keep,,,reviewed,,,536,g0535,0,1,,,none,psm_gt,,none,,
grape,537,reviewed_260916,reviewed_260916,keep,,,reviewed,,,537,g0536,0,1,,,none,psm_gt,,none,,
grape,538,reviewed_260916,reviewed_260916,keep,,,reviewed,,,538,g0537,0,1,,,none,psm_gt,,none,,
grape,539,reviewed_260916,reviewed_260916,keep,,,reviewed,,,539,g0538,0,1,,,none,psm_gt,,none,,
grape,540,reviewed_260916,reviewed_260916,keep,,,reviewed,,,540,g0539,0,1,,,none,psm_gt,,none,,
grape,541,reviewed_260916,reviewed_260916,keep,,,reviewed,,,541,g0540,0,1,,,none,psm_gt,,none,,
grape,542,reviewed_260916,reviewed_260916,keep,,,reviewed,,,542,g0541,0,1,,,none,psm_gt,,none,,
grape,543,reviewed_260916,reviewed_260916,keep,,,reviewed,,,543,g0542,0,1,,,none,psm_gt,,none,,
grape,544,reviewed_260916,reviewed_260916,keep,,,reviewed,,,544,g0543,0,1,,,none,psm_gt,,none,,
grape,545,reviewed_260916,reviewed_260916,keep,,,reviewed,,,545,g0544,0,1,,,none,psm_gt,,none,,
grape,546,reviewed_260916,reviewed_260916,keep,,,reviewed,,,546,g0545,0,1,,,none,psm_gt,,none,,
grape,547,reviewed_260916,reviewed_260916,keep,,,reviewed,,,547,g0546,0,1,,,none,psm_gt,,none,,
grape,548,-,-,excluded_duplicate,reviewed_duplicate,근접 중복(대표 1615 만 남김),ai,,,548,g0547,0,0,,,none,none,,none,,
grape,549,reviewed_260916,reviewed_260916,keep,,,reviewed,,,549,g0548,0,1,,,none,psm_gt,,none,,
grape,550,reviewed_260916,reviewed_260916,keep,,,reviewed,,,550,g0549,0,1,,,none,psm_gt,,none,,
grape,551,reviewed_260916,reviewed_260916,keep,,,reviewed,,,551,g0550,0,1,,,none,psm_gt,,none,,
grape,552,reviewed_260916,reviewed_260916,keep,,,reviewed,,,552,g0551,0,1,,,none,psm_gt,,none,,
grape,553,reviewed_260916,reviewed_260916,keep,,,reviewed,,,553,g0552,0,1,,,none,psm_gt,,none,,
grape,554,reviewed_260916,reviewed_260916,keep,,dice 0.81 — 라벨된 송이 자체는 정확(규칙 판정). 다만 라벨 안 된 다른 송이가 있을 수 있음,reviewed,,,554,g0553,0,1,,,none,psm_gt,,none,,bottom_5pct_ratio
grape,555,reviewed_260916,reviewed_260916,needs_human,,[missing_bunch] dice 0.75 — 송이 일부만 라벨(규칙 판정),ai,,,555,g0554,0,1,,,none,psm_gt,,none,,bottom_5pct_ratio
grape,556,reviewed_260916,reviewed_260916,keep,,dice 0.90 — 라벨된 송이 자체는 정확(규칙 판정). 다만 라벨 안 된 다른 송이가 있을 수 있음,reviewed,,,556,g0555,0,1,,,none,psm_gt,,none,,bottom_5pct_ratio
grape,557,reviewed_260916,reviewed_260916,keep,,,reviewed,,,557,g0556,0,1,,,none,psm_gt,,none,,
grape,558,reviewed_260916,reviewed_260916,keep,,,reviewed,,,558,g0557,0,1,,,none,psm_gt,,none,,
grape,559,reviewed_260916,reviewed_260916,keep,,,reviewed,,,559,g0558,0,1,,,none,psm_gt,,none,,
grape,560,reviewed_260916,reviewed_260916,keep,,,reviewed,,,560,g0559,0,1,,,none,psm_gt,,none,,
grape,561,reviewed_260916,reviewed_260916,keep,,,reviewed,,,561,g0560,0,1,,,none,psm_gt,,none,,
grape,562,reviewed_260916,reviewed_260916,keep,,dice 0.94 — 라벨된 송이 자체는 정확(규칙 판정). 다만 라벨 안 된 다른 송이가 있을 수 있음,reviewed,,,562,g0561,0,1,,,none,psm_gt,,none,,bottom_5pct_ratio
grape,563,reviewed_260916,reviewed_260916,keep,,,reviewed,,,563,g0562,0,1,,,none,psm_gt,,none,,
grape,564,reviewed_260916,reviewed_260916,keep,,,reviewed,,,564,g0563,0,1,,,none,psm_gt,,none,,
grape,565,reviewed_260916,reviewed_260916,keep,,dice 0.96 — 라벨된 송이 자체는 정확(규칙 판정). 다만 라벨 안 된 다른 송이가 있을 수 있음,reviewed,,,565,g0564,0,1,,,none,psm_gt,,none,,
grape,566,reviewed_260916,reviewed_260916,keep,,,reviewed,,,566,g0565,0,1,,,none,psm_gt,,none,,
grape,567,reviewed_260916,reviewed_260916,keep,,,reviewed,,,567,g0566,0,1,,,none,psm_gt,,none,,
grape,568,-,-,excluded_duplicate,reviewed_duplicate,근접 중복(대표 1035 만 남김),ai,,,568,g0567,0,0,,,none,none,,none,,
grape,569,reviewed_260916,reviewed_260916,keep,,,reviewed,,,569,g0568,0,1,,,none,psm_gt,,none,,
grape,570,reviewed_260916,reviewed_260916,keep,,,reviewed,,,570,g0569,0,1,,,none,psm_gt,,none,,
grape,571,reviewed_260916,reviewed_260916,keep,,,reviewed,,,571,g0570,0,1,,,none,psm_gt,,none,,
grape,572,reviewed_260916,reviewed_260916,keep,,,reviewed,,,572,g0571,0,1,,,none,psm_gt,,none,,
grape,573,reviewed_260916,reviewed_260916,keep,,,reviewed,,,573,g0572,0,1,,,none,psm_gt,,none,,
grape,574,reviewed_260916,reviewed_260916,keep,,,reviewed,,,574,g0573,0,1,,,none,psm_gt,,none,,
grape,575,reviewed_260916,reviewed_260916,keep,,,reviewed,,,575,g0574,0,1,,,none,psm_gt,,none,,
grape,576,reviewed_260916,reviewed_260916,keep,,,reviewed,,,576,g0575,0,1,,,none,psm_gt,,none,,
grape,577,-,-,excluded_duplicate,reviewed_duplicate,근접 중복(대표 1037 만 남김),ai,,,577,g0576,0,0,,,none,none,,none,,
grape,578,reviewed_260916,reviewed_260916,keep,,초점 나간 앞 알까지 라벨 — 송이 맞음,reviewed,,,578,g0577,0,1,,,none,psm_gt,,none,,
grape,579,reviewed_260916,reviewed_260916,keep,,,reviewed,,,579,g0578,0,1,,,none,psm_gt,,none,,
grape,580,reviewed_260916,reviewed_260916,keep,,,reviewed,,,580,g0579,0,1,,,none,psm_gt,,none,,
grape,581,reviewed_260916,reviewed_260916,keep,,dice 0.98 — 라벨된 송이 자체는 정확(규칙 판정). 다만 라벨 안 된 다른 송이가 있을 수 있음,reviewed,,,581,g0580,0,1,,,none,psm_gt,,none,,
grape,582,-,-,excluded_duplicate,reviewed_duplicate,근접 중복(대표 1043 만 남김),ai,,,582,g0581,0,0,,,none,none,,none,,
grape,583,reviewed_260916,reviewed_260916,keep,,,reviewed,,,583,g0582,0,1,,,none,psm_gt,,none,,
grape,584,reviewed_260916,reviewed_260916,keep,,,reviewed,,,584,g0583,0,1,,,none,psm_gt,,none,,
grape,585,reviewed_260916,reviewed_260916,keep,,,reviewed,,,585,g0584,0,1,,,none,psm_gt,,none,,bottom_5pct_ratio
grape,586,reviewed_260916,reviewed_260916,keep,,,reviewed,,,586,g0585,0,1,,,none,psm_gt,,none,,
grape,587,reviewed_260916,reviewed_260916,keep,,,reviewed,,,587,g0586,0,1,,,none,psm_gt,,none,,
grape,588,reviewed_260916,reviewed_260916,keep,,,reviewed,,,588,g0587,0,1,,,none,psm_gt,,none,,
grape,589,reviewed_260916,reviewed_260916,keep,,,reviewed,,,589,g0588,0,1,,,none,psm_gt,,none,,
grape,590,reviewed_260916,reviewed_260916,keep,,,reviewed,,,590,g0589,0,1,,,none,psm_gt,,none,,
grape,591,reviewed_260916,reviewed_260916,keep,,,reviewed,,,591,g0590,0,1,,,none,psm_gt,,none,,
grape,592,reviewed_260916,reviewed_260916,keep,,,reviewed,,,592,g0591,0,1,,,none,psm_gt,,none,,
grape,593,-,-,excluded_duplicate,reviewed_duplicate,근접 중복(대표 1055 만 남김),ai,,,593,g0592,0,0,,,none,none,,none,,
grape,594,reviewed_260916,reviewed_260916,keep,,,reviewed,,,594,g0593,0,1,,,none,psm_gt,,none,,
grape,595,reviewed_260916,reviewed_260916,keep,,dice 0.90 — 라벨된 송이 자체는 정확(규칙 판정). 다만 라벨 안 된 다른 송이가 있을 수 있음,reviewed,,,595,g0594,0,1,,,none,psm_gt,,none,,bottom_5pct_ratio
grape,596,reviewed_260916,reviewed_260916,keep,,,reviewed,,,596,g0595,0,1,,,none,psm_gt,,none,,
grape,597,reviewed_260916,reviewed_260916,keep,,,reviewed,,,597,g0596,0,1,,,none,psm_gt,,none,,
grape,598,reviewed_260916,reviewed_260916,keep,,,reviewed,,,598,g0597,0,1,,,none,psm_gt,,none,,
grape,599,reviewed_260916,reviewed_260916,keep,,dice 0.96 — 라벨된 송이 자체는 정확(규칙 판정). 다만 라벨 안 된 다른 송이가 있을 수 있음,reviewed,,,599,g0598,0,1,,,none,psm_gt,,none,,
grape,600,reviewed_260916,reviewed_260916,keep,,,reviewed,,,600,g0599,0,1,,,none,psm_gt,,none,,
grape,601,reviewed_260916,reviewed_260916,keep,,,reviewed,,,601,g0600,0,1,,,none,psm_gt,,none,,
grape,602,reviewed_260916,reviewed_260916,keep,,,reviewed,,,602,g0601,0,1,,,none,psm_gt,,none,,
grape,603,reviewed_260916,reviewed_260916,keep,,,reviewed,,,603,g0602,0,1,,,none,psm_gt,,none,,
grape,604,reviewed_260916,reviewed_260916,keep,,,reviewed,,,604,g0603,0,1,,,none,psm_gt,,none,,
grape,605,reviewed_260916,reviewed_260916,keep,,,reviewed,,,605,g0604,0,1,,,none,psm_gt,,none,,
grape,606,reviewed_260916,reviewed_260916,needs_human,,[missing_bunch] dice 0.75 — 송이 일부만 라벨(규칙 판정),ai,,,606,g0605,0,1,,,none,psm_gt,,none,,bottom_5pct_ratio
grape,607,reviewed_260916,reviewed_260916,keep,,dice 0.88 — 라벨된 송이 자체는 정확(규칙 판정). 다만 라벨 안 된 다른 송이가 있을 수 있음,reviewed,,,607,g0606,0,1,,,none,psm_gt,,none,,bottom_5pct_ratio
grape,608,reviewed_260916,reviewed_260916,keep,,,reviewed,,,608,g0607,0,1,,,none,psm_gt,,none,,bottom_5pct_ratio
grape,609,reviewed_260916,reviewed_260916,keep,,,reviewed,,,609,g0608,0,1,,,none,psm_gt,,none,,bottom_5pct_ratio
grape,610,reviewed_260916,reviewed_260916,keep,,,reviewed,,,610,g0609,0,1,,,none,psm_gt,,none,,
grape,611,reviewed_260916,reviewed_260916,keep,,,reviewed,,,611,g0610,0,1,,,none,psm_gt,,none,,
grape,612,reviewed_260916,reviewed_260916,keep,,,reviewed,,,612,g0611,0,1,,,none,psm_gt,,none,,
grape,613,reviewed_260916,reviewed_260916,keep,,dice 0.98 — 라벨된 송이 자체는 정확(규칙 판정). 다만 라벨 안 된 다른 송이가 있을 수 있음,reviewed,,,613,g0612,0,1,,,none,psm_gt,,none,,bottom_5pct_ratio
grape,614,reviewed_260916,reviewed_260916,keep,,,reviewed,,,614,g0613,0,1,,,none,psm_gt,,none,,
grape,615,reviewed_260916,reviewed_260916,keep,,,reviewed,,,615,g0614,0,1,,,none,psm_gt,,none,,
grape,616,reviewed_260916,reviewed_260916,keep,,,reviewed,,,616,g0615,0,1,,,none,psm_gt,,none,,
grape,617,reviewed_260916,reviewed_260916,keep,,,reviewed,,,617,g0616,0,1,,,none,psm_gt,,none,,
grape,618,reviewed_260916,reviewed_260916,keep,,,reviewed,,,618,g0617,0,1,,,none,psm_gt,,none,,
grape,619,reviewed_260916,reviewed_260916,keep,,,reviewed,,,619,g0618,0,1,,,none,psm_gt,,none,,
grape,620,reviewed_260916,reviewed_260916,keep,,,reviewed,,,620,g0619,0,1,,,none,psm_gt,,none,,
grape,621,reviewed_260916,reviewed_260916,keep,,,reviewed,,,621,g0620,0,1,,,none,psm_gt,,none,,
grape,622,reviewed_260916,reviewed_260916,keep,,,reviewed,,,622,g0621,0,1,,,none,psm_gt,,none,,
grape,623,reviewed_260916,reviewed_260916,keep,,,reviewed,,,623,g0622,0,1,,,none,psm_gt,,none,,
grape,624,reviewed_260916,reviewed_260916,keep,,,reviewed,,,624,g0623,0,1,,,none,psm_gt,,none,,
grape,625,reviewed_260916,reviewed_260916,keep,,dice 0.96 — 라벨된 송이 자체는 정확(규칙 판정). 다만 라벨 안 된 다른 송이가 있을 수 있음,reviewed,,,625,g0624,0,1,,,none,psm_gt,,none,,
grape,626,reviewed_260916,reviewed_260916,keep,,,reviewed,,,626,g0625,0,1,,,none,psm_gt,,none,,
grape,627,reviewed_260916,reviewed_260916,keep,,,reviewed,,,627,g0626,0,1,,,none,psm_gt,,none,,
grape,628,reviewed_260916,reviewed_260916,keep,,,reviewed,,,628,g0627,0,1,,,none,psm_gt,,none,,
grape,629,reviewed_260916,reviewed_260916,keep,,,reviewed,,,629,g0628,0,1,,,none,psm_gt,,none,,
grape,630,reviewed_260916,reviewed_260916,keep,,,reviewed,,,630,g0629,0,1,,,none,psm_gt,,none,,
grape,631,reviewed_260916,reviewed_260916,keep,,,reviewed,,,631,g0630,0,1,,,none,psm_gt,,none,,
grape,632,reviewed_260916,reviewed_260916,keep,,,reviewed,,,632,g0631,0,1,,,none,psm_gt,,none,,
grape,633,reviewed_260916,reviewed_260916,keep,,,reviewed,,,633,g0632,0,1,,,none,psm_gt,,none,,
grape,634,reviewed_260916,reviewed_260916,keep,,,reviewed,,,634,g0633,0,1,,,none,psm_gt,,none,,
grape,635,reviewed_260916,reviewed_260916,keep,,,reviewed,,,635,g0634,0,1,,,none,psm_gt,,none,,
grape,636,reviewed_260916,reviewed_260916,keep,,,reviewed,,,636,g0635,0,1,,,none,psm_gt,,none,,
grape,637,reviewed_260916,reviewed_260916,keep,,,reviewed,,,637,g0636,0,1,,,none,psm_gt,,none,,bottom_5pct_ratio
grape,638,reviewed_260916,reviewed_260916,keep,,,reviewed,,,638,g0637,0,1,,,none,psm_gt,,none,,
grape,639,reviewed_260916,reviewed_260916,keep,,,reviewed,,,639,g0638,0,1,,,none,psm_gt,,none,,
grape,640,reviewed_260916,reviewed_260916,keep,,,reviewed,,,640,g0639,0,1,,,none,psm_gt,,none,,
grape,641,reviewed_260916,reviewed_260916,keep,,,reviewed,,,641,g0640,0,1,,,none,psm_gt,,none,,
grape,642,reviewed_260916,reviewed_260916,keep,,,reviewed,,,642,g0641,0,1,,,none,psm_gt,,none,,
grape,643,reviewed_260916,reviewed_260916,keep,,,reviewed,,,643,g0642,0,1,,,none,psm_gt,,none,,bottom_5pct_ratio
grape,644,reviewed_260916,reviewed_260916,keep,,dice 0.81 — 라벨된 송이 자체는 정확(규칙 판정). 다만 라벨 안 된 다른 송이가 있을 수 있음,reviewed,,,644,g0643,0,1,,,none,psm_gt,,none,,bottom_5pct_ratio
grape,645,reviewed_260916,reviewed_260916,keep,,,reviewed,,,645,g0644,0,1,,,none,psm_gt,,none,,
grape,646,reviewed_260916,reviewed_260916,keep,,,reviewed,,,646,g0645,0,1,,,none,psm_gt,,none,,
grape,647,reviewed_260916,reviewed_260916,keep,,,reviewed,,,647,g0646,0,1,,,none,psm_gt,,none,,
grape,648,reviewed_260916,reviewed_260916,needs_human,,[other] 네모에 가까운 큰 블록,ai,,,648,g0647,0,1,,,none,psm_gt,,none,,
grape,649,reviewed_260916,reviewed_260916,keep,,,reviewed,,,649,g0648,0,1,,,none,psm_gt,,none,,
grape,650,reviewed_260916,reviewed_260916,keep,,,reviewed,,,650,g0649,0,1,,,none,psm_gt,,none,,
grape,651,reviewed_260916,reviewed_260916,keep,,,reviewed,,,651,g0650,0,1,,,none,psm_gt,,none,,
grape,652,reviewed_260916,reviewed_260916,keep,,,reviewed,,,652,g0651,0,1,,,none,psm_gt,,none,,
grape,653,reviewed_260916,reviewed_260916,keep,,,reviewed,,,653,g0652,0,1,,,none,psm_gt,,none,,
grape,654,reviewed_260916,reviewed_260916,keep,,,reviewed,,,654,g0653,0,1,,,none,psm_gt,,none,,
grape,655,reviewed_260916,reviewed_260916,keep,,,reviewed,,,655,g0654,0,1,,,none,psm_gt,,none,,
grape,656,-,-,excluded_duplicate,reviewed_duplicate,근접 중복(대표 1095 만 남김),ai,,,656,g0655,0,0,,,none,none,,none,,
grape,657,reviewed_260916,reviewed_260916,keep,,,reviewed,,,657,g0656,0,1,,,none,psm_gt,,none,,
grape,658,reviewed_260916,reviewed_260916,needs_human,,[missing_bunch] dice 0.73 — 송이 일부만 라벨(규칙 판정),ai,,,658,g0657,0,1,,,none,psm_gt,,none,,
grape,659,reviewed_260916,reviewed_260916,keep,,,reviewed,,,659,g0658,0,1,,,none,psm_gt,,none,,
grape,660,reviewed_260916,reviewed_260916,keep,,,reviewed,,,660,g0659,0,1,,,none,psm_gt,,none,,
grape,661,reviewed_260916,reviewed_260916,keep,,,reviewed,,,661,g0660,0,1,,,none,psm_gt,,none,,
grape,662,reviewed_260916,reviewed_260916,keep,,,reviewed,,,662,g0661,0,1,,,none,psm_gt,,none,,
grape,663,reviewed_260916,reviewed_260916,keep,,,reviewed,,,663,g0662,0,1,,,none,psm_gt,,none,,
grape,664,reviewed_260916,reviewed_260916,keep,,,reviewed,,,664,g0663,0,1,,,none,psm_gt,,none,,
grape,665,reviewed_260916,reviewed_260916,keep,,,reviewed,,,665,g0664,0,1,,,none,psm_gt,,none,,
grape,666,reviewed_260916,reviewed_260916,keep,,,reviewed,,,666,g0665,0,1,,,none,psm_gt,,none,,
grape,667,reviewed_260916,reviewed_260916,keep,,,reviewed,,,667,g0666,0,1,,,none,psm_gt,,none,,
grape,668,reviewed_260916,reviewed_260916,keep,,,reviewed,,,668,g0667,0,1,,,none,psm_gt,,none,,bottom_5pct_ratio
grape,669,reviewed_260916,reviewed_260916,needs_human,,[missing_bunch] AI 와 거의 안 겹침(dice 0.53) — GT 가 실제 송이를 놓쳤거나 엉뚱한 곳에 칠함(규칙 판정),ai,,,669,g0668,0,1,,,none,psm_gt,,none,,bottom_5pct_ratio
grape,670,reviewed_260916,reviewed_260916,keep,,dice 0.97 — 라벨된 송이 자체는 정확(규칙 판정). 다만 라벨 안 된 다른 송이가 있을 수 있음,reviewed,,,670,g0669,0,1,,,none,psm_gt,,none,,bottom_5pct_ratio
grape,671,reviewed_260916,reviewed_260916,needs_human,,[missing_bunch] dice 0.58 — 송이 일부만 라벨(규칙 판정),ai,,,671,g0670,0,1,,,none,psm_gt,,none,,bottom_5pct_ratio
grape,672,reviewed_260916,reviewed_260916,keep,,,reviewed,,,672,g0671,0,1,,,none,psm_gt,,none,,
grape,673,reviewed_260916,reviewed_260916,keep,,dice 0.95 — 라벨된 송이 자체는 정확(규칙 판정). 다만 라벨 안 된 다른 송이가 있을 수 있음,reviewed,,,673,g0672,0,1,,,none,psm_gt,,none,,
grape,674,reviewed_260916,reviewed_260916,keep,,,reviewed,,,674,g0673,0,1,,,none,psm_gt,,none,,
grape,675,reviewed_260916,reviewed_260916,keep,,,reviewed,,,675,g0674,0,1,,,none,psm_gt,,none,,
grape,676,reviewed_260916,reviewed_260916,keep,,,reviewed,,,676,g0675,0,1,,,none,psm_gt,,none,,bottom_5pct_ratio
grape,677,reviewed_260916,reviewed_260916,keep,,dice 0.88 — 라벨된 송이 자체는 정확(규칙 판정). 다만 라벨 안 된 다른 송이가 있을 수 있음,reviewed,,,677,g0676,0,1,,,none,psm_gt,,none,,bottom_5pct_ratio
grape,678,-,-,excluded_duplicate,reviewed_duplicate,근접 중복(대표 1020 만 남김),ai,,,678,g0677,0,0,,,none,none,,none,,
grape,679,reviewed_260916,reviewed_260916,keep,,dice 0.82 — 라벨된 송이 자체는 정확(규칙 판정). 다만 라벨 안 된 다른 송이가 있을 수 있음,reviewed,,,679,g0678,0,1,,,none,psm_gt,,none,,
grape,680,reviewed_260916,reviewed_260916,keep,,,reviewed,,,680,g0679,0,1,,,none,psm_gt,,none,,
grape,681,reviewed_260916,reviewed_260916,keep,,,reviewed,,,681,g0680,0,1,,,none,psm_gt,,none,,
grape,682,reviewed_260916,reviewed_260916,keep,,,reviewed,,,682,g0681,0,1,,,none,psm_gt,,none,,
grape,683,reviewed_260916,reviewed_260916,keep,,,reviewed,,,683,g0682,0,1,,,none,psm_gt,,none,,
grape,684,reviewed_260916,reviewed_260916,keep,,,reviewed,,,684,g0683,0,1,,,none,psm_gt,,none,,
grape,685,reviewed_260916,reviewed_260916,keep,,,reviewed,,,685,g0684,0,1,,,none,psm_gt,,none,,
grape,686,reviewed_260916,reviewed_260916,keep,,dice 0.80 — 라벨된 송이 자체는 정확(규칙 판정). 다만 라벨 안 된 다른 송이가 있을 수 있음,reviewed,,,686,g0685,0,1,,,none,psm_gt,,none,,bottom_5pct_ratio
grape,687,reviewed_260916,reviewed_260916,needs_human,,[missing_bunch] dice 0.79 — 송이 일부만 라벨(규칙 판정),ai,,,687,g0686,0,1,,,none,psm_gt,,none,,
grape,688,reviewed_260916,reviewed_260916,keep,,,reviewed,,,688,g0687,0,1,,,none,psm_gt,,none,,
grape,689,reviewed_260916,reviewed_260916,keep,,dice 0.98 — 라벨된 송이 자체는 정확(규칙 판정). 다만 라벨 안 된 다른 송이가 있을 수 있음,reviewed,,,689,g0688,0,1,,,none,psm_gt,,none,,
grape,690,reviewed_260916,reviewed_260916,keep,,,reviewed,,,690,g0689,0,1,,,none,psm_gt,,none,,
grape,691,reviewed_260916,reviewed_260916,keep,,,reviewed,,,691,g0690,0,1,,,none,psm_gt,,none,,
grape,692,reviewed_260916,reviewed_260916,keep,,,reviewed,,,692,g0691,0,1,,,none,psm_gt,,none,,
grape,693,reviewed_260916,reviewed_260916,keep,,,reviewed,,,693,g0692,0,1,,,none,psm_gt,,none,,
grape,694,reviewed_260916,reviewed_260916,keep,,,reviewed,,,694,g0693,0,1,,,none,psm_gt,,none,,
grape,695,reviewed_260916,reviewed_260916,keep,,,reviewed,,,695,g0694,0,1,,,none,psm_gt,,none,,
grape,696,reviewed_260916,reviewed_260916,keep,,,reviewed,,,696,g0695,0,1,,,none,psm_gt,,none,,
grape,697,reviewed_260916,reviewed_260916,keep,,,reviewed,,,697,g0696,0,1,,,none,psm_gt,,none,,
grape,698,reviewed_260916,reviewed_260916,keep,,,reviewed,,,698,g0697,0,1,,,none,psm_gt,,none,,
grape,699,reviewed_260916,reviewed_260916,keep,,,reviewed,,,699,g0698,0,1,,,none,psm_gt,,none,,
grape,700,reviewed_260916,reviewed_260916,keep,,,reviewed,,,700,g0699,0,1,,,none,psm_gt,,none,,
grape,701,reviewed_260916,reviewed_260916,keep,,,reviewed,,,701,g0700,0,1,,,none,psm_gt,,none,,
grape,702,reviewed_260916,reviewed_260916,keep,,dice 0.92 — 라벨된 송이 자체는 정확(규칙 판정). 다만 라벨 안 된 다른 송이가 있을 수 있음,reviewed,,,702,g0701,0,1,,,none,psm_gt,,none,,bottom_5pct_ratio
grape,703,reviewed_260916,reviewed_260916,keep,,,reviewed,,,703,g0702,0,1,,,none,psm_gt,,none,,bottom_5pct_ratio
grape,704,reviewed_260916,reviewed_260916,keep,,dice 0.91 — 라벨된 송이 자체는 정확(규칙 판정). 다만 라벨 안 된 다른 송이가 있을 수 있음,reviewed,,,704,g0703,0,1,,,none,psm_gt,,none,,bottom_5pct_ratio
grape,705,reviewed_260916,reviewed_260916,keep,,,reviewed,,,705,g0704,0,1,,,none,psm_gt,,none,,
grape,706,reviewed_260916,reviewed_260916,keep,,,reviewed,,,706,g0705,0,1,,,none,psm_gt,,none,,
grape,707,reviewed_260916,reviewed_260916,keep,,,reviewed,,,707,g0706,0,1,,,none,psm_gt,,none,,
grape,708,reviewed_260916,reviewed_260916,keep,,,reviewed,,,708,g0707,0,1,,,none,psm_gt,,none,,
grape,709,reviewed_260916,reviewed_260916,keep,,,reviewed,,,709,g0708,0,1,,,none,psm_gt,,none,,
grape,710,reviewed_260916,reviewed_260916,keep,,,reviewed,,,710,g0709,0,1,,,none,psm_gt,,none,,
grape,711,reviewed_260916,reviewed_260916,keep,,,reviewed,,,711,g0710,0,1,,,none,psm_gt,,none,,
grape,712,reviewed_260916,reviewed_260916,keep,,,reviewed,,,712,g0711,0,1,,,none,psm_gt,,none,,
grape,713,reviewed_260916,reviewed_260916,keep,,,reviewed,,,713,g0712,0,1,,,none,psm_gt,,none,,
grape,714,reviewed_260916,reviewed_260916,keep,,,reviewed,,,714,g0713,0,1,,,none,psm_gt,,none,,
grape,715,reviewed_260916,reviewed_260916,keep,,,reviewed,,,715,g0714,0,1,,,none,psm_gt,,none,,
grape,716,reviewed_260916,reviewed_260916,keep,,,reviewed,,,716,g0715,0,1,,,none,psm_gt,,none,,
grape,717,reviewed_260916,reviewed_260916,keep,,,reviewed,,,717,g0716,0,1,,,none,psm_gt,,none,,
grape,718,reviewed_260916,reviewed_260916,keep,,,reviewed,,,718,g0717,0,1,,,none,psm_gt,,none,,
grape,719,reviewed_260916,reviewed_260916,keep,,,reviewed,,,719,g0718,0,1,,,none,psm_gt,,none,,
grape,720,reviewed_260916,reviewed_260916,keep,,dice 0.91 — 라벨된 송이 자체는 정확(규칙 판정). 다만 라벨 안 된 다른 송이가 있을 수 있음,reviewed,,,720,g0719,0,1,,,none,psm_gt,,none,,
grape,721,reviewed_260916,reviewed_260916,keep,,dice 0.85 — 라벨된 송이 자체는 정확(규칙 판정). 다만 라벨 안 된 다른 송이가 있을 수 있음,reviewed,,,721,g0720,0,1,,,none,psm_gt,,none,,bottom_5pct_ratio
grape,722,reviewed_260916,reviewed_260916,keep,,,reviewed,,,722,g0721,0,1,,,none,psm_gt,,none,,bottom_5pct_ratio
grape,723,reviewed_260916,reviewed_260916,keep,,,reviewed,,,723,g0722,0,1,,,none,psm_gt,,none,,
grape,724,reviewed_260916,reviewed_260916,keep,,,reviewed,,,724,g0723,0,1,,,none,psm_gt,,none,,
grape,725,reviewed_260916,reviewed_260916,keep,,,reviewed,,,725,g0724,0,1,,,none,psm_gt,,none,,
grape,726,reviewed_260916,reviewed_260916,keep,,,reviewed,,,726,g0725,0,1,,,none,psm_gt,,none,,
grape,727,reviewed_260916,reviewed_260916,keep,,dice 0.96 — 라벨된 송이 자체는 정확(규칙 판정). 다만 라벨 안 된 다른 송이가 있을 수 있음,reviewed,,,727,g0726,0,1,,,none,psm_gt,,none,,
grape,728,reviewed_260916,reviewed_260916,keep,,,reviewed,,,728,g0727,0,1,,,none,psm_gt,,none,,
grape,729,reviewed_260916,reviewed_260916,keep,,,reviewed,,,729,g0728,0,1,,,none,psm_gt,,none,,
grape,730,reviewed_260916,reviewed_260916,keep,,,reviewed,,,730,g0729,0,1,,,none,psm_gt,,none,,
grape,731,reviewed_260916,reviewed_260916,keep,,,reviewed,,,731,g0730,0,1,,,none,psm_gt,,none,,
grape,732,reviewed_260916,reviewed_260916,keep,,,reviewed,,,732,g0731,0,1,,,none,psm_gt,,none,,
grape,733,reviewed_260916,reviewed_260916,keep,,,reviewed,,,733,g0732,0,1,,,none,psm_gt,,none,,
grape,734,reviewed_260916,reviewed_260916,keep,,,reviewed,,,734,g0733,0,1,,,none,psm_gt,,none,,
grape,735,reviewed_260916,reviewed_260916,keep,,,reviewed,,,735,g0734,0,1,,,none,psm_gt,,none,,
grape,736,reviewed_260916,reviewed_260916,keep,,,reviewed,,,736,g0735,0,1,,,none,psm_gt,,none,,
grape,737,reviewed_260916,reviewed_260916,keep,,,reviewed,,,737,g0736,0,1,,,none,psm_gt,,none,,
grape,738,reviewed_260916,reviewed_260916,keep,,,reviewed,,,738,g0737,0,1,,,none,psm_gt,,none,,
grape,739,reviewed_260916,reviewed_260916,keep,,,reviewed,,,739,g0738,0,1,,,none,psm_gt,,none,,
grape,740,reviewed_260916,reviewed_260916,keep,,"포도밭 원경. 작은 송이 몇 개만 라벨, AI 는 하나도 못 잡음(dice 0)",reviewed,,,740,g0739,0,1,,,none,psm_gt,,none,,bottom_5pct_ratio
grape,741,reviewed_260916,reviewed_260916,needs_human,,[missing_bunch] dice 0.78 — 송이 일부만 라벨(규칙 판정),ai,,,741,g0740,0,1,,,none,psm_gt,,none,,bottom_5pct_ratio
grape,742,reviewed_260916,reviewed_260916,keep,,,reviewed,,,742,g0741,0,1,,,none,psm_gt,,none,,
grape,743,reviewed_260916,reviewed_260916,needs_human,,[missing_bunch] dice 0.74 — 송이 일부만 라벨(규칙 판정),ai,,,743,g0742,0,1,,,none,psm_gt,,none,,
grape,744,reviewed_260916,reviewed_260916,keep,,,reviewed,,,744,g0743,0,1,,,none,psm_gt,,none,,
grape,745,reviewed_260916,reviewed_260916,keep,,dice 0.98 — 라벨된 송이 자체는 정확(규칙 판정). 다만 라벨 안 된 다른 송이가 있을 수 있음,reviewed,,,745,g0744,0,1,,,none,psm_gt,,none,,
grape,746,reviewed_260916,reviewed_260916,keep,,,reviewed,,,746,g0745,0,1,,,none,psm_gt,,none,,
grape,747,reviewed_260916,reviewed_260916,keep,,,reviewed,,,747,g0746,0,1,,,none,psm_gt,,none,,
grape,748,reviewed_260916,reviewed_260916,keep,,,reviewed,,,748,g0747,0,1,,,none,psm_gt,,none,,
grape,749,reviewed_260916,reviewed_260916,keep,,,reviewed,,,749,g0748,0,1,,,none,psm_gt,,none,,
grape,750,reviewed_260916,reviewed_260916,keep,,dice 0.91 — 라벨된 송이 자체는 정확(규칙 판정). 다만 라벨 안 된 다른 송이가 있을 수 있음,reviewed,,,750,g0749,0,1,,,none,psm_gt,,none,,
grape,751,-,-,excluded_duplicate,reviewed_duplicate,근접 중복(대표 1846 만 남김),ai,,,751,g0750,0,0,,,none,none,,none,,
grape,752,reviewed_260916,reviewed_260916,keep,,,reviewed,,,752,g0751,0,1,,,none,psm_gt,,none,,
grape,753,reviewed_260916,reviewed_260916,keep,,,reviewed,,,753,g0752,0,1,,,none,psm_gt,,none,,
grape,754,reviewed_260916,reviewed_260916,keep,,dice 0.97 — 라벨된 송이 자체는 정확(규칙 판정). 다만 라벨 안 된 다른 송이가 있을 수 있음,reviewed,,,754,g0753,0,1,,,none,psm_gt,,none,,
grape,755,reviewed_260916,reviewed_260916,keep,,,reviewed,,,755,g0754,0,1,,,none,psm_gt,,none,,
grape,756,reviewed_260916,reviewed_260916,keep,,,reviewed,,,756,g0755,0,1,,,none,psm_gt,,none,,
grape,757,reviewed_260916,reviewed_260916,keep,,,reviewed,,,757,g0756,0,1,,,none,psm_gt,,none,,
grape,758,reviewed_260916,reviewed_260916,keep,,dice 0.96 — 라벨된 송이 자체는 정확(규칙 판정). 다만 라벨 안 된 다른 송이가 있을 수 있음,reviewed,,,758,g0757,0,1,,,none,psm_gt,,none,,
grape,759,reviewed_260916,reviewed_260916,needs_human,,[missing_bunch] dice 0.73 — 송이 일부만 라벨(규칙 판정),ai,,,759,g0758,0,1,,,none,psm_gt,,none,,bottom_5pct_ratio
grape,760,reviewed_260916,reviewed_260916,keep,,,reviewed,,,760,g0759,0,1,,,none,psm_gt,,none,,
grape,761,reviewed_260916,reviewed_260916,keep,,,reviewed,,,761,g0760,0,1,,,none,psm_gt,,none,,
grape,762,reviewed_260916,reviewed_260916,keep,,,reviewed,,,762,g0761,0,1,,,none,psm_gt,,none,,
grape,763,reviewed_260916,reviewed_260916,keep,,,reviewed,,,763,g0762,0,1,,,none,psm_gt,,none,,
grape,764,reviewed_260916,reviewed_260916,keep,,,reviewed,,,764,g0763,0,1,,,none,psm_gt,,none,,
grape,765,reviewed_260916,reviewed_260916,keep,,,reviewed,,,765,g0764,0,1,,,none,psm_gt,,none,,
grape,766,reviewed_260916,reviewed_260916,keep,,,reviewed,,,766,g0765,0,1,,,none,psm_gt,,none,,
grape,767,reviewed_260916,reviewed_260916,keep,,,reviewed,,,767,g0766,0,1,,,none,psm_gt,,none,,
grape,768,reviewed_260916,reviewed_260916,keep,,,reviewed,,,768,g0767,0,1,,,none,psm_gt,,none,,
grape,769,reviewed_260916,reviewed_260916,keep,,,reviewed,,,769,g0768,0,1,,,none,psm_gt,,none,,
grape,770,reviewed_260916,reviewed_260916,keep,,,reviewed,,,770,g0769,0,1,,,none,psm_gt,,none,,
grape,771,reviewed_260916,reviewed_260916,keep,,,reviewed,,,771,g0770,0,1,,,none,psm_gt,,none,,
grape,772,reviewed_260916,reviewed_260916,keep,,,reviewed,,,772,g0771,0,1,,,none,psm_gt,,none,,
grape,773,reviewed_260916,reviewed_260916,keep,,,reviewed,,,773,g0772,0,1,,,none,psm_gt,,none,,
grape,774,-,-,excluded_duplicate,reviewed_duplicate,근접 중복(대표 1850 만 남김),ai,,,774,g0773,0,0,,,none,none,,none,,
grape,775,-,-,excluded_duplicate,reviewed_duplicate,근접 중복(대표 1180 만 남김),ai,,,775,g0774,0,0,,,none,none,,none,,
grape,776,reviewed_260916,reviewed_260916,keep,,,reviewed,,,776,g0775,0,1,,,none,psm_gt,,none,,
grape,777,reviewed_260916,reviewed_260916,keep,,,reviewed,,,777,g0776,0,1,,,none,psm_gt,,none,,
grape,778,reviewed_260916,reviewed_260916,keep,,,reviewed,,,778,g0777,0,1,,,none,psm_gt,,none,,
grape,779,reviewed_260916,reviewed_260916,keep,,,reviewed,,,779,g0778,0,1,,,none,psm_gt,,none,,
grape,780,reviewed_260916,reviewed_260916,keep,,dice 0.98 — 라벨된 송이 자체는 정확(규칙 판정). 다만 라벨 안 된 다른 송이가 있을 수 있음,reviewed,,,780,g0779,0,1,,,none,psm_gt,,none,,
grape,781,reviewed_260916,reviewed_260916,keep,,,reviewed,,,781,g0780,0,1,,,none,psm_gt,,none,,
grape,782,reviewed_260916,reviewed_260916,keep,,,reviewed,,,782,g0781,0,1,,,none,psm_gt,,none,,
grape,783,reviewed_260916,reviewed_260916,keep,,,reviewed,,,783,g0782,0,1,,,none,psm_gt,,none,,
grape,784,reviewed_260916,reviewed_260916,keep,,,reviewed,,,784,g0783,0,1,,,none,psm_gt,,none,,
grape,785,reviewed_260916,reviewed_260916,keep,,,reviewed,,,785,g0784,0,1,,,none,psm_gt,,none,,
grape,786,reviewed_260916,reviewed_260916,keep,,,reviewed,,,786,g0785,0,1,,,none,psm_gt,,none,,
grape,787,reviewed_260916,reviewed_260916,keep,,dice 0.95 — 라벨된 송이 자체는 정확(규칙 판정). 다만 라벨 안 된 다른 송이가 있을 수 있음,reviewed,,,787,g0786,0,1,,,none,psm_gt,,none,,
grape,788,reviewed_260916,reviewed_260916,needs_human,,[missing_bunch] dice 0.77 — 송이 일부만 라벨(규칙 판정),ai,,,788,g0787,0,1,,,none,psm_gt,,none,,bottom_5pct_ratio
grape,789,reviewed_260916,reviewed_260916,keep,,,reviewed,,,789,g0788,0,1,,,none,psm_gt,,none,,
grape,790,reviewed_260916,reviewed_260916,keep,,,reviewed,,,790,g0789,0,1,,,none,psm_gt,,none,,
grape,791,reviewed_260916,reviewed_260916,keep,,,reviewed,,,791,g0790,0,1,,,none,psm_gt,,none,,
grape,792,reviewed_260916,reviewed_260916,keep,,,reviewed,,,792,g0791,0,1,,,none,psm_gt,,none,,
grape,793,reviewed_260916,reviewed_260916,keep,,,reviewed,,,793,g0792,0,1,,,none,psm_gt,,none,,
grape,794,reviewed_260916,reviewed_260916,keep,,,reviewed,,,794,g0793,0,1,,,none,psm_gt,,none,,
grape,795,reviewed_260916,reviewed_260916,keep,,,reviewed,,,795,g0794,0,1,,,none,psm_gt,,none,,
grape,796,reviewed_260916,reviewed_260916,keep,,,reviewed,,,796,g0795,0,1,,,none,psm_gt,,none,,
grape,797,reviewed_260916,reviewed_260916,keep,,,reviewed,,,797,g0796,0,1,,,none,psm_gt,,none,,
grape,798,reviewed_260916,reviewed_260916,keep,,,reviewed,,,798,g0797,0,1,,,none,psm_gt,,none,,
grape,799,reviewed_260916,reviewed_260916,keep,,dice 0.97 — 라벨된 송이 자체는 정확(규칙 판정). 다만 라벨 안 된 다른 송이가 있을 수 있음,reviewed,,,799,g0798,0,1,,,none,psm_gt,,none,,
grape,800,reviewed_260916,reviewed_260916,keep,,,reviewed,,,800,g0799,0,1,,,none,psm_gt,,none,,
grape,801,reviewed_260916,reviewed_260916,keep,,,reviewed,,,801,g0800,0,1,,,none,psm_gt,,none,,
grape,802,reviewed_260916,reviewed_260916,keep,,,reviewed,,,802,g0801,0,1,,,none,psm_gt,,none,,
grape,803,reviewed_260916,reviewed_260916,needs_human,,[missing_bunch] 왼쪽 위 큰 송이가 통째로 라벨 없음. AI 가 잡음,ai,,,803,g0802,0,1,,,none,psm_gt,,none,,
grape,804,reviewed_260916,reviewed_260916,keep,,,reviewed,,,804,g0803,0,1,,,none,psm_gt,,none,,
grape,805,reviewed_260916,reviewed_260916,keep,,,reviewed,,,805,g0804,0,1,,,none,psm_gt,,none,,
grape,806,reviewed_260916,reviewed_260916,keep,,dice 0.96 — 라벨된 송이 자체는 정확(규칙 판정). 다만 라벨 안 된 다른 송이가 있을 수 있음,reviewed,,,806,g0805,0,1,,,none,psm_gt,,none,,
grape,807,reviewed_260916,reviewed_260916,keep,,,reviewed,,,807,g0806,0,1,,,none,psm_gt,,none,,
grape,808,reviewed_260916,reviewed_260916,keep,,dice 0.80 — 라벨된 송이 자체는 정확(규칙 판정). 다만 라벨 안 된 다른 송이가 있을 수 있음,reviewed,,,808,g0807,0,1,,,none,psm_gt,,none,,bottom_5pct_ratio
grape,809,reviewed_260916,reviewed_260916,keep,,,reviewed,,,809,g0808,0,1,,,none,psm_gt,,none,,
grape,810,reviewed_260916,reviewed_260916,keep,,dice 0.94 — 라벨된 송이 자체는 정확(규칙 판정). 다만 라벨 안 된 다른 송이가 있을 수 있음,reviewed,,,810,g0809,0,1,,,none,psm_gt,,none,,
grape,811,reviewed_260916,reviewed_260916,keep,,dice 0.97 — 라벨된 송이 자체는 정확(규칙 판정). 다만 라벨 안 된 다른 송이가 있을 수 있음,reviewed,,,811,g0810,0,1,,,none,psm_gt,,none,,
grape,812,reviewed_260916,reviewed_260916,keep,,,reviewed,,,812,g0811,0,1,,,none,psm_gt,,none,,
grape,813,reviewed_260916,reviewed_260916,keep,,dice 0.97 — 라벨된 송이 자체는 정확(규칙 판정). 다만 라벨 안 된 다른 송이가 있을 수 있음,reviewed,,,813,g0812,0,1,,,none,psm_gt,,none,,bottom_5pct_ratio
grape,814,reviewed_260916,reviewed_260916,keep,,dice 0.97 — 라벨된 송이 자체는 정확(규칙 판정). 다만 라벨 안 된 다른 송이가 있을 수 있음,reviewed,,,814,g0813,0,1,,,none,psm_gt,,none,,
grape,815,reviewed_260916,reviewed_260916,keep,,,reviewed,,,815,g0814,0,1,,,none,psm_gt,,none,,
grape,816,reviewed_260916,reviewed_260916,keep,,,reviewed,,,816,g0815,0,1,,,none,psm_gt,,none,,
grape,817,reviewed_260916,reviewed_260916,needs_human,,[missing_bunch] dice 0.67 — 송이 일부만 라벨(규칙 판정),ai,,,817,g0816,0,1,,,none,psm_gt,,none,,
grape,818,reviewed_260916,reviewed_260916,keep,,,reviewed,,,818,g0817,0,1,,,none,psm_gt,,none,,
grape,819,reviewed_260916,reviewed_260916,keep,,,reviewed,,,819,g0818,0,1,,,none,psm_gt,,none,,
grape,820,reviewed_260916,reviewed_260916,keep,,,reviewed,,,820,g0819,0,1,,,none,psm_gt,,none,,
grape,821,reviewed_260916,reviewed_260916,keep,,,reviewed,,,821,g0820,0,1,,,none,psm_gt,,none,,
grape,822,reviewed_260916,reviewed_260916,keep,,,reviewed,,,822,g0821,0,1,,,none,psm_gt,,none,,bottom_5pct_ratio
grape,823,reviewed_260916,reviewed_260916,keep,,,reviewed,,,823,g0822,0,1,,,none,psm_gt,,none,,
grape,824,reviewed_260916,reviewed_260916,keep,,,reviewed,,,824,g0823,0,1,,,none,psm_gt,,none,,
grape,825,reviewed_260916,reviewed_260916,needs_human,,[missing_bunch] dice 0.67 — 송이 일부만 라벨(규칙 판정),ai,,,825,g0824,0,1,,,none,psm_gt,,none,,bottom_5pct_ratio
grape,826,reviewed_260916,reviewed_260916,keep,,,reviewed,,,826,g0825,0,1,,,none,psm_gt,,none,,
grape,827,reviewed_260916,reviewed_260916,keep,,,reviewed,,,827,g0826,0,1,,,none,psm_gt,,none,,
grape,828,reviewed_260916,reviewed_260916,keep,,,reviewed,,,828,g0827,0,1,,,none,psm_gt,,none,,
grape,829,reviewed_260916,reviewed_260916,keep,,,reviewed,,,829,g0828,0,1,,,none,psm_gt,,none,,
grape,830,reviewed_260916,reviewed_260916,keep,,,reviewed,,,830,g0829,0,1,,,none,psm_gt,,none,,
grape,831,reviewed_260916,reviewed_260916,keep,,,reviewed,,,831,g0830,0,1,,,none,psm_gt,,none,,
grape,832,reviewed_260916,reviewed_260916,keep,,,reviewed,,,832,g0831,0,1,,,none,psm_gt,,none,,
grape,833,reviewed_260916,reviewed_260916,keep,,,reviewed,,,833,g0832,0,1,,,none,psm_gt,,none,,
grape,834,reviewed_260916,reviewed_260916,keep,,,reviewed,,,834,g0833,0,1,,,none,psm_gt,,none,,
grape,835,reviewed_260916,reviewed_260916,keep,,,reviewed,,,835,g0834,0,1,,,none,psm_gt,,none,,
grape,836,reviewed_260916,reviewed_260916,keep,,,reviewed,,,836,g0835,0,1,,,none,psm_gt,,none,,
grape,837,reviewed_260916,reviewed_260916,keep,,,reviewed,,,837,g0836,0,1,,,none,psm_gt,,none,,
grape,838,reviewed_260916,reviewed_260916,keep,,,reviewed,,,838,g0837,0,1,,,none,psm_gt,,none,,
grape,839,reviewed_260916,reviewed_260916,keep,,,reviewed,,,839,g0838,0,1,,,none,psm_gt,,none,,
grape,840,reviewed_260916,reviewed_260916,keep,,,reviewed,,,840,g0839,0,1,,,none,psm_gt,,none,,
grape,841,reviewed_260916,reviewed_260916,keep,,dice 0.97 — 라벨된 송이 자체는 정확(규칙 판정). 다만 라벨 안 된 다른 송이가 있을 수 있음,reviewed,,,841,g0840,0,1,,,none,psm_gt,,none,,
grape,842,reviewed_260916,reviewed_260916,keep,,,reviewed,,,842,g0841,0,1,,,none,psm_gt,,none,,
grape,843,reviewed_260916,reviewed_260916,keep,,,reviewed,,,843,g0842,0,1,,,none,psm_gt,,none,,
grape,844,reviewed_260916,reviewed_260916,keep,,,reviewed,,,844,g0843,0,1,,,none,psm_gt,,none,,
grape,845,reviewed_260916,reviewed_260916,keep,,dice 0.98 — 라벨된 송이 자체는 정확(규칙 판정). 다만 라벨 안 된 다른 송이가 있을 수 있음,reviewed,,,845,g0844,0,1,,,none,psm_gt,,none,,
grape,846,reviewed_260916,reviewed_260916,keep,,,reviewed,,,846,g0845,0,1,,,none,psm_gt,,none,,
grape,847,reviewed_260916,reviewed_260916,keep,,,reviewed,,,847,g0846,0,1,,,none,psm_gt,,none,,
grape,848,reviewed_260916,reviewed_260916,keep,,,reviewed,,,848,g0847,0,1,,,none,psm_gt,,none,,
grape,849,reviewed_260916,reviewed_260916,keep,,,reviewed,,,849,g0848,0,1,,,none,psm_gt,,none,,
grape,850,reviewed_260916,reviewed_260916,keep,,,reviewed,,,850,g0849,0,1,,,none,psm_gt,,none,,
grape,851,reviewed_260916,reviewed_260916,keep,,,reviewed,,,851,g0850,0,1,,,none,psm_gt,,none,,
grape,852,reviewed_260916,reviewed_260916,keep,,,reviewed,,,852,g0851,0,1,,,none,psm_gt,,none,,
grape,853,-,-,excluded_duplicate,reviewed_duplicate,근접 중복(대표 4 만 남김),ai,,,853,g0005,0,0,,,none,none,,none,,
grape,854,reviewed_260916,reviewed_260916,keep,,,reviewed,,,854,g0852,0,1,,,none,psm_gt,,none,,
grape,855,reviewed_260916,reviewed_260916,keep,,,reviewed,,,855,g0853,0,1,,,none,psm_gt,,none,,
grape,856,reviewed_260916,reviewed_260916,keep,,,reviewed,,,856,g0854,0,1,,,none,psm_gt,,none,,
grape,857,reviewed_260916,reviewed_260916,keep,,,reviewed,,,857,g0855,0,1,,,none,psm_gt,,none,,
grape,858,reviewed_260916,reviewed_260916,keep,,,reviewed,,,858,g0856,0,1,,,none,psm_gt,,none,,
grape,859,reviewed_260916,reviewed_260916,keep,,,reviewed,,,859,g0857,0,1,,,none,psm_gt,,none,,
grape,860,reviewed_260916,reviewed_260916,keep,,dice 0.96 — 라벨된 송이 자체는 정확(규칙 판정). 다만 라벨 안 된 다른 송이가 있을 수 있음,reviewed,,,860,g0858,0,1,,,none,psm_gt,,none,,
grape,861,reviewed_260916,reviewed_260916,keep,,,reviewed,,,861,g0859,0,1,,,none,psm_gt,,none,,
grape,862,reviewed_260916,reviewed_260916,keep,,,reviewed,,,862,g0860,0,1,,,none,psm_gt,,none,,
grape,863,reviewed_260916,reviewed_260916,keep,,,reviewed,,,863,g0861,0,1,,,none,psm_gt,,none,,
grape,864,reviewed_260916,reviewed_260916,keep,,,reviewed,,,864,g0862,0,1,,,none,psm_gt,,none,,
grape,865,reviewed_260916,reviewed_260916,keep,,,reviewed,,,865,g0863,0,1,,,none,psm_gt,,none,,
grape,866,reviewed_260916,reviewed_260916,keep,,,reviewed,,,866,g0864,0,1,,,none,psm_gt,,none,,
grape,867,reviewed_260916,reviewed_260916,keep,,,reviewed,,,867,g0865,0,1,,,none,psm_gt,,none,,
grape,868,reviewed_260916,reviewed_260916,keep,,,reviewed,,,868,g0866,0,1,,,none,psm_gt,,none,,
grape,869,reviewed_260916,reviewed_260916,keep,,,reviewed,,,869,g0867,0,1,,,none,psm_gt,,none,,
grape,870,reviewed_260916,reviewed_260916,keep,,,reviewed,,,870,g0868,0,1,,,none,psm_gt,,none,,
grape,871,reviewed_260916,reviewed_260916,keep,,,reviewed,,,871,g0869,0,1,,,none,psm_gt,,none,,
grape,872,reviewed_260916,reviewed_260916,keep,,,reviewed,,,872,g0870,0,1,,,none,psm_gt,,none,,
grape,873,reviewed_260916,reviewed_260916,keep,,,reviewed,,,873,g0871,0,1,,,none,psm_gt,,none,,
grape,874,reviewed_260916,reviewed_260916,keep,,,reviewed,,,874,g0872,0,1,,,none,psm_gt,,none,,
grape,875,reviewed_260916,reviewed_260916,keep,,,reviewed,,,875,g0873,0,1,,,none,psm_gt,,none,,
grape,876,reviewed_260916,reviewed_260916,keep,,,reviewed,,,876,g0874,0,1,,,none,psm_gt,,none,,bottom_5pct_ratio
grape,877,reviewed_260916,reviewed_260916,keep,,,reviewed,,,877,g0875,0,1,,,none,psm_gt,,none,,
grape,878,reviewed_260916,reviewed_260916,keep,,,reviewed,,,878,g0876,0,1,,,none,psm_gt,,none,,
grape,879,reviewed_260916,reviewed_260916,keep,,,reviewed,,,879,g0877,0,1,,,none,psm_gt,,none,,
grape,880,-,-,excluded_duplicate,reviewed_duplicate,근접 중복(대표 11 만 남김),ai,,,880,g0011,0,0,,,none,none,,none,,
grape,881,reviewed_260916,reviewed_260916,keep,,,reviewed,,,881,g0878,0,1,,,none,psm_gt,,none,,
grape,882,reviewed_260916,reviewed_260916,keep,,,reviewed,,,882,g0879,0,1,,,none,psm_gt,,none,,
grape,883,reviewed_260916,reviewed_260916,keep,,,reviewed,,,883,g0880,0,1,,,none,psm_gt,,none,,
grape,884,reviewed_260916,reviewed_260916,keep,,,reviewed,,,884,g0881,0,1,,,none,psm_gt,,none,,
grape,885,reviewed_260916,reviewed_260916,keep,,,reviewed,,,885,g0882,0,1,,,none,psm_gt,,none,,
grape,886,reviewed_260916,reviewed_260916,keep,,,reviewed,,,886,g0883,0,1,,,none,psm_gt,,none,,
grape,887,reviewed_260916,reviewed_260916,keep,,,reviewed,,,887,g0884,0,1,,,none,psm_gt,,none,,
grape,888,reviewed_260916,reviewed_260916,keep,,,reviewed,,,888,g0885,0,1,,,none,psm_gt,,none,,
grape,889,reviewed_260916,reviewed_260916,keep,,,reviewed,,,889,g0886,0,1,,,none,psm_gt,,none,,
grape,890,reviewed_260916,reviewed_260916,keep,,,reviewed,,,890,g0887,0,1,,,none,psm_gt,,none,,
grape,891,reviewed_260916,reviewed_260916,keep,,,reviewed,,,891,g0888,0,1,,,none,psm_gt,,none,,
grape,892,reviewed_260916,reviewed_260916,keep,,,reviewed,,,892,g0889,0,1,,,none,psm_gt,,none,,
grape,893,-,-,excluded_duplicate,reviewed_duplicate,근접 중복(대표 1121 만 남김),ai,,,893,g0890,0,0,,,none,none,,none,,
grape,894,reviewed_260916,reviewed_260916,keep,,,reviewed,,,894,g0891,0,1,,,none,psm_gt,,none,,
grape,895,reviewed_260916,reviewed_260916,keep,,,reviewed,,,895,g0892,0,1,,,none,psm_gt,,none,,
grape,896,reviewed_260916,reviewed_260916,keep,,,reviewed,,,896,g0893,0,1,,,none,psm_gt,,none,,
grape,897,reviewed_260916,reviewed_260916,keep,,,reviewed,,,897,g0894,0,1,,,none,psm_gt,,none,,
grape,898,reviewed_260916,reviewed_260916,keep,,,reviewed,,,898,g0895,0,1,,,none,psm_gt,,none,,
grape,899,reviewed_260916,reviewed_260916,keep,,,reviewed,,,899,g0896,0,1,,,none,psm_gt,,none,,
grape,900,reviewed_260916,reviewed_260916,keep,,,reviewed,,,900,g0897,0,1,,,none,psm_gt,,none,,
grape,901,reviewed_260916,reviewed_260916,keep,,dice 0.97 — 라벨된 송이 자체는 정확(규칙 판정). 다만 라벨 안 된 다른 송이가 있을 수 있음,reviewed,,,901,g0898,0,1,,,none,psm_gt,,none,,
grape,902,reviewed_260916,reviewed_260916,keep,,,reviewed,,,902,g0899,0,1,,,none,psm_gt,,none,,
grape,903,reviewed_260916,reviewed_260916,keep,,,reviewed,,,903,g0900,0,1,,,none,psm_gt,,none,,
grape,904,reviewed_260916,reviewed_260916,keep,,,reviewed,,,904,g0901,0,1,,,none,psm_gt,,none,,
grape,905,reviewed_260916,reviewed_260916,keep,,,reviewed,,,905,g0902,0,1,,,none,psm_gt,,none,,
grape,906,reviewed_260916,reviewed_260916,keep,,,reviewed,,,906,g0903,0,1,,,none,psm_gt,,none,,
grape,907,reviewed_260916,reviewed_260916,keep,,dice 0.95 — 라벨된 송이 자체는 정확(규칙 판정). 다만 라벨 안 된 다른 송이가 있을 수 있음,reviewed,,,907,g0904,0,1,,,none,psm_gt,,none,,
grape,908,reviewed_260916,reviewed_260916,keep,,,reviewed,,,908,g0905,0,1,,,none,psm_gt,,none,,
grape,909,reviewed_260916,reviewed_260916,keep,,,reviewed,,,909,g0906,0,1,,,none,psm_gt,,none,,
grape,910,reviewed_260916,reviewed_260916,keep,,,reviewed,,,910,g0907,0,1,,,none,psm_gt,,none,,
grape,911,reviewed_260916,reviewed_260916,keep,,dice 0.97 — 라벨된 송이 자체는 정확(규칙 판정). 다만 라벨 안 된 다른 송이가 있을 수 있음,reviewed,,,911,g0908,0,1,,,none,psm_gt,,none,,
grape,912,reviewed_260916,reviewed_260916,keep,,,reviewed,,,912,g0909,0,1,,,none,psm_gt,,none,,
grape,913,reviewed_260916,reviewed_260916,keep,,,reviewed,,,913,g0910,0,1,,,none,psm_gt,,none,,
grape,914,reviewed_260916,reviewed_260916,keep,,,reviewed,,,914,g0911,0,1,,,none,psm_gt,,none,,bottom_5pct_ratio
grape,915,-,-,excluded_duplicate,reviewed_duplicate,근접 중복(대표 1142 만 남김),ai,,,915,g0912,0,0,,,none,none,,none,,
grape,916,reviewed_260916,reviewed_260916,keep,,,reviewed,,,916,g0913,0,1,,,none,psm_gt,,none,,
grape,917,reviewed_260916,reviewed_260916,keep,,dice 0.99 — 라벨된 송이 자체는 정확(규칙 판정). 다만 라벨 안 된 다른 송이가 있을 수 있음,reviewed,,,917,g0914,0,1,,,none,psm_gt,,none,,
grape,918,reviewed_260916,reviewed_260916,keep,,,reviewed,,,918,g0915,0,1,,,none,psm_gt,,none,,
grape,919,reviewed_260916,reviewed_260916,keep,,dice 0.98 — 라벨된 송이 자체는 정확(규칙 판정). 다만 라벨 안 된 다른 송이가 있을 수 있음,reviewed,,,919,g0916,0,1,,,none,psm_gt,,none,,
grape,920,reviewed_260916,reviewed_260916,keep,,,reviewed,,,920,g0917,0,1,,,none,psm_gt,,none,,
grape,921,reviewed_260916,reviewed_260916,keep,,,reviewed,,,921,g0918,0,1,,,none,psm_gt,,none,,
grape,922,reviewed_260916,reviewed_260916,keep,,,reviewed,,,922,g0919,0,1,,,none,psm_gt,,none,,
grape,923,reviewed_260916,reviewed_260916,keep,,dice 0.92 — 라벨된 송이 자체는 정확(규칙 판정). 다만 라벨 안 된 다른 송이가 있을 수 있음,reviewed,,,923,g0920,0,1,,,none,psm_gt,,none,,bottom_5pct_ratio
grape,924,reviewed_260916,reviewed_260916,keep,,,reviewed,,,924,g0921,0,1,,,none,psm_gt,,none,,
grape,925,reviewed_260916,reviewed_260916,keep,,,reviewed,,,925,g0922,0,1,,,none,psm_gt,,none,,
grape,926,reviewed_260916,reviewed_260916,keep,,,reviewed,,,926,g0923,0,1,,,none,psm_gt,,none,,
grape,927,reviewed_260916,reviewed_260916,keep,,dice 0.98 — 라벨된 송이 자체는 정확(규칙 판정). 다만 라벨 안 된 다른 송이가 있을 수 있음,reviewed,,,927,g0924,0,1,,,none,psm_gt,,none,,
grape,928,reviewed_260916,reviewed_260916,keep,,dice 0.94 — 라벨된 송이 자체는 정확(규칙 판정). 다만 라벨 안 된 다른 송이가 있을 수 있음,reviewed,,,928,g0925,0,1,,,none,psm_gt,,none,,
grape,929,reviewed_260916,reviewed_260916,keep,,,reviewed,,,929,g0926,0,1,,,none,psm_gt,,none,,
grape,930,reviewed_260916,reviewed_260916,keep,,,reviewed,,,930,g0927,0,1,,,none,psm_gt,,none,,
grape,931,reviewed_260916,reviewed_260916,keep,,,reviewed,,,931,g0928,0,1,,,none,psm_gt,,none,,
grape,932,reviewed_260916,reviewed_260916,keep,,,reviewed,,,932,g0929,0,1,,,none,psm_gt,,none,,
grape,933,reviewed_260916,reviewed_260916,keep,,,reviewed,,,933,g0930,0,1,,,none,psm_gt,,none,,
grape,934,reviewed_260916,reviewed_260916,keep,,,reviewed,,,934,g0931,0,1,,,none,psm_gt,,none,,
grape,935,reviewed_260916,reviewed_260916,keep,,,reviewed,,,935,g0932,0,1,,,none,psm_gt,,none,,
grape,936,reviewed_260916,reviewed_260916,keep,,,reviewed,,,936,g0933,0,1,,,none,psm_gt,,none,,
grape,937,reviewed_260916,reviewed_260916,keep,,,reviewed,,,937,g0934,0,1,,,none,psm_gt,,none,,
grape,938,reviewed_260916,reviewed_260916,keep,,,reviewed,,,938,g0935,0,1,,,none,psm_gt,,none,,
grape,939,reviewed_260916,reviewed_260916,keep,,,reviewed,,,939,g0936,0,1,,,none,psm_gt,,none,,
grape,940,reviewed_260916,reviewed_260916,keep,,,reviewed,,,940,g0937,0,1,,,none,psm_gt,,none,,
grape,941,reviewed_260916,reviewed_260916,needs_human,,[other] 완전한 직사각형 두 개(extent=1.00). 라벨이 아니라 사각형 칠,ai,,,941,g0938,0,1,,,none,psm_gt,,none,,
grape,942,reviewed_260916,reviewed_260916,needs_human,,[other] 둥근 사각형 블록이 송이+잎을 덮음,ai,,,942,g0939,0,1,,,none,psm_gt,,none,,
grape,943,reviewed_260916,reviewed_260916,keep,,,reviewed,,,943,g0940,0,1,,,none,psm_gt,,none,,
grape,944,reviewed_260916,reviewed_260916,needs_human,,[missing_bunch] dice 0.60 — 송이 일부만 라벨(규칙 판정),ai,,,944,g0941,0,1,,,none,psm_gt,,none,,
grape,945,reviewed_260916,reviewed_260916,keep,,,reviewed,,,945,g0942,0,1,,,none,psm_gt,,none,,
grape,946,reviewed_260916,reviewed_260916,keep,,,reviewed,,,946,g0943,0,1,,,none,psm_gt,,none,,
grape,947,reviewed_260916,reviewed_260916,keep,,,reviewed,,,947,g0944,0,1,,,none,psm_gt,,none,,
grape,948,reviewed_260916,reviewed_260916,keep,,dice 0.81 — 라벨된 송이 자체는 정확(규칙 판정). 다만 라벨 안 된 다른 송이가 있을 수 있음,reviewed,,,948,g0945,0,1,,,none,psm_gt,,none,,
grape,949,reviewed_260916,reviewed_260916,keep,,,reviewed,,,949,g0946,0,1,,,none,psm_gt,,none,,
grape,950,reviewed_260916,reviewed_260916,needs_human,,[missing_bunch] dice 0.75 — 송이 일부만 라벨(규칙 판정),ai,,,950,g0947,0,1,,,none,psm_gt,,none,,
grape,951,reviewed_260916,reviewed_260916,keep,,,reviewed,,,951,g0948,0,1,,,none,psm_gt,,none,,
grape,952,reviewed_260916,reviewed_260916,keep,,,reviewed,,,952,g0949,0,1,,,none,psm_gt,,none,,
grape,953,reviewed_260916,reviewed_260916,keep,,,reviewed,,,953,g0950,0,1,,,none,psm_gt,,none,,
grape,954,reviewed_260916,reviewed_260916,keep,,,reviewed,,,954,g0951,0,1,,,none,psm_gt,,none,,
grape,955,reviewed_260916,reviewed_260916,keep,,,reviewed,,,955,g0952,0,1,,,none,psm_gt,,none,,
grape,956,reviewed_260916,reviewed_260916,keep,,,reviewed,,,956,g0953,0,1,,,none,psm_gt,,none,,
grape,957,reviewed_260916,reviewed_260916,keep,,,reviewed,,,957,g0954,0,1,,,none,psm_gt,,none,,
grape,958,reviewed_260916,reviewed_260916,keep,,,reviewed,,,958,g0955,0,1,,,none,psm_gt,,none,,
grape,959,reviewed_260916,reviewed_260916,keep,,,reviewed,,,959,g0956,0,1,,,none,psm_gt,,none,,
grape,960,reviewed_260916,reviewed_260916,keep,,dice 0.85 — 라벨된 송이 자체는 정확(규칙 판정). 다만 라벨 안 된 다른 송이가 있을 수 있음,reviewed,,,960,g0957,0,1,,,none,psm_gt,,none,,bottom_5pct_ratio
grape,961,reviewed_260916,reviewed_260916,keep,,,reviewed,,,961,g0958,0,1,,,none,psm_gt,,none,,
grape,962,reviewed_260916,reviewed_260916,needs_human,,[missing_bunch] 실제 송이 왼쪽 빈 곳이 칠해짐,ai,,,962,g0959,0,1,,,none,psm_gt,,none,,bottom_5pct_ratio
grape,963,reviewed_260916,reviewed_260916,keep,,,reviewed,,,963,g0960,0,1,,,none,psm_gt,,none,,
grape,964,reviewed_260916,reviewed_260916,keep,,,reviewed,,,964,g0961,0,1,,,none,psm_gt,,none,,
grape,965,reviewed_260916,reviewed_260916,keep,,,reviewed,,,965,g0962,0,1,,,none,psm_gt,,none,,
grape,966,reviewed_260916,reviewed_260916,keep,,,reviewed,,,966,g0963,0,1,,,none,psm_gt,,none,,
grape,967,reviewed_260916,reviewed_260916,keep,,,reviewed,,,967,g0964,0,1,,,none,psm_gt,,none,,
grape,968,reviewed_260916,reviewed_260916,keep,,,reviewed,,,968,g0965,0,1,,,none,psm_gt,,none,,
grape,969,reviewed_260916,reviewed_260916,keep,,dice 0.98 — 라벨된 송이 자체는 정확(규칙 판정). 다만 라벨 안 된 다른 송이가 있을 수 있음,reviewed,,,969,g0966,0,1,,,none,psm_gt,,none,,
grape,970,reviewed_260916,reviewed_260916,keep,,,reviewed,,,970,g0967,0,1,,,none,psm_gt,,none,,
grape,971,reviewed_260916,reviewed_260916,keep,,,reviewed,,,971,g0968,0,1,,,none,psm_gt,,none,,
grape,972,reviewed_260916,reviewed_260916,needs_human,,[missing_bunch] dice 0.76 — 송이 일부만 라벨(규칙 판정),ai,,,972,g0969,0,1,,,none,psm_gt,,none,,
grape,973,reviewed_260916,reviewed_260916,keep,,,reviewed,,,973,g0970,0,1,,,none,psm_gt,,none,,
grape,974,reviewed_260916,reviewed_260916,keep,,,reviewed,,,974,g0971,0,1,,,none,psm_gt,,none,,
grape,975,reviewed_260916,reviewed_260916,keep,,,reviewed,,,975,g0972,0,1,,,none,psm_gt,,none,,
grape,976,reviewed_260916,reviewed_260916,keep,,,reviewed,,,976,g0973,0,1,,,none,psm_gt,,none,,
grape,977,reviewed_260916,reviewed_260916,keep,,,reviewed,,,977,g0974,0,1,,,none,psm_gt,,none,,
grape,978,reviewed_260916,reviewed_260916,keep,,dice 0.80 — 라벨된 송이 자체는 정확(규칙 판정). 다만 라벨 안 된 다른 송이가 있을 수 있음,reviewed,,,978,g0975,0,1,,,none,psm_gt,,none,,
grape,979,reviewed_260916,reviewed_260916,keep,,,reviewed,,,979,g0976,0,1,,,none,psm_gt,,none,,
grape,980,reviewed_260916,reviewed_260916,keep,,,reviewed,,,980,g0977,0,1,,,none,psm_gt,,none,,
grape,981,reviewed_260916,reviewed_260916,keep,,,reviewed,,,981,g0978,0,1,,,none,psm_gt,,none,,
grape,982,reviewed_260916,reviewed_260916,keep,,,reviewed,,,982,g0979,0,1,,,none,psm_gt,,none,,
grape,983,reviewed_260916,reviewed_260916,keep,,,reviewed,,,983,g0980,0,1,,,none,psm_gt,,none,,
grape,984,reviewed_260916,reviewed_260916,keep,,,reviewed,,,984,g0981,0,1,,,none,psm_gt,,none,,
grape,985,reviewed_260916,reviewed_260916,keep,,,reviewed,,,985,g0982,0,1,,,none,psm_gt,,none,,
grape,986,reviewed_260916,reviewed_260916,keep,,,reviewed,,,986,g0983,0,1,,,none,psm_gt,,none,,
grape,987,reviewed_260916,reviewed_260916,keep,,,reviewed,,,987,g0984,0,1,,,none,psm_gt,,none,,
grape,988,reviewed_260916,reviewed_260916,keep,,,reviewed,,,988,g0985,0,1,,,none,psm_gt,,none,,
grape,989,reviewed_260916,reviewed_260916,keep,,,reviewed,,,989,g0986,0,1,,,none,psm_gt,,none,,
grape,990,reviewed_260916,reviewed_260916,keep,,,reviewed,,,990,g0987,0,1,,,none,psm_gt,,none,,
grape,991,reviewed_260916,reviewed_260916,keep,,,reviewed,,,991,g0988,0,1,,,none,psm_gt,,none,,
grape,992,reviewed_260916,reviewed_260916,keep,,,reviewed,,,992,g0989,0,1,,,none,psm_gt,,none,,
grape,993,reviewed_260916,reviewed_260916,keep,,,reviewed,,,993,g0990,0,1,,,none,psm_gt,,none,,
grape,994,reviewed_260916,reviewed_260916,keep,,dice 0.91 — 라벨된 송이 자체는 정확(규칙 판정). 다만 라벨 안 된 다른 송이가 있을 수 있음,reviewed,,,994,g0991,0,1,,,none,psm_gt,,none,,
grape,995,reviewed_260916,reviewed_260916,keep,,,reviewed,,,995,g0992,0,1,,,none,psm_gt,,none,,
grape,996,reviewed_260916,reviewed_260916,keep,,,reviewed,,,996,g0993,0,1,,,none,psm_gt,,none,,
grape,997,-,-,excluded_duplicate,reviewed_duplicate,근접 중복(대표 834 만 남김),ai,,,997,g0833,0,0,,,none,none,,none,,
grape,998,reviewed_260916,reviewed_260916,keep,,,reviewed,,,998,g0994,0,1,,,none,psm_gt,,none,,
grape,999,reviewed_260916,reviewed_260916,keep,,,reviewed,,,999,g0995,0,1,,,none,psm_gt,,none,,
grape,1000,reviewed_260916,reviewed_260916,keep,,,reviewed,,,1000,g0996,0,1,,,none,psm_gt,,none,,
grape,1001,reviewed_260916,reviewed_260916,keep,,,reviewed,,,1001,g0997,0,1,,,none,psm_gt,,none,,
grape,1002,reviewed_260916,reviewed_260916,keep,,,reviewed,,,1002,g0998,0,1,,,none,psm_gt,,none,,
grape,1003,reviewed_260916,reviewed_260916,keep,,,reviewed,,,1003,g0999,0,1,,,none,psm_gt,,none,,
grape,1004,reviewed_260916,reviewed_260916,keep,,,reviewed,,,1004,g1000,0,1,,,none,psm_gt,,none,,
grape,1005,reviewed_260916,reviewed_260916,keep,,,reviewed,,,1005,g1001,0,1,,,none,psm_gt,,none,,
grape,1006,reviewed_260916,reviewed_260916,keep,,dice 0.97 — 라벨된 송이 자체는 정확(규칙 판정). 다만 라벨 안 된 다른 송이가 있을 수 있음,reviewed,,,1006,g1002,0,1,,,none,psm_gt,,none,,
grape,1007,reviewed_260916,reviewed_260916,keep,,dice 0.92 — 라벨된 송이 자체는 정확(규칙 판정). 다만 라벨 안 된 다른 송이가 있을 수 있음,reviewed,,,1007,g1003,0,1,,,none,psm_gt,,none,,
grape,1008,reviewed_260916,reviewed_260916,keep,,dice 0.97 — 라벨된 송이 자체는 정확(규칙 판정). 다만 라벨 안 된 다른 송이가 있을 수 있음,reviewed,,,1008,g1004,0,1,,,none,psm_gt,,none,,
grape,1009,reviewed_260916,reviewed_260916,keep,,dice 0.98 — 라벨된 송이 자체는 정확(규칙 판정). 다만 라벨 안 된 다른 송이가 있을 수 있음,reviewed,,,1009,g1005,0,1,,,none,psm_gt,,none,,
grape,1010,reviewed_260916,reviewed_260916,keep,,,reviewed,,,1010,g1006,0,1,,,none,psm_gt,,none,,
grape,1011,reviewed_260916,reviewed_260916,keep,,,reviewed,,,1011,g1007,0,1,,,none,psm_gt,,none,,
grape,1012,reviewed_260916,reviewed_260916,keep,,,reviewed,,,1012,g1008,0,1,,,none,psm_gt,,none,,
grape,1013,reviewed_260916,reviewed_260916,keep,,,reviewed,,,1013,g1009,0,1,,,none,psm_gt,,none,,
grape,1014,reviewed_260916,reviewed_260916,keep,,,reviewed,,,1014,g1010,0,1,,,none,psm_gt,,none,,
grape,1015,reviewed_260916,reviewed_260916,keep,,,reviewed,,,1015,g1011,0,1,,,none,psm_gt,,none,,
grape,1016,reviewed_260916,reviewed_260916,keep,,,reviewed,,,1016,g1012,0,1,,,none,psm_gt,,none,,
grape,1017,reviewed_260916,reviewed_260916,keep,,,reviewed,,,1017,g1013,0,1,,,none,psm_gt,,none,,
grape,1018,reviewed_260916,reviewed_260916,keep,,,reviewed,,,1018,g1014,0,1,,,none,psm_gt,,none,,
grape,1019,reviewed_260916,reviewed_260916,keep,,,reviewed,,,1019,g1015,0,1,,,none,psm_gt,,none,,
grape,1020,reviewed_260916,reviewed_260916,keep,,,reviewed,,,1020,g0677,0,1,,,none,psm_gt,,none,,
grape,1021,reviewed_260916,reviewed_260916,keep,,dice 0.97 — 라벨된 송이 자체는 정확(규칙 판정). 다만 라벨 안 된 다른 송이가 있을 수 있음,reviewed,,,1021,g1016,0,1,,,none,psm_gt,,none,,
grape,1022,reviewed_260916,reviewed_260916,keep,,,reviewed,,,1022,g1017,0,1,,,none,psm_gt,,none,,
grape,1023,reviewed_260916,reviewed_260916,keep,,,reviewed,,,1023,g1018,0,1,,,none,psm_gt,,none,,
grape,1024,reviewed_260916,reviewed_260916,keep,,,reviewed,,,1024,g1019,0,1,,,none,psm_gt,,none,,
grape,1025,reviewed_260916,reviewed_260916,keep,,,reviewed,,,1025,g1020,0,1,,,none,psm_gt,,none,,
grape,1026,reviewed_260916,reviewed_260916,keep,,,reviewed,,,1026,g1021,0,1,,,none,psm_gt,,none,,
grape,1027,reviewed_260916,reviewed_260916,needs_human,,[missing_bunch] dice 0.77 — 송이 일부만 라벨(규칙 판정),ai,,,1027,g1022,0,1,,,none,psm_gt,,none,,
grape,1028,reviewed_260916,reviewed_260916,keep,,,reviewed,,,1028,g1023,0,1,,,none,psm_gt,,none,,
grape,1029,reviewed_260916,reviewed_260916,keep,,dice 0.97 — 라벨된 송이 자체는 정확(규칙 판정). 다만 라벨 안 된 다른 송이가 있을 수 있음,reviewed,,,1029,g1024,0,1,,,none,psm_gt,,none,,
grape,1030,reviewed_260916,reviewed_260916,keep,,,reviewed,,,1030,g1025,0,1,,,none,psm_gt,,none,,
grape,1031,reviewed_260916,reviewed_260916,keep,,,reviewed,,,1031,g1026,0,1,,,none,psm_gt,,none,,
grape,1032,reviewed_260916,reviewed_260916,keep,,,reviewed,,,1032,g1027,0,1,,,none,psm_gt,,none,,
grape,1033,reviewed_260916,reviewed_260916,keep,,,reviewed,,,1033,g1028,0,1,,,none,psm_gt,,none,,
grape,1034,reviewed_260916,reviewed_260916,keep,,,reviewed,,,1034,g1029,0,1,,,none,psm_gt,,none,,
grape,1035,reviewed_260916,reviewed_260916,keep,,,reviewed,,,1035,g0567,0,1,,,none,psm_gt,,none,,
grape,1036,reviewed_260916,reviewed_260916,keep,,,reviewed,,,1036,g1030,0,1,,,none,psm_gt,,none,,
grape,1037,reviewed_260916,reviewed_260916,keep,,,reviewed,,,1037,g0576,0,1,,,none,psm_gt,,none,,
grape,1038,reviewed_260916,reviewed_260916,keep,,,reviewed,,,1038,g1031,0,1,,,none,psm_gt,,none,,
grape,1039,reviewed_260916,reviewed_260916,keep,,,reviewed,,,1039,g1032,0,1,,,none,psm_gt,,none,,
grape,1040,reviewed_260916,reviewed_260916,keep,,,reviewed,,,1040,g1033,0,1,,,none,psm_gt,,none,,
grape,1041,reviewed_260916,reviewed_260916,keep,,dice 0.98 — 라벨된 송이 자체는 정확(규칙 판정). 다만 라벨 안 된 다른 송이가 있을 수 있음,reviewed,,,1041,g1034,0,1,,,none,psm_gt,,none,,
grape,1042,reviewed_260916,reviewed_260916,keep,,,reviewed,,,1042,g1035,0,1,,,none,psm_gt,,none,,
grape,1043,reviewed_260916,reviewed_260916,keep,,,reviewed,,,1043,g0581,0,1,,,none,psm_gt,,none,,
grape,1044,reviewed_260916,reviewed_260916,keep,,,reviewed,,,1044,g1036,0,1,,,none,psm_gt,,none,,
grape,1045,reviewed_260916,reviewed_260916,keep,,,reviewed,,,1045,g1037,0,1,,,none,psm_gt,,none,,
grape,1046,reviewed_260916,reviewed_260916,keep,,,reviewed,,,1046,g1038,0,1,,,none,psm_gt,,none,,
grape,1047,reviewed_260916,reviewed_260916,keep,,,reviewed,,,1047,g1039,0,1,,,none,psm_gt,,none,,
grape,1048,reviewed_260916,reviewed_260916,keep,,,reviewed,,,1048,g1040,0,1,,,none,psm_gt,,none,,
grape,1049,reviewed_260916,reviewed_260916,keep,,,reviewed,,,1049,g1041,0,1,,,none,psm_gt,,none,,
grape,1050,reviewed_260916,reviewed_260916,keep,,,reviewed,,,1050,g1042,0,1,,,none,psm_gt,,none,,
grape,1051,-,-,excluded_duplicate,reviewed_duplicate,근접 중복(대표 1023 만 남김),ai,,,1051,g1018,0,0,,,none,none,,none,,
grape,1052,reviewed_260916,reviewed_260916,keep,,dice 0.82 — 라벨된 송이 자체는 정확(규칙 판정). 다만 라벨 안 된 다른 송이가 있을 수 있음,reviewed,,,1052,g1043,0,1,,,none,psm_gt,,none,,
grape,1053,reviewed_260916,reviewed_260916,keep,,,reviewed,,,1053,g1044,0,1,,,none,psm_gt,,none,,
grape,1054,reviewed_260916,reviewed_260916,keep,,,reviewed,,,1054,g1045,0,1,,,none,psm_gt,,none,,
grape,1055,reviewed_260916,reviewed_260916,keep,,,reviewed,,,1055,g0592,0,1,,,none,psm_gt,,none,,
grape,1056,reviewed_260916,reviewed_260916,keep,,,reviewed,,,1056,g1046,0,1,,,none,psm_gt,,none,,
grape,1057,reviewed_260916,reviewed_260916,keep,,,reviewed,,,1057,g1047,0,1,,,none,psm_gt,,none,,
grape,1058,reviewed_260916,reviewed_260916,keep,,,reviewed,,,1058,g1048,0,1,,,none,psm_gt,,none,,
grape,1059,reviewed_260916,reviewed_260916,keep,,,reviewed,,,1059,g1049,0,1,,,none,psm_gt,,none,,
grape,1060,reviewed_260916,reviewed_260916,keep,,,reviewed,,,1060,g1050,0,1,,,none,psm_gt,,none,,
grape,1061,reviewed_260916,reviewed_260916,keep,,,reviewed,,,1061,g1051,0,1,,,none,psm_gt,,none,,
grape,1062,reviewed_260916,reviewed_260916,keep,,,reviewed,,,1062,g1052,0,1,,,none,psm_gt,,none,,
grape,1063,reviewed_260916,reviewed_260916,keep,,,reviewed,,,1063,g1053,0,1,,,none,psm_gt,,none,,
grape,1064,reviewed_260916,reviewed_260916,keep,,,reviewed,,,1064,g1054,0,1,,,none,psm_gt,,none,,
grape,1065,reviewed_260916,reviewed_260916,keep,,,reviewed,,,1065,g1055,0,1,,,none,psm_gt,,none,,
grape,1066,reviewed_260916,reviewed_260916,keep,,,reviewed,,,1066,g1056,0,1,,,none,psm_gt,,none,,
grape,1067,reviewed_260916,reviewed_260916,keep,,,reviewed,,,1067,g1057,0,1,,,none,psm_gt,,none,,
grape,1068,reviewed_260916,reviewed_260916,keep,,,reviewed,,,1068,g1058,0,1,,,none,psm_gt,,none,,
grape,1069,reviewed_260916,reviewed_260916,keep,,,reviewed,,,1069,g1059,0,1,,,none,psm_gt,,none,,
grape,1070,reviewed_260916,reviewed_260916,keep,,,reviewed,,,1070,g1060,0,1,,,none,psm_gt,,none,,
grape,1071,reviewed_260916,reviewed_260916,keep,,,reviewed,,,1071,g1061,0,1,,,none,psm_gt,,none,,
grape,1072,reviewed_260916,reviewed_260916,keep,,,reviewed,,,1072,g1062,0,1,,,none,psm_gt,,none,,
grape,1073,reviewed_260916,reviewed_260916,keep,,dice 0.97 — 라벨된 송이 자체는 정확(규칙 판정). 다만 라벨 안 된 다른 송이가 있을 수 있음,reviewed,,,1073,g1063,0,1,,,none,psm_gt,,none,,
grape,1074,reviewed_260916,reviewed_260916,keep,,,reviewed,,,1074,g1064,0,1,,,none,psm_gt,,none,,
grape,1075,reviewed_260916,reviewed_260916,keep,,,reviewed,,,1075,g1065,0,1,,,none,psm_gt,,none,,
grape,1076,reviewed_260916,reviewed_260916,keep,,dice 0.93 — 라벨된 송이 자체는 정확(규칙 판정). 다만 라벨 안 된 다른 송이가 있을 수 있음,reviewed,,,1076,g1066,0,1,,,none,psm_gt,,none,,
grape,1077,reviewed_260916,reviewed_260916,keep,,,reviewed,,,1077,g1067,0,1,,,none,psm_gt,,none,,
grape,1078,reviewed_260916,reviewed_260916,keep,,,reviewed,,,1078,g1068,0,1,,,none,psm_gt,,none,,
grape,1079,reviewed_260916,reviewed_260916,keep,,,reviewed,,,1079,g1069,0,1,,,none,psm_gt,,none,,
grape,1080,reviewed_260916,reviewed_260916,image_replaced,,"이미지↔마스크 불일치 교정: CERTH zip 의 mimc test_set 사진으로 교체(마스크는 원래 맞음). image replaced from images/multiple-instance-multiple-class/test_set/1080.png (resized 2160x3840 -> 1080x1920, BILINEAR)",ai,,,1080,g1070,0,1,,,none,psm_gt,,none,,
grape,1081,reviewed_260916,reviewed_260916,keep,,,reviewed,,,1081,g1071,0,1,,,none,psm_gt,,none,,
grape,1082,reviewed_260916,reviewed_260916,keep,,,reviewed,,,1082,g1072,0,1,,,none,psm_gt,,none,,
grape,1083,reviewed_260916,reviewed_260916,keep,,,reviewed,,,1083,g1073,0,1,,,none,psm_gt,,none,,
grape,1084,reviewed_260916,reviewed_260916,keep,,,reviewed,,,1084,g1074,0,1,,,none,psm_gt,,none,,
grape,1085,reviewed_260916,reviewed_260916,keep,,,reviewed,,,1085,g1075,0,1,,,none,psm_gt,,none,,
grape,1086,reviewed_260916,reviewed_260916,keep,,,reviewed,,,1086,g1076,0,1,,,none,psm_gt,,none,,
grape,1087,reviewed_260916,reviewed_260916,keep,,,reviewed,,,1087,g1077,0,1,,,none,psm_gt,,none,,
grape,1088,reviewed_260916,reviewed_260916,keep,,,reviewed,,,1088,g1078,0,1,,,none,psm_gt,,none,,
grape,1089,reviewed_260916,reviewed_260916,keep,,,reviewed,,,1089,g1079,0,1,,,none,psm_gt,,none,,
grape,1090,reviewed_260916,reviewed_260916,keep,,dice 0.97 — 라벨된 송이 자체는 정확(규칙 판정). 다만 라벨 안 된 다른 송이가 있을 수 있음,reviewed,,,1090,g1080,0,1,,,none,psm_gt,,none,,
grape,1091,reviewed_260916,reviewed_260916,keep,,,reviewed,,,1091,g1081,0,1,,,none,psm_gt,,none,,
grape,1092,reviewed_260916,reviewed_260916,keep,,,reviewed,,,1092,g1082,0,1,,,none,psm_gt,,none,,
grape,1093,reviewed_260916,reviewed_260916,keep,,dice 0.80 — 라벨된 송이 자체는 정확(규칙 판정). 다만 라벨 안 된 다른 송이가 있을 수 있음,reviewed,,,1093,g1083,0,1,,,none,psm_gt,,none,,
grape,1094,reviewed_260916,reviewed_260916,keep,,,reviewed,,,1094,g1084,0,1,,,none,psm_gt,,none,,
grape,1095,reviewed_260916,reviewed_260916,keep,,,reviewed,,,1095,g0655,0,1,,,none,psm_gt,,none,,
grape,1096,reviewed_260916,reviewed_260916,keep,,,reviewed,,,1096,g1085,0,1,,,none,psm_gt,,none,,
grape,1097,reviewed_260916,reviewed_260916,keep,,,reviewed,,,1097,g1086,0,1,,,none,psm_gt,,none,,
grape,1098,reviewed_260916,reviewed_260916,keep,,dice 0.94 — 라벨된 송이 자체는 정확(규칙 판정). 다만 라벨 안 된 다른 송이가 있을 수 있음,reviewed,,,1098,g1087,0,1,,,none,psm_gt,,none,,
grape,1099,reviewed_260916,reviewed_260916,keep,,dice 0.81 — 라벨된 송이 자체는 정확(규칙 판정). 다만 라벨 안 된 다른 송이가 있을 수 있음,reviewed,,,1099,g1088,0,1,,,none,psm_gt,,none,,
grape,1100,reviewed_260916,reviewed_260916,keep,,,reviewed,,,1100,g1089,0,1,,,none,psm_gt,,none,,
grape,1101,reviewed_260916,reviewed_260916,keep,,,reviewed,,,1101,g1090,0,1,,,none,psm_gt,,none,,
grape,1102,reviewed_260916,reviewed_260916,keep,,,reviewed,,,1102,g1091,0,1,,,none,psm_gt,,none,,
grape,1103,reviewed_260916,reviewed_260916,keep,,,reviewed,,,1103,g1092,0,1,,,none,psm_gt,,none,,
grape,1104,reviewed_260916,reviewed_260916,keep,,,reviewed,,,1104,g1093,0,1,,,none,psm_gt,,none,,
grape,1105,reviewed_260916,reviewed_260916,keep,,,reviewed,,,1105,g1094,0,1,,,none,psm_gt,,none,,
grape,1106,reviewed_260916,reviewed_260916,keep,,,reviewed,,,1106,g1095,0,1,,,none,psm_gt,,none,,
grape,1107,reviewed_260916,reviewed_260916,keep,,,reviewed,,,1107,g1096,0,1,,,none,psm_gt,,none,,
grape,1108,reviewed_260916,reviewed_260916,keep,,,reviewed,,,1108,g1097,0,1,,,none,psm_gt,,none,,
grape,1109,reviewed_260916,reviewed_260916,keep,,,reviewed,,,1109,g1098,0,1,,,none,psm_gt,,none,,
grape,1110,reviewed_260916,reviewed_260916,keep,,,reviewed,,,1110,g1099,0,1,,,none,psm_gt,,none,,
grape,1111,reviewed_260916,reviewed_260916,keep,,,reviewed,,,1111,g1100,0,1,,,none,psm_gt,,none,,
grape,1112,reviewed_260916,reviewed_260916,keep,,,reviewed,,,1112,g0382,0,1,,,none,psm_gt,,none,,
grape,1113,reviewed_260916,reviewed_260916,keep,,,reviewed,,,1113,g1101,0,1,,,none,psm_gt,,none,,
grape,1114,reviewed_260916,reviewed_260916,keep,,,reviewed,,,1114,g1102,0,1,,,none,psm_gt,,none,,
grape,1115,reviewed_260916,reviewed_260916,keep,,,reviewed,,,1115,g1103,0,1,,,none,psm_gt,,none,,
grape,1116,-,-,excluded_duplicate,reviewed_duplicate,근접 중복(대표 1044 만 남김),ai,,,1116,g1036,0,0,,,none,none,,none,,
grape,1117,reviewed_260916,reviewed_260916,keep,,,reviewed,,,1117,g1104,0,1,,,none,psm_gt,,none,,
grape,1118,reviewed_260916,reviewed_260916,keep,,,reviewed,,,1118,g1105,0,1,,,none,psm_gt,,none,,
grape,1119,reviewed_260916,reviewed_260916,keep,,,reviewed,,,1119,g1106,0,1,,,none,psm_gt,,none,,
grape,1120,reviewed_260916,reviewed_260916,keep,,,reviewed,,,1120,g1107,0,1,,,none,psm_gt,,none,,
grape,1121,reviewed_260916,reviewed_260916,keep,,dice 0.96 — 라벨된 송이 자체는 정확(규칙 판정). 다만 라벨 안 된 다른 송이가 있을 수 있음,reviewed,,,1121,g0890,0,1,,,none,psm_gt,,none,,
grape,1122,reviewed_260916,reviewed_260916,keep,,,reviewed,,,1122,g1108,0,1,,,none,psm_gt,,none,,
grape,1123,reviewed_260916,reviewed_260916,keep,,,reviewed,,,1123,g1109,0,1,,,none,psm_gt,,none,,
grape,1124,reviewed_260916,reviewed_260916,keep,,,reviewed,,,1124,g1110,0,1,,,none,psm_gt,,none,,
grape,1125,reviewed_260916,reviewed_260916,keep,,,reviewed,,,1125,g1111,0,1,,,none,psm_gt,,none,,
grape,1126,reviewed_260916,reviewed_260916,keep,,,reviewed,,,1126,g1112,0,1,,,none,psm_gt,,none,,
grape,1127,reviewed_260916,reviewed_260916,keep,,,reviewed,,,1127,g1113,0,1,,,none,psm_gt,,none,,
grape,1128,reviewed_260916,reviewed_260916,keep,,,reviewed,,,1128,g1114,0,1,,,none,psm_gt,,none,,
grape,1129,reviewed_260916,reviewed_260916,keep,,dice 0.99 — 라벨된 송이 자체는 정확(규칙 판정). 다만 라벨 안 된 다른 송이가 있을 수 있음,reviewed,,,1129,g1115,0,1,,,none,psm_gt,,none,,
grape,1130,reviewed_260916,reviewed_260916,keep,,dice 0.99 — 라벨된 송이 자체는 정확(규칙 판정). 다만 라벨 안 된 다른 송이가 있을 수 있음,reviewed,,,1130,g1116,0,1,,,none,psm_gt,,none,,
grape,1131,reviewed_260916,reviewed_260916,keep,,,reviewed,,,1131,g1117,0,1,,,none,psm_gt,,none,,
grape,1132,reviewed_260916,reviewed_260916,keep,,,reviewed,,,1132,g1118,0,1,,,none,psm_gt,,none,,
grape,1133,reviewed_260916,reviewed_260916,keep,,,reviewed,,,1133,g1119,0,1,,,none,psm_gt,,none,,
grape,1134,reviewed_260916,reviewed_260916,keep,,,reviewed,,,1134,g1120,0,1,,,none,psm_gt,,none,,
grape,1135,reviewed_260916,reviewed_260916,keep,,,reviewed,,,1135,g1121,0,1,,,none,psm_gt,,none,,
grape,1136,reviewed_260916,reviewed_260916,keep,,,reviewed,,,1136,g1122,0,1,,,none,psm_gt,,none,,
grape,1137,reviewed_260916,reviewed_260916,keep,,,reviewed,,,1137,g1123,0,1,,,none,psm_gt,,none,,
grape,1138,reviewed_260916,reviewed_260916,keep,,,reviewed,,,1138,g1124,0,1,,,none,psm_gt,,none,,
grape,1139,reviewed_260916,reviewed_260916,keep,,,reviewed,,,1139,g1125,0,1,,,none,psm_gt,,none,,
grape,1140,reviewed_260916,reviewed_260916,keep,,,reviewed,,,1140,g1126,0,1,,,none,psm_gt,,none,,
grape,1141,reviewed_260916,reviewed_260916,keep,,,reviewed,,,1141,g1127,0,1,,,none,psm_gt,,none,,
grape,1142,reviewed_260916,reviewed_260916,keep,,,reviewed,,,1142,g0912,0,1,,,none,psm_gt,,none,,
grape,1143,reviewed_260916,reviewed_260916,keep,,,reviewed,,,1143,g1128,0,1,,,none,psm_gt,,none,,
grape,1144,reviewed_260916,reviewed_260916,keep,,,reviewed,,,1144,g1129,0,1,,,none,psm_gt,,none,,
grape,1145,reviewed_260916,reviewed_260916,keep,,dice 0.99 — 라벨된 송이 자체는 정확(규칙 판정). 다만 라벨 안 된 다른 송이가 있을 수 있음,reviewed,,,1145,g1130,0,1,,,none,psm_gt,,none,,
grape,1146,reviewed_260916,reviewed_260916,keep,,,reviewed,,,1146,g1131,0,1,,,none,psm_gt,,none,,
grape,1147,reviewed_260916,reviewed_260916,keep,,,reviewed,,,1147,g1132,0,1,,,none,psm_gt,,none,,
grape,1148,reviewed_260916,reviewed_260916,needs_human,,[missing_bunch] AI 와 거의 안 겹침(dice 0.55) — GT 가 실제 송이를 놓쳤거나 엉뚱한 곳에 칠함(규칙 판정),ai,,,1148,g1133,0,1,,,none,psm_gt,,none,,bottom_5pct_ratio
grape,1149,reviewed_260916,reviewed_260916,keep,,,reviewed,,,1149,g1134,0,1,,,none,psm_gt,,none,,
grape,1150,reviewed_260916,reviewed_260916,keep,,,reviewed,,,1150,g1135,0,1,,,none,psm_gt,,none,,
grape,1151,reviewed_260916,reviewed_260916,keep,,dice 0.93 — 라벨된 송이 자체는 정확(규칙 판정). 다만 라벨 안 된 다른 송이가 있을 수 있음,reviewed,,,1151,g1136,0,1,,,none,psm_gt,,none,,
grape,1152,reviewed_260916,reviewed_260916,keep,,,reviewed,,,1152,g1137,0,1,,,none,psm_gt,,none,,bottom_5pct_ratio
grape,1153,reviewed_260916,reviewed_260916,keep,,,reviewed,,,1153,g1138,0,1,,,none,psm_gt,,none,,
grape,1154,reviewed_260916,reviewed_260916,keep,,,reviewed,,,1154,g1139,0,1,,,none,psm_gt,,none,,
grape,1155,reviewed_260916,reviewed_260916,keep,,,reviewed,,,1155,g1140,0,1,,,none,psm_gt,,none,,
grape,1156,reviewed_260916,reviewed_260916,keep,,,reviewed,,,1156,g1141,0,1,,,none,psm_gt,,none,,
grape,1157,reviewed_260916,reviewed_260916,keep,,,reviewed,,,1157,g1142,0,1,,,none,psm_gt,,none,,
grape,1158,reviewed_260916,reviewed_260916,keep,,,reviewed,,,1158,g1143,0,1,,,none,psm_gt,,none,,
grape,1159,reviewed_260916,reviewed_260916,keep,,,reviewed,,,1159,g1144,0,1,,,none,psm_gt,,none,,
grape,1160,reviewed_260916,reviewed_260916,keep,,dice 0.99 — 라벨된 송이 자체는 정확(규칙 판정). 다만 라벨 안 된 다른 송이가 있을 수 있음,reviewed,,,1160,g1145,0,1,,,none,psm_gt,,none,,
grape,1161,reviewed_260916,reviewed_260916,needs_human,,"[other] 네모난 큰 블록(extent>=0.80) — 자동 탐지, 2차 신규 지표",ai,,,1161,g1146,0,1,,,none,psm_gt,,none,,
grape,1162,reviewed_260916,reviewed_260916,keep,,,reviewed,,,1162,g1147,0,1,,,none,psm_gt,,none,,
grape,1163,reviewed_260916,reviewed_260916,keep,,,reviewed,,,1163,g1148,0,1,,,none,psm_gt,,none,,
grape,1164,reviewed_260916,reviewed_260916,keep,,,reviewed,,,1164,g1149,0,1,,,none,psm_gt,,none,,
grape,1165,reviewed_260916,reviewed_260916,keep,,,reviewed,,,1165,g1150,0,1,,,none,psm_gt,,none,,
grape,1166,reviewed_260916,reviewed_260916,keep,,,reviewed,,,1166,g1151,0,1,,,none,psm_gt,,none,,
grape,1167,reviewed_260916,reviewed_260916,keep,,,reviewed,,,1167,g1152,0,1,,,none,psm_gt,,none,,
grape,1168,reviewed_260916,reviewed_260916,keep,,,reviewed,,,1168,g1153,0,1,,,none,psm_gt,,none,,
grape,1169,reviewed_260916,reviewed_260916,keep,,,reviewed,,,1169,g1154,0,1,,,none,psm_gt,,none,,
grape,1170,reviewed_260916,reviewed_260916,keep,,,reviewed,,,1170,g1155,0,1,,,none,psm_gt,,none,,
grape,1171,reviewed_260916,reviewed_260916,keep,,,reviewed,,,1171,g1156,0,1,,,none,psm_gt,,none,,
grape,1172,reviewed_260916,reviewed_260916,keep,,,reviewed,,,1172,g1157,0,1,,,none,psm_gt,,none,,
grape,1173,reviewed_260916,reviewed_260916,keep,,,reviewed,,,1173,g1158,0,1,,,none,psm_gt,,none,,
grape,1174,reviewed_260916,reviewed_260916,keep,,,reviewed,,,1174,g1159,0,1,,,none,psm_gt,,none,,
grape,1175,reviewed_260916,reviewed_260916,keep,,,reviewed,,,1175,g1160,0,1,,,none,psm_gt,,none,,
grape,1176,reviewed_260916,reviewed_260916,keep,,,reviewed,,,1176,g1161,0,1,,,none,psm_gt,,none,,
grape,1177,reviewed_260916,reviewed_260916,keep,,,reviewed,,,1177,g1162,0,1,,,none,psm_gt,,none,,
grape,1178,reviewed_260916,reviewed_260916,keep,,,reviewed,,,1178,g1163,0,1,,,none,psm_gt,,none,,
grape,1179,reviewed_260916,reviewed_260916,keep,,,reviewed,,,1179,g1164,0,1,,,none,psm_gt,,none,,
grape,1180,reviewed_260916,reviewed_260916,keep,,,reviewed,,,1180,g0774,0,1,,,none,psm_gt,,none,,
grape,1181,reviewed_260916,reviewed_260916,keep,,,reviewed,,,1181,g1165,0,1,,,none,psm_gt,,none,,
grape,1182,reviewed_260916,reviewed_260916,keep,,,reviewed,,,1182,g1166,0,1,,,none,psm_gt,,none,,
grape,1183,reviewed_260916,reviewed_260916,needs_human,,[missing_bunch] dice 0.73 — 송이 일부만 라벨(규칙 판정),ai,,,1183,g1167,0,1,,,none,psm_gt,,none,,
grape,1184,reviewed_260916,reviewed_260916,keep,,,reviewed,,,1184,g1168,0,1,,,none,psm_gt,,none,,
grape,1185,reviewed_260916,reviewed_260916,keep,,,reviewed,,,1185,g1169,0,1,,,none,psm_gt,,none,,
grape,1186,reviewed_260916,reviewed_260916,keep,,,reviewed,,,1186,g1170,0,1,,,none,psm_gt,,none,,
grape,1187,-,-,excluded_duplicate,reviewed_duplicate,근접 중복(대표 1180 만 남김),ai,,,1187,g0774,0,0,,,none,none,,none,,
grape,1188,reviewed_260916,reviewed_260916,keep,,,reviewed,,,1188,g1171,0,1,,,none,psm_gt,,none,,
grape,1189,reviewed_260916,reviewed_260916,keep,,,reviewed,,,1189,g1172,0,1,,,none,psm_gt,,none,,
grape,1190,-,-,excluded_duplicate,reviewed_duplicate,근접 중복(대표 1117 만 남김),ai,,,1190,g1104,0,0,,,none,none,,none,,
grape,1191,-,-,excluded_duplicate,reviewed_duplicate,"사이클4 추가 발견 근접 중복(763 과 같은 장면, dHash 해밍 11/LANCZOS 9). 1191 은 작은 미숙과 송이 1개 라벨 누락·전경 15% 적어 763 을 대표로. 파일은 남아 있고 분할표·manifest 제외 — _to_delete_260916.txt",ai,,,1191,g0762,0,0,,,none,none,,none,,
grape,1192,reviewed_260916,reviewed_260916,keep,,,reviewed,,,1192,g1173,0,1,,,none,psm_gt,,none,,
grape,1193,reviewed_260916,reviewed_260916,keep,,dice 0.97 — 라벨된 송이 자체는 정확(규칙 판정). 다만 라벨 안 된 다른 송이가 있을 수 있음,reviewed,,,1193,g1174,0,1,,,none,psm_gt,,none,,
grape,1194,reviewed_260916,reviewed_260916,keep,,,reviewed,,,1194,g1175,0,1,,,none,psm_gt,,none,,
grape,1195,reviewed_260916,reviewed_260916,keep,,,reviewed,,,1195,g1176,0,1,,,none,psm_gt,,none,,
grape,1196,reviewed_260916,reviewed_260916,keep,,dice 0.97 — 라벨된 송이 자체는 정확(규칙 판정). 다만 라벨 안 된 다른 송이가 있을 수 있음,reviewed,,,1196,g1177,0,1,,,none,psm_gt,,none,,
grape,1197,reviewed_260916,reviewed_260916,keep,,,reviewed,,,1197,g1178,0,1,,,none,psm_gt,,none,,
grape,1198,reviewed_260916,reviewed_260916,keep,,,reviewed,,,1198,g1179,0,1,,,none,psm_gt,,none,,
grape,1199,reviewed_260916,reviewed_260916,keep,,,reviewed,,,1199,g1180,0,1,,,none,psm_gt,,none,,
grape,1200,reviewed_260916,reviewed_260916,keep,,,reviewed,,,1200,g1181,0,1,,,none,psm_gt,,none,,
grape,1201,reviewed_260916,reviewed_260916,keep,,dice 0.96 — 라벨된 송이 자체는 정확(규칙 판정). 다만 라벨 안 된 다른 송이가 있을 수 있음,reviewed,,,1201,g1182,0,1,,,none,psm_gt,,none,,
grape,1202,-,-,excluded_duplicate,reviewed_duplicate,근접 중복(대표 1084 만 남김),ai,,,1202,g1074,0,0,,,none,none,,none,,
grape,1203,-,-,excluded_duplicate,reviewed_duplicate,근접 중복(대표 919 만 남김),ai,,,1203,g0916,0,0,,,none,none,,none,,
grape,1204,reviewed_260916,reviewed_260916,keep,,dice 0.92 — 라벨된 송이 자체는 정확(규칙 판정). 다만 라벨 안 된 다른 송이가 있을 수 있음,reviewed,,,1204,g1183,0,1,,,none,psm_gt,,none,,
grape,1205,reviewed_260916,reviewed_260916,keep,,dice 0.96 — 라벨된 송이 자체는 정확(규칙 판정). 다만 라벨 안 된 다른 송이가 있을 수 있음,reviewed,,,1205,g1184,0,1,,,none,psm_gt,,none,,
grape,1206,reviewed_260916,reviewed_260916,keep,,,reviewed,,,1206,g1185,0,1,,,none,psm_gt,,none,,
grape,1207,reviewed_260916,reviewed_260916,keep,,,reviewed,,,1207,g1186,0,1,,,none,psm_gt,,none,,
grape,1208,reviewed_260916,reviewed_260916,keep,,,reviewed,,,1208,g1187,0,1,,,none,psm_gt,,none,,
grape,1209,reviewed_260916,reviewed_260916,keep,,,reviewed,,,1209,g1188,0,1,,,none,psm_gt,,none,,
grape,1210,reviewed_260916,reviewed_260916,keep,,,reviewed,,,1210,g1189,0,1,,,none,psm_gt,,none,,
grape,1211,reviewed_260916,reviewed_260916,keep,,,reviewed,,,1211,g1190,0,1,,,none,psm_gt,,none,,
grape,1212,reviewed_260916,reviewed_260916,keep,,,reviewed,,,1212,g1191,0,1,,,none,psm_gt,,none,,
grape,1213,reviewed_260916,reviewed_260916,keep,,,reviewed,,,1213,g1192,0,1,,,none,psm_gt,,none,,
grape,1214,reviewed_260916,reviewed_260916,keep,,,reviewed,,,1214,g1193,0,1,,,none,psm_gt,,none,,
grape,1215,reviewed_260916,reviewed_260916,keep,,,reviewed,,,1215,g1194,0,1,,,none,psm_gt,,none,,
grape,1216,reviewed_260916,reviewed_260916,keep,,dice 0.95 — 라벨된 송이 자체는 정확(규칙 판정). 다만 라벨 안 된 다른 송이가 있을 수 있음,reviewed,,,1216,g1195,0,1,,,none,psm_gt,,none,,
grape,1217,reviewed_260916,reviewed_260916,keep,,dice 0.97 — 라벨된 송이 자체는 정확(규칙 판정). 다만 라벨 안 된 다른 송이가 있을 수 있음,reviewed,,,1217,g1196,0,1,,,none,psm_gt,,none,,
grape,1218,reviewed_260916,reviewed_260916,keep,,,reviewed,,,1218,g1197,0,1,,,none,psm_gt,,none,,
grape,1219,reviewed_260916,reviewed_260916,keep,,,reviewed,,,1219,g1198,0,1,,,none,psm_gt,,none,,
grape,1220,reviewed_260916,reviewed_260916,keep,,,reviewed,,,1220,g1199,0,1,,,none,psm_gt,,none,,
grape,1221,reviewed_260916,reviewed_260916,keep,,,reviewed,,,1221,g1200,0,1,,,none,psm_gt,,none,,
grape,1222,reviewed_260916,reviewed_260916,keep,,dice 0.95 — 라벨된 송이 자체는 정확(규칙 판정). 다만 라벨 안 된 다른 송이가 있을 수 있음,reviewed,,,1222,g1201,0,1,,,none,psm_gt,,none,,
grape,1223,reviewed_260916,reviewed_260916,keep,,,reviewed,,,1223,g1202,0,1,,,none,psm_gt,,none,,
grape,1224,reviewed_260916,reviewed_260916,keep,,dice 0.97 — 라벨된 송이 자체는 정확(규칙 판정). 다만 라벨 안 된 다른 송이가 있을 수 있음,reviewed,,,1224,g1203,0,1,,,none,psm_gt,,none,,
grape,1225,reviewed_260916,reviewed_260916,keep,,,reviewed,,,1225,g1204,0,1,,,none,psm_gt,,none,,
grape,1226,reviewed_260916,reviewed_260916,keep,,,reviewed,,,1226,g1205,0,1,,,none,psm_gt,,none,,
grape,1227,reviewed_260916,reviewed_260916,keep,,,reviewed,,,1227,g1206,0,1,,,none,psm_gt,,none,,
grape,1228,reviewed_260916,reviewed_260916,keep,,,reviewed,,,1228,g1207,0,1,,,none,psm_gt,,none,,
grape,1229,reviewed_260916,reviewed_260916,keep,,,reviewed,,,1229,g1208,0,1,,,none,psm_gt,,none,,
grape,1230,reviewed_260916,reviewed_260916,keep,,,reviewed,,,1230,g1209,0,1,,,none,psm_gt,,none,,
grape,1231,reviewed_260916,reviewed_260916,keep,,,reviewed,,,1231,g1210,0,1,,,none,psm_gt,,none,,
grape,1232,reviewed_260916,reviewed_260916,keep,,,reviewed,,,1232,g1211,0,1,,,none,psm_gt,,none,,
grape,1233,reviewed_260916,reviewed_260916,keep,,,reviewed,,,1233,g1212,0,1,,,none,psm_gt,,none,,
grape,1234,reviewed_260916,reviewed_260916,keep,,,reviewed,,,1234,g1213,0,1,,,none,psm_gt,,none,,
grape,1235,reviewed_260916,reviewed_260916,image_replaced,,"이미지↔마스크 불일치 교정: CERTH zip 의 mimc test_set 사진으로 교체(마스크는 원래 맞음). image replaced from images/multiple-instance-multiple-class/test_set/1235.png (resized 2160x3840 -> 1080x1920, BILINEAR)",ai,,,1235,g1214,0,1,,,none,psm_gt,,none,,
grape,1236,reviewed_260916,reviewed_260916,keep,,,reviewed,,,1236,g1215,0,1,,,none,psm_gt,,none,,
grape,1237,reviewed_260916,reviewed_260916,keep,,,reviewed,,,1237,g1216,0,1,,,none,psm_gt,,none,,
grape,1238,reviewed_260916,reviewed_260916,keep,,,reviewed,,,1238,g1217,0,1,,,none,psm_gt,,none,,
grape,1239,reviewed_260916,reviewed_260916,keep,,,reviewed,,,1239,g1218,0,1,,,none,psm_gt,,none,,
grape,1240,reviewed_260916,reviewed_260916,keep,,,reviewed,,,1240,g1219,0,1,,,none,psm_gt,,none,,
grape,1241,reviewed_260916,reviewed_260916,keep,,,reviewed,,,1241,g1220,0,1,,,none,psm_gt,,none,,
grape,1242,reviewed_260916,reviewed_260916,keep,,,reviewed,,,1242,g1221,0,1,,,none,psm_gt,,none,,
grape,1243,reviewed_260916,reviewed_260916,keep,,,reviewed,,,1243,g1222,0,1,,,none,psm_gt,,none,,
grape,1244,reviewed_260916,reviewed_260916,keep,,,reviewed,,,1244,g1223,0,1,,,none,psm_gt,,none,,
grape,1245,reviewed_260916,reviewed_260916,needs_human,,[missing_bunch] dice 0.78 — 송이 일부만 라벨(규칙 판정),ai,,,1245,g1224,0,1,,,none,psm_gt,,none,,
grape,1246,reviewed_260916,reviewed_260916,keep,,dice 0.94 — 라벨된 송이 자체는 정확(규칙 판정). 다만 라벨 안 된 다른 송이가 있을 수 있음,reviewed,,,1246,g1225,0,1,,,none,psm_gt,,none,,
grape,1247,reviewed_260916,reviewed_260916,keep,,,reviewed,,,1247,g1226,0,1,,,none,psm_gt,,none,,
grape,1248,reviewed_260916,reviewed_260916,keep,,,reviewed,,,1248,g1227,0,1,,,none,psm_gt,,none,,
grape,1249,reviewed_260916,reviewed_260916,keep,,,reviewed,,,1249,g1228,0,1,,,none,psm_gt,,none,,
grape,1250,reviewed_260916,reviewed_260916,keep,,,reviewed,,,1250,g1229,0,1,,,none,psm_gt,,none,,
grape,1251,reviewed_260916,reviewed_260916,keep,,dice 0.98 — 라벨된 송이 자체는 정확(규칙 판정). 다만 라벨 안 된 다른 송이가 있을 수 있음,reviewed,,,1251,g1230,0,1,,,none,psm_gt,,none,,
grape,1252,reviewed_260916,reviewed_260916,keep,,dice 0.89 — 라벨된 송이 자체는 정확(규칙 판정). 다만 라벨 안 된 다른 송이가 있을 수 있음,reviewed,,,1252,g1231,0,1,,,none,psm_gt,,none,,
grape,1253,reviewed_260916,reviewed_260916,keep,,,reviewed,,,1253,g1232,0,1,,,none,psm_gt,,none,,
grape,1254,reviewed_260916,reviewed_260916,keep,,,reviewed,,,1254,g1233,0,1,,,none,psm_gt,,none,,
grape,1255,reviewed_260916,reviewed_260916,keep,,,reviewed,,,1255,g0379,0,1,,,none,psm_gt,,none,,
grape,1256,reviewed_260916,reviewed_260916,keep,,dice 0.89 — 라벨된 송이 자체는 정확(규칙 판정). 다만 라벨 안 된 다른 송이가 있을 수 있음,reviewed,,,1256,g1234,0,1,,,none,psm_gt,,none,,
grape,1257,reviewed_260916,reviewed_260916,keep,,,reviewed,,,1257,g1235,0,1,,,none,psm_gt,,none,,
grape,1258,-,-,excluded_duplicate,reviewed_duplicate,근접 중복(대표 392 만 남김),ai,,,1258,g0391,0,0,,,none,none,,none,,
grape,1259,reviewed_260916,reviewed_260916,keep,,,reviewed,,,1259,g1236,0,1,,,none,psm_gt,,none,,
grape,1260,reviewed_260916,reviewed_260916,keep,,,reviewed,,,1260,g1237,0,1,,,none,psm_gt,,none,,
grape,1261,reviewed_260916,reviewed_260916,keep,,,reviewed,,,1261,g1238,0,1,,,none,psm_gt,,none,,
grape,1262,-,-,excluded_duplicate,reviewed_duplicate,근접 중복(대표 405 만 남김),ai,,,1262,g0404,0,0,,,none,none,,none,,
grape,1263,reviewed_260916,reviewed_260916,keep,,,reviewed,,,1263,g0428,0,1,,,none,psm_gt,,none,,
grape,1264,reviewed_260916,reviewed_260916,keep,,,reviewed,,,1264,g1239,0,1,,,none,psm_gt,,none,,
grape,1265,reviewed_260916,reviewed_260916,keep,,dice 0.97 — 라벨된 송이 자체는 정확(규칙 판정). 다만 라벨 안 된 다른 송이가 있을 수 있음,reviewed,,,1265,g1240,0,1,,,none,psm_gt,,none,,
grape,1266,reviewed_260916,reviewed_260916,keep,,,reviewed,,,1266,g1241,0,1,,,none,psm_gt,,none,,
grape,1267,reviewed_260916,reviewed_260916,keep,,,reviewed,,,1267,g1242,0,1,,,none,psm_gt,,none,,
grape,1268,reviewed_260916,reviewed_260916,keep,,,reviewed,,,1268,g1243,0,1,,,none,psm_gt,,none,,bottom_5pct_ratio
grape,1269,reviewed_260916,reviewed_260916,keep,,,reviewed,,,1269,g1244,0,1,,,none,psm_gt,,none,,bottom_5pct_ratio
grape,1270,reviewed_260916,reviewed_260916,keep,,,reviewed,,,1270,g1245,0,1,,,none,psm_gt,,none,,
grape,1271,reviewed_260916,reviewed_260916,keep,,,reviewed,,,1271,g1246,0,1,,,none,psm_gt,,none,,
grape,1272,reviewed_260916,reviewed_260916,keep,,,reviewed,,,1272,g1247,0,1,,,none,psm_gt,,none,,
grape,1273,reviewed_260916,reviewed_260916,keep,,,reviewed,,,1273,g1248,0,1,,,none,psm_gt,,none,,
grape,1274,reviewed_260916,reviewed_260916,keep,,dice 0.88 — 라벨된 송이 자체는 정확(규칙 판정). 다만 라벨 안 된 다른 송이가 있을 수 있음,reviewed,,,1274,g1249,0,1,,,none,psm_gt,,none,,bottom_5pct_ratio
grape,1275,reviewed_260916,reviewed_260916,keep,,,reviewed,,,1275,g1250,0,1,,,none,psm_gt,,none,,
grape,1276,reviewed_260916,reviewed_260916,keep,,,reviewed,,,1276,g1251,0,1,,,none,psm_gt,,none,,
grape,1277,reviewed_260916,reviewed_260916,keep,,,reviewed,,,1277,g1252,0,1,,,none,psm_gt,,none,,
grape,1278,-,-,excluded_not_grape,reviewed_not_grape,포도 사진이 아님 — 손에 든 표지판이 화면 대부분. 학습에 쓸 수 없음,ai,,,1278,g1253,0,0,,,none,none,,none,,
grape,1279,reviewed_260916,reviewed_260916,keep,,,reviewed,,,1279,g1254,0,1,,,none,psm_gt,,none,,
grape,1280,reviewed_260916,reviewed_260916,keep,,,reviewed,,,1280,g1255,0,1,,,none,psm_gt,,none,,
grape,1281,reviewed_260916,reviewed_260916,keep,,,reviewed,,,1281,g1256,0,1,,,none,psm_gt,,none,,
grape,1282,-,-,excluded_duplicate,reviewed_duplicate,근접 중복(대표 22 만 남김),ai,,,1282,g0022,0,0,,,none,none,,none,,
grape,1283,reviewed_260916,reviewed_260916,keep,,,reviewed,,,1283,g1257,0,1,,,none,psm_gt,,none,,
grape,1284,reviewed_260916,reviewed_260916,keep,,,reviewed,,,1284,g1258,0,1,,,none,psm_gt,,none,,
grape,1285,reviewed_260916,reviewed_260916,keep,,,reviewed,,,1285,g1259,0,1,,,none,psm_gt,,none,,
grape,1286,reviewed_260916,reviewed_260916,keep,,,reviewed,,,1286,g1260,0,1,,,none,psm_gt,,none,,
grape,1287,reviewed_260916,reviewed_260916,keep,,,reviewed,,,1287,g1261,0,1,,,none,psm_gt,,none,,
grape,1288,reviewed_260916,reviewed_260916,keep,,dice 0.99 — 라벨된 송이 자체는 정확(규칙 판정). 다만 라벨 안 된 다른 송이가 있을 수 있음,reviewed,,,1288,g1262,0,1,,,none,psm_gt,,none,,
grape,1289,reviewed_260916,reviewed_260916,needs_human,,[missing_bunch] dice 0.79 — 송이 일부만 라벨(규칙 판정),ai,,,1289,g1263,0,1,,,none,psm_gt,,none,,
grape,1290,reviewed_260916,reviewed_260916,keep,,,reviewed,,,1290,g1264,0,1,,,none,psm_gt,,none,,
grape,1291,reviewed_260916,reviewed_260916,keep,,,reviewed,,,1291,g1265,0,1,,,none,psm_gt,,none,,
grape,1292,reviewed_260916,reviewed_260916,keep,,,reviewed,,,1292,g1266,0,1,,,none,psm_gt,,none,,
grape,1293,reviewed_260916,reviewed_260916,keep,,,reviewed,,,1293,g1267,0,1,,,none,psm_gt,,none,,
grape,1294,reviewed_260916,reviewed_260916,keep,,,reviewed,,,1294,g1268,0,1,,,none,psm_gt,,none,,
grape,1295,reviewed_260916,reviewed_260916,keep,,,reviewed,,,1295,g1269,0,1,,,none,psm_gt,,none,,bottom_5pct_ratio
grape,1296,reviewed_260916,reviewed_260916,keep,,,reviewed,,,1296,g1270,0,1,,,none,psm_gt,,none,,
grape,1297,reviewed_260916,reviewed_260916,keep,,,reviewed,,,1297,g1271,0,1,,,none,psm_gt,,none,,
grape,1298,reviewed_260916,reviewed_260916,keep,,,reviewed,,,1298,g1272,0,1,,,none,psm_gt,,none,,
grape,1299,reviewed_260916,reviewed_260916,keep,,,reviewed,,,1299,g1273,0,1,,,none,psm_gt,,none,,
grape,1300,reviewed_260916,reviewed_260916,keep,,,reviewed,,,1300,g1274,0,1,,,none,psm_gt,,none,,
grape,1301,reviewed_260916,reviewed_260916,keep,,,reviewed,,,1301,g1275,0,1,,,none,psm_gt,,none,,
grape,1302,reviewed_260916,reviewed_260916,keep,,,reviewed,,,1302,g1276,0,1,,,none,psm_gt,,none,,
grape,1303,reviewed_260916,reviewed_260916,keep,,,reviewed,,,1303,g1277,0,1,,,none,psm_gt,,none,,
grape,1304,reviewed_260916,reviewed_260916,keep,,,reviewed,,,1304,g1278,0,1,,,none,psm_gt,,none,,
grape,1305,reviewed_260916,reviewed_260916,keep,,,reviewed,,,1305,g1279,0,1,,,none,psm_gt,,none,,
grape,1306,reviewed_260916,reviewed_260916,keep,,,reviewed,,,1306,g1280,0,1,,,none,psm_gt,,none,,
grape,1307,reviewed_260916,reviewed_260916,keep,,,reviewed,,,1307,g1281,0,1,,,none,psm_gt,,none,,
grape,1308,reviewed_260916,reviewed_260916,keep,,,reviewed,,,1308,g1282,0,1,,,none,psm_gt,,none,,
grape,1309,reviewed_260916,reviewed_260916,needs_human,,"[other] 네모난 큰 블록(extent>=0.80) — 자동 탐지, 2차 신규 지표",ai,,,1309,g1283,0,1,,,none,psm_gt,,none,,
grape,1310,reviewed_260916,reviewed_260916,keep,,dice 0.95 — 라벨된 송이 자체는 정확(규칙 판정). 다만 라벨 안 된 다른 송이가 있을 수 있음,reviewed,,,1310,g1284,0,1,,,none,psm_gt,,none,,
grape,1311,reviewed_260916,reviewed_260916,keep,,dice 0.97 — 라벨된 송이 자체는 정확(규칙 판정). 다만 라벨 안 된 다른 송이가 있을 수 있음,reviewed,,,1311,g1285,0,1,,,none,psm_gt,,none,,
grape,1312,reviewed_260916,reviewed_260916,keep,,,reviewed,,,1312,g1286,0,1,,,none,psm_gt,,none,,
grape,1313,reviewed_260916,reviewed_260916,keep,,,reviewed,,,1313,g1287,0,1,,,none,psm_gt,,none,,
grape,1314,reviewed_260916,reviewed_260916,keep,,,reviewed,,,1314,g1288,0,1,,,none,psm_gt,,none,,
grape,1315,reviewed_260916,reviewed_260916,keep,,,reviewed,,,1315,g1289,0,1,,,none,psm_gt,,none,,
grape,1316,reviewed_260916,reviewed_260916,keep,,,reviewed,,,1316,g1290,0,1,,,none,psm_gt,,none,,
grape,1317,reviewed_260916,reviewed_260916,keep,,,reviewed,,,1317,g1291,0,1,,,none,psm_gt,,none,,
grape,1318,reviewed_260916,reviewed_260916,keep,,,reviewed,,,1318,g1292,0,1,,,none,psm_gt,,none,,
grape,1319,reviewed_260916,reviewed_260916,keep,,,reviewed,,,1319,g1293,0,1,,,none,psm_gt,,none,,
grape,1320,reviewed_260916,reviewed_260916,keep,,,reviewed,,,1320,g1294,0,1,,,none,psm_gt,,none,,
grape,1321,reviewed_260916,reviewed_260916,keep,,dice 0.99 — 라벨된 송이 자체는 정확(규칙 판정). 다만 라벨 안 된 다른 송이가 있을 수 있음,reviewed,,,1321,g1295,0,1,,,none,psm_gt,,none,,
grape,1322,reviewed_260916,reviewed_260916,keep,,dice 0.98 — 라벨된 송이 자체는 정확(규칙 판정). 다만 라벨 안 된 다른 송이가 있을 수 있음,reviewed,,,1322,g1296,0,1,,,none,psm_gt,,none,,
grape,1323,reviewed_260916,reviewed_260916,keep,,,reviewed,,,1323,g1297,0,1,,,none,psm_gt,,none,,
grape,1324,reviewed_260916,reviewed_260916,keep,,,reviewed,,,1324,g1298,0,1,,,none,psm_gt,,none,,
grape,1325,reviewed_260916,reviewed_260916,keep,,,reviewed,,,1325,g1299,0,1,,,none,psm_gt,,none,,
grape,1326,reviewed_260916,reviewed_260916,keep,,,reviewed,,,1326,g1300,0,1,,,none,psm_gt,,none,,bottom_5pct_ratio
grape,1327,reviewed_260916,reviewed_260916,keep,,,reviewed,,,1327,g1301,0,1,,,none,psm_gt,,none,,
grape,1328,reviewed_260916,reviewed_260916,keep,,,reviewed,,,1328,g1302,0,1,,,none,psm_gt,,none,,
grape,1329,reviewed_260916,reviewed_260916,keep,,,reviewed,,,1329,g1303,0,1,,,none,psm_gt,,none,,
grape,1330,reviewed_260916,reviewed_260916,keep,,,reviewed,,,1330,g1304,0,1,,,none,psm_gt,,none,,
grape,1331,reviewed_260916,reviewed_260916,keep,,,reviewed,,,1331,g1305,0,1,,,none,psm_gt,,none,,
grape,1332,reviewed_260916,reviewed_260916,keep,,dice 0.99 — 라벨된 송이 자체는 정확(규칙 판정). 다만 라벨 안 된 다른 송이가 있을 수 있음,reviewed,,,1332,g1306,0,1,,,none,psm_gt,,none,,
grape,1333,reviewed_260916,reviewed_260916,keep,,,reviewed,,,1333,g1307,0,1,,,none,psm_gt,,none,,
grape,1334,reviewed_260916,reviewed_260916,keep,,,reviewed,,,1334,g1308,0,1,,,none,psm_gt,,none,,
grape,1335,reviewed_260916,reviewed_260916,keep,,,reviewed,,,1335,g1309,0,1,,,none,psm_gt,,none,,
grape,1336,reviewed_260916,reviewed_260916,keep,,,reviewed,,,1336,g1310,0,1,,,none,psm_gt,,none,,
grape,1337,reviewed_260916,reviewed_260916,keep,,,reviewed,,,1337,g1311,0,1,,,none,psm_gt,,none,,
grape,1338,reviewed_260916,reviewed_260916,keep,,,reviewed,,,1338,g1312,0,1,,,none,psm_gt,,none,,
grape,1339,reviewed_260916,reviewed_260916,keep,,,reviewed,,,1339,g1313,0,1,,,none,psm_gt,,none,,
grape,1340,reviewed_260916,reviewed_260916,keep,,,reviewed,,,1340,g1314,0,1,,,none,psm_gt,,none,,
grape,1341,reviewed_260916,reviewed_260916,keep,,,reviewed,,,1341,g1315,0,1,,,none,psm_gt,,none,,
grape,1342,reviewed_260916,reviewed_260916,keep,,,reviewed,,,1342,g1316,0,1,,,none,psm_gt,,none,,
grape,1343,reviewed_260916,reviewed_260916,keep,,,reviewed,,,1343,g1317,0,1,,,none,psm_gt,,none,,
grape,1344,reviewed_260916,reviewed_260916,keep,,,reviewed,,,1344,g1318,0,1,,,none,psm_gt,,none,,
grape,1345,reviewed_260916,reviewed_260916,keep,,,reviewed,,,1345,g1319,0,1,,,none,psm_gt,,none,,
grape,1346,reviewed_260916,reviewed_260916,keep,,,reviewed,,,1346,g1320,0,1,,,none,psm_gt,,none,,
grape,1347,reviewed_260916,reviewed_260916,keep,,,reviewed,,,1347,g1321,0,1,,,none,psm_gt,,none,,
grape,1348,reviewed_260916,reviewed_260916,keep,,,reviewed,,,1348,g1322,0,1,,,none,psm_gt,,none,,
grape,1349,reviewed_260916,reviewed_260916,keep,,,reviewed,,,1349,g1323,0,1,,,none,psm_gt,,none,,
grape,1350,reviewed_260916,reviewed_260916,keep,,,reviewed,,,1350,g1324,0,1,,,none,psm_gt,,none,,
grape,1351,reviewed_260916,reviewed_260916,needs_human,,[other] 사진 위쪽 절반이 통째로 칠해짐(전경 52.7%),ai,,,1351,g1325,0,1,,,none,psm_gt,,none,,
grape,1352,reviewed_260916,reviewed_260916,keep,,,reviewed,,,1352,g1326,0,1,,,none,psm_gt,,none,,
grape,1353,reviewed_260916,reviewed_260916,keep,,,reviewed,,,1353,g1327,0,1,,,none,psm_gt,,none,,
grape,1354,reviewed_260916,reviewed_260916,keep,,,reviewed,,,1354,g1328,0,1,,,none,psm_gt,,none,,
grape,1355,reviewed_260916,reviewed_260916,keep,,,reviewed,,,1355,g1329,0,1,,,none,psm_gt,,none,,
grape,1356,reviewed_260916,reviewed_260916,keep,,,reviewed,,,1356,g1330,0,1,,,none,psm_gt,,none,,
grape,1357,reviewed_260916,reviewed_260916,keep,,,reviewed,,,1357,g1331,0,1,,,none,psm_gt,,none,,
grape,1358,reviewed_260916,reviewed_260916,keep,,,reviewed,,,1358,g1332,0,1,,,none,psm_gt,,none,,
grape,1359,reviewed_260916,reviewed_260916,keep,,,reviewed,,,1359,g1333,0,1,,,none,psm_gt,,none,,
grape,1360,reviewed_260916,reviewed_260916,keep,,,reviewed,,,1360,g1334,0,1,,,none,psm_gt,,none,,
grape,1361,reviewed_260916,reviewed_260916,keep,,,reviewed,,,1361,g1335,0,1,,,none,psm_gt,,none,,
grape,1362,reviewed_260916,reviewed_260916,keep,,,reviewed,,,1362,g1336,0,1,,,none,psm_gt,,none,,
grape,1363,reviewed_260916,reviewed_260916,keep,,,reviewed,,,1363,g1337,0,1,,,none,psm_gt,,none,,
grape,1364,reviewed_260916,reviewed_260916,keep,,,reviewed,,,1364,g1338,0,1,,,none,psm_gt,,none,,
grape,1365,reviewed_260916,reviewed_260916,keep,,dice 0.98 — 라벨된 송이 자체는 정확(규칙 판정). 다만 라벨 안 된 다른 송이가 있을 수 있음,reviewed,,,1365,g1339,0,1,,,none,psm_gt,,none,,
grape,1366,reviewed_260916,reviewed_260916,image_replaced,,"이미지↔마스크 불일치 교정: CERTH zip 의 mimc test_set 사진으로 교체(마스크는 원래 맞음). image replaced from images/multiple-instance-multiple-class/test_set/1366.png (resized 2160x3840 -> 1080x1920, BILINEAR)",ai,,,1366,g1340,0,1,,,none,psm_gt,,none,,
grape,1367,reviewed_260916,reviewed_260916,keep,,,reviewed,,,1367,g1341,0,1,,,none,psm_gt,,none,,
grape,1368,reviewed_260916,reviewed_260916,keep,,,reviewed,,,1368,g1342,0,1,,,none,psm_gt,,none,,
grape,1369,reviewed_260916,reviewed_260916,keep,,,reviewed,,,1369,g1343,0,1,,,none,psm_gt,,none,,
grape,1370,reviewed_260916,reviewed_260916,keep,,,reviewed,,,1370,g1344,0,1,,,none,psm_gt,,none,,
grape,1371,reviewed_260916,reviewed_260916,keep,,,reviewed,,,1371,g1345,0,1,,,none,psm_gt,,none,,
grape,1372,reviewed_260916,reviewed_260916,keep,,,reviewed,,,1372,g1346,0,1,,,none,psm_gt,,none,,
grape,1373,reviewed_260916,reviewed_260916,keep,,,reviewed,,,1373,g1347,0,1,,,none,psm_gt,,none,,
grape,1374,reviewed_260916,reviewed_260916,image_replaced,,"이미지↔마스크 불일치 교정: CERTH zip 의 mimc test_set 사진으로 교체(마스크는 원래 맞음). image replaced from images/multiple-instance-multiple-class/test_set/1374.png (resized 2160x3840 -> 1080x1920, BILINEAR)",ai,,,1374,g1348,0,1,,,none,psm_gt,,none,,
grape,1375,reviewed_260916,reviewed_260916,keep,,,reviewed,,,1375,g1349,0,1,,,none,psm_gt,,none,,
grape,1376,reviewed_260916,reviewed_260916,keep,,,reviewed,,,1376,g1350,0,1,,,none,psm_gt,,none,,
grape,1377,reviewed_260916,reviewed_260916,keep,,,reviewed,,,1377,g1351,0,1,,,none,psm_gt,,none,,
grape,1378,reviewed_260916,reviewed_260916,keep,,,reviewed,,,1378,g1352,0,1,,,none,psm_gt,,none,,
grape,1379,reviewed_260916,reviewed_260916,keep,,,reviewed,,,1379,g1353,0,1,,,none,psm_gt,,none,,
grape,1380,reviewed_260916,reviewed_260916,keep,,,reviewed,,,1380,g1354,0,1,,,none,psm_gt,,none,,bottom_5pct_ratio
grape,1381,reviewed_260916,reviewed_260916,keep,,,reviewed,,,1381,g1355,0,1,,,none,psm_gt,,none,,
grape,1382,reviewed_260916,reviewed_260916,keep,,,reviewed,,,1382,g1356,0,1,,,none,psm_gt,,none,,
grape,1383,reviewed_260916,reviewed_260916,keep,,dice 0.96 — 라벨된 송이 자체는 정확(규칙 판정). 다만 라벨 안 된 다른 송이가 있을 수 있음,reviewed,,,1383,g1357,0,1,,,none,psm_gt,,none,,
grape,1384,reviewed_260916,reviewed_260916,keep,,,reviewed,,,1384,g1358,0,1,,,none,psm_gt,,none,,
grape,1385,reviewed_260916,reviewed_260916,image_replaced,,"이미지↔마스크 불일치 교정: CERTH zip 의 mimc test_set 사진으로 교체(마스크는 원래 맞음). image replaced from images/multiple-instance-multiple-class/test_set/1385.png (resized 2160x3840 -> 1080x1920, BILINEAR)",ai,,,1385,g1359,0,1,,,none,psm_gt,,none,,
grape,1386,reviewed_260916,reviewed_260916,keep,,,reviewed,,,1386,g1360,0,1,,,none,psm_gt,,none,,
grape,1387,reviewed_260916,reviewed_260916,keep,,,reviewed,,,1387,g1361,0,1,,,none,psm_gt,,none,,
grape,1388,reviewed_260916,reviewed_260916,keep,,,reviewed,,,1388,g1362,0,1,,,none,psm_gt,,none,,
grape,1389,reviewed_260916,reviewed_260916,keep,,,reviewed,,,1389,g1363,0,1,,,none,psm_gt,,none,,bottom_5pct_ratio
grape,1390,reviewed_260916,reviewed_260916,needs_human,,[missing_bunch] dice 0.74 — 송이 일부만 라벨(규칙 판정),ai,,,1390,g1364,0,1,,,none,psm_gt,,none,,bottom_5pct_ratio
grape,1391,reviewed_260916,reviewed_260916,keep,,,reviewed,,,1391,g1365,0,1,,,none,psm_gt,,none,,
grape,1392,reviewed_260916,reviewed_260916,keep,,,reviewed,,,1392,g1366,0,1,,,none,psm_gt,,none,,
grape,1393,reviewed_260916,reviewed_260916,keep,,,reviewed,,,1393,g1367,0,1,,,none,psm_gt,,none,,
grape,1394,reviewed_260916,reviewed_260916,keep,,,reviewed,,,1394,g1368,0,1,,,none,psm_gt,,none,,
grape,1395,reviewed_260916,reviewed_260916,keep,,,reviewed,,,1395,g1369,0,1,,,none,psm_gt,,none,,
grape,1396,reviewed_260916,reviewed_260916,keep,,,reviewed,,,1396,g1370,0,1,,,none,psm_gt,,none,,
grape,1397,reviewed_260916,reviewed_260916,keep,,,reviewed,,,1397,g1371,0,1,,,none,psm_gt,,none,,
grape,1398,reviewed_260916,reviewed_260916,keep,,,reviewed,,,1398,g1372,0,1,,,none,psm_gt,,none,,
grape,1399,reviewed_260916,reviewed_260916,keep,,,reviewed,,,1399,g1373,0,1,,,none,psm_gt,,none,,
grape,1400,reviewed_260916,reviewed_260916,keep,,,reviewed,,,1400,g1374,0,1,,,none,psm_gt,,none,,
grape,1401,reviewed_260916,reviewed_260916,keep,,,reviewed,,,1401,g1375,0,1,,,none,psm_gt,,none,,
grape,1402,reviewed_260916,reviewed_260916,keep,,,reviewed,,,1402,g1376,0,1,,,none,psm_gt,,none,,
grape,1403,reviewed_260916,reviewed_260916,keep,,dice 0.81 — 라벨된 송이 자체는 정확(규칙 판정). 다만 라벨 안 된 다른 송이가 있을 수 있음,reviewed,,,1403,g1377,0,1,,,none,psm_gt,,none,,
grape,1404,reviewed_260916,reviewed_260916,keep,,dice 0.89 — 라벨된 송이 자체는 정확(규칙 판정). 다만 라벨 안 된 다른 송이가 있을 수 있음,reviewed,,,1404,g1378,0,1,,,none,psm_gt,,none,,
grape,1405,reviewed_260916,reviewed_260916,keep,,,reviewed,,,1405,g1379,0,1,,,none,psm_gt,,none,,
grape,1406,reviewed_260916,reviewed_260916,keep,,dice 0.98 — 라벨된 송이 자체는 정확(규칙 판정). 다만 라벨 안 된 다른 송이가 있을 수 있음,reviewed,,,1406,g1380,0,1,,,none,psm_gt,,none,,
grape,1407,reviewed_260916,reviewed_260916,keep,,,reviewed,,,1407,g1381,0,1,,,none,psm_gt,,none,,
grape,1408,reviewed_260916,reviewed_260916,keep,,,reviewed,,,1408,g1382,0,1,,,none,psm_gt,,none,,
grape,1409,reviewed_260916,reviewed_260916,keep,,,reviewed,,,1409,g1383,0,1,,,none,psm_gt,,none,,
grape,1410,reviewed_260916,reviewed_260916,keep,,,reviewed,,,1410,g1384,0,1,,,none,psm_gt,,none,,
grape,1411,reviewed_260916,reviewed_260916,keep,,,reviewed,,,1411,g1385,0,1,,,none,psm_gt,,none,,
grape,1412,reviewed_260916,reviewed_260916,keep,,,reviewed,,,1412,g1386,0,1,,,none,psm_gt,,none,,
grape,1413,reviewed_260916,reviewed_260916,keep,,dice 0.95 — 라벨된 송이 자체는 정확(규칙 판정). 다만 라벨 안 된 다른 송이가 있을 수 있음,reviewed,,,1413,g1387,0,1,,,none,psm_gt,,none,,
grape,1414,reviewed_260916,reviewed_260916,keep,,dice 0.97 — 라벨된 송이 자체는 정확(규칙 판정). 다만 라벨 안 된 다른 송이가 있을 수 있음,reviewed,,,1414,g1388,0,1,,,none,psm_gt,,none,,
grape,1415,reviewed_260916,reviewed_260916,keep,,,reviewed,,,1415,g1389,0,1,,,none,psm_gt,,none,,
grape,1416,reviewed_260916,reviewed_260916,keep,,,reviewed,,,1416,g1390,0,1,,,none,psm_gt,,none,,
grape,1417,reviewed_260916,reviewed_260916,keep,,,reviewed,,,1417,g1391,0,1,,,none,psm_gt,,none,,
grape,1418,reviewed_260916,reviewed_260916,keep,,,reviewed,,,1418,g1392,0,1,,,none,psm_gt,,none,,
grape,1419,reviewed_260916,reviewed_260916,keep,,,reviewed,,,1419,g1393,0,1,,,none,psm_gt,,none,,
grape,1420,reviewed_260916,reviewed_260916,keep,,,reviewed,,,1420,g1394,0,1,,,none,psm_gt,,none,,
grape,1421,reviewed_260916,reviewed_260916,keep,,,reviewed,,,1421,g1395,0,1,,,none,psm_gt,,none,,
grape,1422,reviewed_260916,reviewed_260916,keep,,,reviewed,,,1422,g1396,0,1,,,none,psm_gt,,none,,
grape,1423,reviewed_260916,reviewed_260916,keep,,,reviewed,,,1423,g1397,0,1,,,none,psm_gt,,none,,
grape,1424,reviewed_260916,reviewed_260916,keep,,,reviewed,,,1424,g1398,0,1,,,none,psm_gt,,none,,
grape,1425,reviewed_260916,reviewed_260916,keep,,,reviewed,,,1425,g1399,0,1,,,none,psm_gt,,none,,
grape,1426,reviewed_260916,reviewed_260916,needs_human,,[missing_bunch] dice 0.79 — 송이 일부만 라벨(규칙 판정),ai,,,1426,g1400,0,1,,,none,psm_gt,,none,,
grape,1427,reviewed_260916,reviewed_260916,keep,,,reviewed,,,1427,g1401,0,1,,,none,psm_gt,,none,,
grape,1428,reviewed_260916,reviewed_260916,keep,,,reviewed,,,1428,g1402,0,1,,,none,psm_gt,,none,,
grape,1429,reviewed_260916,reviewed_260916,needs_human,,[other] 네모 자국이 보임,ai,,,1429,g1403,0,1,,,none,psm_gt,,none,,
grape,1430,reviewed_260916,reviewed_260916,keep,,,reviewed,,,1430,g1404,0,1,,,none,psm_gt,,none,,
grape,1431,reviewed_260916,reviewed_260916,keep,,,reviewed,,,1431,g1405,0,1,,,none,psm_gt,,none,,
grape,1432,reviewed_260916,reviewed_260916,keep,,,reviewed,,,1432,g1406,0,1,,,none,psm_gt,,none,,
grape,1433,reviewed_260916,reviewed_260916,keep,,,reviewed,,,1433,g1407,0,1,,,none,psm_gt,,none,,
grape,1434,reviewed_260916,reviewed_260916,keep,,dice 0.87 — 라벨된 송이 자체는 정확(규칙 판정). 다만 라벨 안 된 다른 송이가 있을 수 있음,reviewed,,,1434,g1408,0,1,,,none,psm_gt,,none,,
grape,1435,reviewed_260916,reviewed_260916,keep,,,reviewed,,,1435,g0017,0,1,,,none,psm_gt,,none,,
grape,1436,reviewed_260916,reviewed_260916,needs_human,,[other] 네모난 블록이 잎 위에 칠해져 있음,ai,,,1436,g1409,0,1,,,none,psm_gt,,none,,
grape,1437,reviewed_260916,reviewed_260916,needs_human,,[other] 네모난 블록,ai,,,1437,g1410,0,1,,,none,psm_gt,,none,,
grape,1438,reviewed_260916,reviewed_260916,needs_human,,[other] 작은 송이 둘레를 네모로 칠함,ai,,,1438,g1411,0,1,,,none,psm_gt,,none,,bottom_5pct_ratio
grape,1439,reviewed_260916,reviewed_260916,needs_human,,[missing_bunch] dice 0.69 — 송이 일부만 라벨(규칙 판정),ai,,,1439,g1412,0,1,,,none,psm_gt,,none,,bottom_5pct_ratio
grape,1440,reviewed_260916,reviewed_260916,keep,,,reviewed,,,1440,g1413,0,1,,,none,psm_gt,,none,,bottom_5pct_ratio
grape,1441,reviewed_260916,reviewed_260916,keep,,dice 0.81 — 라벨된 송이 자체는 정확(규칙 판정). 다만 라벨 안 된 다른 송이가 있을 수 있음,reviewed,,,1441,g1414,0,1,,,none,psm_gt,,none,,
grape,1442,reviewed_260916,reviewed_260916,keep,,,reviewed,,,1442,g1415,0,1,,,none,psm_gt,,none,,
grape,1443,reviewed_260916,reviewed_260916,keep,,,reviewed,,,1443,g1416,0,1,,,none,psm_gt,,none,,
grape,1444,reviewed_260916,reviewed_260916,keep,,,reviewed,,,1444,g1417,0,1,,,none,psm_gt,,none,,
grape,1445,reviewed_260916,reviewed_260916,keep,,,reviewed,,,1445,g1418,0,1,,,none,psm_gt,,none,,
grape,1446,reviewed_260916,reviewed_260916,keep,,,reviewed,,,1446,g1419,0,1,,,none,psm_gt,,none,,
grape,1447,reviewed_260916,reviewed_260916,keep,,dice 0.89 — 라벨된 송이 자체는 정확(규칙 판정). 다만 라벨 안 된 다른 송이가 있을 수 있음,reviewed,,,1447,g1420,0,1,,,none,psm_gt,,none,,
grape,1448,reviewed_260916,reviewed_260916,keep,,,reviewed,,,1448,g1421,0,1,,,none,psm_gt,,none,,
grape,1449,reviewed_260916,reviewed_260916,keep,,,reviewed,,,1449,g1422,0,1,,,none,psm_gt,,none,,
grape,1450,reviewed_260916,reviewed_260916,needs_human,,[other] 네모난 블록,ai,,,1450,g1423,0,1,,,none,psm_gt,,none,,
grape,1451,reviewed_260916,reviewed_260916,keep,,,reviewed,,,1451,g1424,0,1,,,none,psm_gt,,none,,
grape,1452,reviewed_260916,reviewed_260916,keep,,,reviewed,,,1452,g1425,0,1,,,none,psm_gt,,none,,
grape,1453,reviewed_260916,reviewed_260916,keep,,,reviewed,,,1453,g1426,0,1,,,none,psm_gt,,none,,
grape,1454,reviewed_260916,reviewed_260916,keep,,,reviewed,,,1454,g1427,0,1,,,none,psm_gt,,none,,
grape,1455,reviewed_260916,reviewed_260916,keep,,dice 0.96 — 라벨된 송이 자체는 정확(규칙 판정). 다만 라벨 안 된 다른 송이가 있을 수 있음,reviewed,,,1455,g1428,0,1,,,none,psm_gt,,none,,
grape,1456,reviewed_260916,reviewed_260916,keep,,,reviewed,,,1456,g1429,0,1,,,none,psm_gt,,none,,
grape,1457,reviewed_260916,reviewed_260916,keep,,dice 0.94 — 라벨된 송이 자체는 정확(규칙 판정). 다만 라벨 안 된 다른 송이가 있을 수 있음,reviewed,,,1457,g1430,0,1,,,none,psm_gt,,none,,
grape,1458,reviewed_260916,reviewed_260916,keep,,,reviewed,,,1458,g1431,0,1,,,none,psm_gt,,none,,
grape,1459,reviewed_260916,reviewed_260916,keep,,,reviewed,,,1459,g1432,0,1,,,none,psm_gt,,none,,
grape,1460,reviewed_260916,reviewed_260916,needs_human,,[other] 큰 블록이 잎까지 덮음,ai,,,1460,g1433,0,1,,,none,psm_gt,,none,,
grape,1461,reviewed_260916,reviewed_260916,keep,,dice 0.91 — 라벨된 송이 자체는 정확(규칙 판정). 다만 라벨 안 된 다른 송이가 있을 수 있음,reviewed,,,1461,g1434,0,1,,,none,psm_gt,,none,,
grape,1462,reviewed_260916,reviewed_260916,keep,,,reviewed,,,1462,g1435,0,1,,,none,psm_gt,,none,,
grape,1463,reviewed_260916,reviewed_260916,keep,,,reviewed,,,1463,g1436,0,1,,,none,psm_gt,,none,,
grape,1464,reviewed_260916,reviewed_260916,keep,,dice 0.91 — 라벨된 송이 자체는 정확(규칙 판정). 다만 라벨 안 된 다른 송이가 있을 수 있음,reviewed,,,1464,g1437,0,1,,,none,psm_gt,,none,,
grape,1465,reviewed_260916,reviewed_260916,keep,,,reviewed,,,1465,g1438,0,1,,,none,psm_gt,,none,,
grape,1466,reviewed_260916,reviewed_260916,keep,,,reviewed,,,1466,g1439,0,1,,,none,psm_gt,,none,,
grape,1467,reviewed_260916,reviewed_260916,keep,,,reviewed,,,1467,g1440,0,1,,,none,psm_gt,,none,,
grape,1468,reviewed_260916,reviewed_260916,keep,,,reviewed,,,1468,g1441,0,1,,,none,psm_gt,,none,,
grape,1469,reviewed_260916,reviewed_260916,keep,,dice 0.95 — 라벨된 송이 자체는 정확(규칙 판정). 다만 라벨 안 된 다른 송이가 있을 수 있음,reviewed,,,1469,g1442,0,1,,,none,psm_gt,,none,,
grape,1470,reviewed_260916,reviewed_260916,keep,,,reviewed,,,1470,g1443,0,1,,,none,psm_gt,,none,,
grape,1471,reviewed_260916,reviewed_260916,keep,,,reviewed,,,1471,g1444,0,1,,,none,psm_gt,,none,,
grape,1472,reviewed_260916,reviewed_260916,keep,,,reviewed,,,1472,g1445,0,1,,,none,psm_gt,,none,,
grape,1473,reviewed_260916,reviewed_260916,keep,,,reviewed,,,1473,g1446,0,1,,,none,psm_gt,,none,,
grape,1474,reviewed_260916,reviewed_260916,keep,,,reviewed,,,1474,g1447,0,1,,,none,psm_gt,,none,,
grape,1475,reviewed_260916,reviewed_260916,keep,,,reviewed,,,1475,g1448,0,1,,,none,psm_gt,,none,,
grape,1476,reviewed_260916,reviewed_260916,keep,,,reviewed,,,1476,g1449,0,1,,,none,psm_gt,,none,,
grape,1477,reviewed_260916,reviewed_260916,keep,,,reviewed,,,1477,g1450,0,1,,,none,psm_gt,,none,,
grape,1478,reviewed_260916,reviewed_260916,keep,,,reviewed,,,1478,g1451,0,1,,,none,psm_gt,,none,,
grape,1479,reviewed_260916,reviewed_260916,keep,,,reviewed,,,1479,g1452,0,1,,,none,psm_gt,,none,,
grape,1480,reviewed_260916,reviewed_260916,keep,,,reviewed,,,1480,g1453,0,1,,,none,psm_gt,,none,,
grape,1481,reviewed_260916,reviewed_260916,keep,,dice 0.95 — 라벨된 송이 자체는 정확(규칙 판정). 다만 라벨 안 된 다른 송이가 있을 수 있음,reviewed,,,1481,g1454,0,1,,,none,psm_gt,,none,,
grape,1482,reviewed_260916,reviewed_260916,keep,,,reviewed,,,1482,g1455,0,1,,,none,psm_gt,,none,,
grape,1483,reviewed_260916,reviewed_260916,keep,,,reviewed,,,1483,g1456,0,1,,,none,psm_gt,,none,,
grape,1484,reviewed_260916,reviewed_260916,keep,,,reviewed,,,1484,g1457,0,1,,,none,psm_gt,,none,,
grape,1485,reviewed_260916,reviewed_260916,keep,,,reviewed,,,1485,g1458,0,1,,,none,psm_gt,,none,,
grape,1486,reviewed_260916,reviewed_260916,keep,,,reviewed,,,1486,g1459,0,1,,,none,psm_gt,,none,,
grape,1487,reviewed_260916,reviewed_260916,keep,,,reviewed,,,1487,g1460,0,1,,,none,psm_gt,,none,,
grape,1488,reviewed_260916,reviewed_260916,keep,,,reviewed,,,1488,g1461,0,1,,,none,psm_gt,,none,,
grape,1489,reviewed_260916,reviewed_260916,keep,,,reviewed,,,1489,g1462,0,1,,,none,psm_gt,,none,,
grape,1490,reviewed_260916,reviewed_260916,keep,,,reviewed,,,1490,g1463,0,1,,,none,psm_gt,,none,,
grape,1491,reviewed_260916,reviewed_260916,keep,,,reviewed,,,1491,g1464,0,1,,,none,psm_gt,,none,,
grape,1492,reviewed_260916,reviewed_260916,keep,,,reviewed,,,1492,g1465,0,1,,,none,psm_gt,,none,,
grape,1493,reviewed_260916,reviewed_260916,keep,,,reviewed,,,1493,g1466,0,1,,,none,psm_gt,,none,,
grape,1494,reviewed_260916,reviewed_260916,keep,,,reviewed,,,1494,g1467,0,1,,,none,psm_gt,,none,,
grape,1495,reviewed_260916,reviewed_260916,keep,,,reviewed,,,1495,g1468,0,1,,,none,psm_gt,,none,,
grape,1496,reviewed_260916,reviewed_260916,keep,,,reviewed,,,1496,g1469,0,1,,,none,psm_gt,,none,,
grape,1497,reviewed_260916,reviewed_260916,keep,,,reviewed,,,1497,g1470,0,1,,,none,psm_gt,,none,,
grape,1498,reviewed_260916,reviewed_260916,keep,,,reviewed,,,1498,g1471,0,1,,,none,psm_gt,,none,,
grape,1499,reviewed_260916,reviewed_260916,keep,,,reviewed,,,1499,g1472,0,1,,,none,psm_gt,,none,,
grape,1500,reviewed_260916,reviewed_260916,keep,,,reviewed,,,1500,g1473,0,1,,,none,psm_gt,,none,,
grape,1501,reviewed_260916,reviewed_260916,keep,,,reviewed,,,1501,g1474,0,1,,,none,psm_gt,,none,,
grape,1502,reviewed_260916,reviewed_260916,keep,,,reviewed,,,1502,g1475,0,1,,,none,psm_gt,,none,,
grape,1503,reviewed_260916,reviewed_260916,keep,,,reviewed,,,1503,g1476,0,1,,,none,psm_gt,,none,,
grape,1504,reviewed_260916,reviewed_260916,keep,,,reviewed,,,1504,g1477,0,1,,,none,psm_gt,,none,,
grape,1505,reviewed_260916,reviewed_260916,keep,,,reviewed,,,1505,g1478,0,1,,,none,psm_gt,,none,,
grape,1506,reviewed_260916,reviewed_260916,keep,,,reviewed,,,1506,g1479,0,1,,,none,psm_gt,,none,,
grape,1507,reviewed_260916,reviewed_260916,keep,,,reviewed,,,1507,g1480,0,1,,,none,psm_gt,,none,,
grape,1508,reviewed_260916,reviewed_260916,keep,,,reviewed,,,1508,g1481,0,1,,,none,psm_gt,,none,,
grape,1509,reviewed_260916,reviewed_260916,keep,,,reviewed,,,1509,g1482,0,1,,,none,psm_gt,,none,,
grape,1510,reviewed_260916,reviewed_260916,keep,,,reviewed,,,1510,g1483,0,1,,,none,psm_gt,,none,,
grape,1511,reviewed_260916,reviewed_260916,keep,,,reviewed,,,1511,g1484,0,1,,,none,psm_gt,,none,,
grape,1512,reviewed_260916,reviewed_260916,keep,,,reviewed,,,1512,g1485,0,1,,,none,psm_gt,,none,,
grape,1513,reviewed_260916,reviewed_260916,keep,,dice 0.95 — 라벨된 송이 자체는 정확(규칙 판정). 다만 라벨 안 된 다른 송이가 있을 수 있음,reviewed,,,1513,g1486,0,1,,,none,psm_gt,,none,,bottom_5pct_ratio
grape,1514,reviewed_260916,reviewed_260916,keep,,,reviewed,,,1514,g1487,0,1,,,none,psm_gt,,none,,
grape,1515,reviewed_260916,reviewed_260916,keep,,,reviewed,,,1515,g1488,0,1,,,none,psm_gt,,none,,
grape,1516,reviewed_260916,reviewed_260916,keep,,,reviewed,,,1516,g1489,0,1,,,none,psm_gt,,none,,
grape,1517,reviewed_260916,reviewed_260916,keep,,,reviewed,,,1517,g1490,0,1,,,none,psm_gt,,none,,
grape,1518,reviewed_260916,reviewed_260916,keep,,,reviewed,,,1518,g1491,0,1,,,none,psm_gt,,none,,bottom_5pct_ratio
grape,1519,reviewed_260916,reviewed_260916,keep,,,reviewed,,,1519,g1492,0,1,,,none,psm_gt,,none,,
grape,1520,reviewed_260916,reviewed_260916,keep,,dice 0.80 — 라벨된 송이 자체는 정확(규칙 판정). 다만 라벨 안 된 다른 송이가 있을 수 있음,reviewed,,,1520,g1493,0,1,,,none,psm_gt,,none,,
grape,1521,reviewed_260916,reviewed_260916,keep,,,reviewed,,,1521,g1494,0,1,,,none,psm_gt,,none,,
grape,1522,reviewed_260916,reviewed_260916,keep,,,reviewed,,,1522,g1495,0,1,,,none,psm_gt,,none,,
grape,1523,reviewed_260916,reviewed_260916,keep,,,reviewed,,,1523,g1496,0,1,,,none,psm_gt,,none,,
grape,1524,reviewed_260916,reviewed_260916,keep,,,reviewed,,,1524,g1497,0,1,,,none,psm_gt,,none,,
grape,1525,reviewed_260916,reviewed_260916,keep,,,reviewed,,,1525,g1498,0,1,,,none,psm_gt,,none,,
grape,1526,reviewed_260916,reviewed_260916,keep,,,reviewed,,,1526,g1499,0,1,,,none,psm_gt,,none,,
grape,1527,reviewed_260916,reviewed_260916,keep,,,reviewed,,,1527,g1500,0,1,,,none,psm_gt,,none,,
grape,1528,reviewed_260916,reviewed_260916,keep,,,reviewed,,,1528,g1501,0,1,,,none,psm_gt,,none,,
grape,1529,reviewed_260916,reviewed_260916,keep,,,reviewed,,,1529,g1502,0,1,,,none,psm_gt,,none,,
grape,1530,reviewed_260916,reviewed_260916,keep,,,reviewed,,,1530,g1503,0,1,,,none,psm_gt,,none,,
grape,1531,reviewed_260916,reviewed_260916,keep,,,reviewed,,,1531,g1504,0,1,,,none,psm_gt,,none,,
grape,1532,reviewed_260916,reviewed_260916,keep,,,reviewed,,,1532,g1505,0,1,,,none,psm_gt,,none,,
grape,1533,reviewed_260916,reviewed_260916,keep,,,reviewed,,,1533,g1506,0,1,,,none,psm_gt,,none,,
grape,1534,reviewed_260916,reviewed_260916,keep,,,reviewed,,,1534,g1507,0,1,,,none,psm_gt,,none,,
grape,1535,reviewed_260916,reviewed_260916,keep,,,reviewed,,,1535,g1508,0,1,,,none,psm_gt,,none,,
grape,1536,reviewed_260916,reviewed_260916,keep,,,reviewed,,,1536,g1509,0,1,,,none,psm_gt,,none,,
grape,1537,reviewed_260916,reviewed_260916,keep,,,reviewed,,,1537,g1510,0,1,,,none,psm_gt,,none,,
grape,1538,reviewed_260916,reviewed_260916,keep,,,reviewed,,,1538,g1511,0,1,,,none,psm_gt,,none,,
grape,1539,reviewed_260916,reviewed_260916,keep,,,reviewed,,,1539,g1512,0,1,,,none,psm_gt,,none,,
grape,1540,reviewed_260916,reviewed_260916,keep,,,reviewed,,,1540,g1513,0,1,,,none,psm_gt,,none,,
grape,1541,reviewed_260916,reviewed_260916,needs_human,,[missing_bunch] dice 0.77 — 송이 일부만 라벨(규칙 판정),ai,,,1541,g1514,0,1,,,none,psm_gt,,none,,
grape,1542,reviewed_260916,reviewed_260916,keep,,,reviewed,,,1542,g1515,0,1,,,none,psm_gt,,none,,
grape,1543,reviewed_260916,reviewed_260916,keep,,dice 0.92 — 라벨된 송이 자체는 정확(규칙 판정). 다만 라벨 안 된 다른 송이가 있을 수 있음,reviewed,,,1543,g1516,0,1,,,none,psm_gt,,none,,bottom_5pct_ratio
grape,1544,reviewed_260916,reviewed_260916,keep,,,reviewed,,,1544,g1517,0,1,,,none,psm_gt,,none,,
grape,1545,reviewed_260916,reviewed_260916,keep,,,reviewed,,,1545,g1518,0,1,,,none,psm_gt,,none,,
grape,1546,reviewed_260916,reviewed_260916,keep,,,reviewed,,,1546,g1519,0,1,,,none,psm_gt,,none,,
grape,1547,reviewed_260916,reviewed_260916,keep,,,reviewed,,,1547,g1520,0,1,,,none,psm_gt,,none,,
grape,1548,reviewed_260916,reviewed_260916,keep,,,reviewed,,,1548,g1521,0,1,,,none,psm_gt,,none,,
grape,1549,reviewed_260916,reviewed_260916,keep,,,reviewed,,,1549,g1522,0,1,,,none,psm_gt,,none,,
grape,1550,reviewed_260916,reviewed_260916,keep,,,reviewed,,,1550,g1523,0,1,,,none,psm_gt,,none,,
grape,1551,reviewed_260916,reviewed_260916,keep,,,reviewed,,,1551,g1524,0,1,,,none,psm_gt,,none,,
grape,1552,reviewed_260916,reviewed_260916,keep,,,reviewed,,,1552,g1525,0,1,,,none,psm_gt,,none,,
grape,1553,reviewed_260916,reviewed_260916,keep,,,reviewed,,,1553,g1526,0,1,,,none,psm_gt,,none,,
grape,1554,reviewed_260916,reviewed_260916,keep,,,reviewed,,,1554,g1527,0,1,,,none,psm_gt,,none,,bottom_5pct_ratio
grape,1555,reviewed_260916,reviewed_260916,keep,,dice 0.89 — 라벨된 송이 자체는 정확(규칙 판정). 다만 라벨 안 된 다른 송이가 있을 수 있음,reviewed,,,1555,g1528,0,1,,,none,psm_gt,,none,,
grape,1556,reviewed_260916,reviewed_260916,needs_human,,[missing_bunch] dice 0.78 — 송이 일부만 라벨(규칙 판정),ai,,,1556,g1529,0,1,,,none,psm_gt,,none,,
grape,1557,reviewed_260916,reviewed_260916,keep,,,reviewed,,,1557,g1530,0,1,,,none,psm_gt,,none,,
grape,1558,reviewed_260916,reviewed_260916,keep,,,reviewed,,,1558,g1531,0,1,,,none,psm_gt,,none,,
grape,1559,reviewed_260916,reviewed_260916,keep,,,reviewed,,,1559,g1532,0,1,,,none,psm_gt,,none,,
grape,1560,reviewed_260916,reviewed_260916,keep,,,reviewed,,,1560,g1533,0,1,,,none,psm_gt,,none,,
grape,1561,reviewed_260916,reviewed_260916,keep,,,reviewed,,,1561,g1534,0,1,,,none,psm_gt,,none,,
grape,1562,reviewed_260916,reviewed_260916,keep,,,reviewed,,,1562,g1535,0,1,,,none,psm_gt,,none,,
grape,1563,reviewed_260916,reviewed_260916,keep,,,reviewed,,,1563,g1536,0,1,,,none,psm_gt,,none,,bottom_5pct_ratio
grape,1564,reviewed_260916,reviewed_260916,keep,,,reviewed,,,1564,g1537,0,1,,,none,psm_gt,,none,,
grape,1565,reviewed_260916,reviewed_260916,keep,,,reviewed,,,1565,g1538,0,1,,,none,psm_gt,,none,,
grape,1566,reviewed_260916,reviewed_260916,keep,,dice 0.81 — 라벨된 송이 자체는 정확(규칙 판정). 다만 라벨 안 된 다른 송이가 있을 수 있음,reviewed,,,1566,g1539,0,1,,,none,psm_gt,,none,,
grape,1567,reviewed_260916,reviewed_260916,keep,,,reviewed,,,1567,g1540,0,1,,,none,psm_gt,,none,,
grape,1568,reviewed_260916,reviewed_260916,keep,,,reviewed,,,1568,g1541,0,1,,,none,psm_gt,,none,,
grape,1569,reviewed_260916,reviewed_260916,keep,,,reviewed,,,1569,g1542,0,1,,,none,psm_gt,,none,,
grape,1570,reviewed_260916,reviewed_260916,needs_human,,[missing_bunch] dice 0.80 — 송이 일부만 라벨(규칙 판정),ai,,,1570,g1543,0,1,,,none,psm_gt,,none,,bottom_5pct_ratio
grape,1571,reviewed_260916,reviewed_260916,keep,,,reviewed,,,1571,g1544,0,1,,,none,psm_gt,,none,,
grape,1572,reviewed_260916,reviewed_260916,keep,,,reviewed,,,1572,g1545,0,1,,,none,psm_gt,,none,,
grape,1573,reviewed_260916,reviewed_260916,keep,,,reviewed,,,1573,g1546,0,1,,,none,psm_gt,,none,,
grape,1574,reviewed_260916,reviewed_260916,keep,,,reviewed,,,1574,g1547,0,1,,,none,psm_gt,,none,,
grape,1575,reviewed_260916,reviewed_260916,keep,,,reviewed,,,1575,g1548,0,1,,,none,psm_gt,,none,,
grape,1576,reviewed_260916,reviewed_260916,keep,,,reviewed,,,1576,g1549,0,1,,,none,psm_gt,,none,,
grape,1577,reviewed_260916,reviewed_260916,keep,,,reviewed,,,1577,g1550,0,1,,,none,psm_gt,,none,,
grape,1578,reviewed_260916,reviewed_260916,keep,,,reviewed,,,1578,g1551,0,1,,,none,psm_gt,,none,,
grape,1579,reviewed_260916,reviewed_260916,keep,,,reviewed,,,1579,g1552,0,1,,,none,psm_gt,,none,,
grape,1580,reviewed_260916,reviewed_260916,keep,,,reviewed,,,1580,g1553,0,1,,,none,psm_gt,,none,,
grape,1581,reviewed_260916,reviewed_260916,keep,,,reviewed,,,1581,g1554,0,1,,,none,psm_gt,,none,,
grape,1582,reviewed_260916,reviewed_260916,keep,,,reviewed,,,1582,g1555,0,1,,,none,psm_gt,,none,,
grape,1583,reviewed_260916,reviewed_260916,keep,,,reviewed,,,1583,g1556,0,1,,,none,psm_gt,,none,,
grape,1584,reviewed_260916,reviewed_260916,keep,,,reviewed,,,1584,g1557,0,1,,,none,psm_gt,,none,,
grape,1585,reviewed_260916,reviewed_260916,keep,,,reviewed,,,1585,g1558,0,1,,,none,psm_gt,,none,,
grape,1586,reviewed_260916,reviewed_260916,keep,,,reviewed,,,1586,g1559,0,1,,,none,psm_gt,,none,,
grape,1587,reviewed_260916,reviewed_260916,keep,,,reviewed,,,1587,g1560,0,1,,,none,psm_gt,,none,,
grape,1588,reviewed_260916,reviewed_260916,keep,,,reviewed,,,1588,g1561,0,1,,,none,psm_gt,,none,,
grape,1589,reviewed_260916,reviewed_260916,keep,,,reviewed,,,1589,g1562,0,1,,,none,psm_gt,,none,,
grape,1590,reviewed_260916,reviewed_260916,keep,,,reviewed,,,1590,g1563,0,1,,,none,psm_gt,,none,,
grape,1591,reviewed_260916,reviewed_260916,keep,,,reviewed,,,1591,g1564,0,1,,,none,psm_gt,,none,,
grape,1592,reviewed_260916,reviewed_260916,keep,,,reviewed,,,1592,g1565,0,1,,,none,psm_gt,,none,,
grape,1593,reviewed_260916,reviewed_260916,keep,,,reviewed,,,1593,g1566,0,1,,,none,psm_gt,,none,,
grape,1594,reviewed_260916,reviewed_260916,keep,,,reviewed,,,1594,g1567,0,1,,,none,psm_gt,,none,,
grape,1595,reviewed_260916,reviewed_260916,keep,,,reviewed,,,1595,g1568,0,1,,,none,psm_gt,,none,,
grape,1596,reviewed_260916,reviewed_260916,keep,,,reviewed,,,1596,g1569,0,1,,,none,psm_gt,,none,,
grape,1597,reviewed_260916,reviewed_260916,keep,,,reviewed,,,1597,g1570,0,1,,,none,psm_gt,,none,,
grape,1598,reviewed_260916,reviewed_260916,keep,,,reviewed,,,1598,g1571,0,1,,,none,psm_gt,,none,,
grape,1599,reviewed_260916,reviewed_260916,keep,,,reviewed,,,1599,g1572,0,1,,,none,psm_gt,,none,,
grape,1600,reviewed_260916,reviewed_260916,keep,,,reviewed,,,1600,g1573,0,1,,,none,psm_gt,,none,,
grape,1601,reviewed_260916,reviewed_260916,keep,,,reviewed,,,1601,g1574,0,1,,,none,psm_gt,,none,,
grape,1602,reviewed_260916,reviewed_260916,keep,,,reviewed,,,1602,g1575,0,1,,,none,psm_gt,,none,,
grape,1603,reviewed_260916,reviewed_260916,keep,,,reviewed,,,1603,g1576,0,1,,,none,psm_gt,,none,,
grape,1604,reviewed_260916,reviewed_260916,keep,,,reviewed,,,1604,g1577,0,1,,,none,psm_gt,,none,,
grape,1605,reviewed_260916,reviewed_260916,keep,,,reviewed,,,1605,g1578,0,1,,,none,psm_gt,,none,,
grape,1606,reviewed_260916,reviewed_260916,keep,,,reviewed,,,1606,g1579,0,1,,,none,psm_gt,,none,,
grape,1607,reviewed_260916,reviewed_260916,keep,,,reviewed,,,1607,g1580,0,1,,,none,psm_gt,,none,,
grape,1608,reviewed_260916,reviewed_260916,keep,,,reviewed,,,1608,g1581,0,1,,,none,psm_gt,,none,,
grape,1609,reviewed_260916,reviewed_260916,keep,,,reviewed,,,1609,g1582,0,1,,,none,psm_gt,,none,,
grape,1610,reviewed_260916,reviewed_260916,keep,,,reviewed,,,1610,g1583,0,1,,,none,psm_gt,,none,,
grape,1611,reviewed_260916,reviewed_260916,keep,,,reviewed,,,1611,g1584,0,1,,,none,psm_gt,,none,,
grape,1612,reviewed_260916,reviewed_260916,keep,,,reviewed,,,1612,g1585,0,1,,,none,psm_gt,,none,,
grape,1613,reviewed_260916,reviewed_260916,keep,,,reviewed,,,1613,g1586,0,1,,,none,psm_gt,,none,,
grape,1614,reviewed_260916,reviewed_260916,keep,,,reviewed,,,1614,g1587,0,1,,,none,psm_gt,,none,,
grape,1615,reviewed_260916,reviewed_260916,keep,,,reviewed,,,1615,g0547,0,1,,,none,psm_gt,,none,,
grape,1616,reviewed_260916,reviewed_260916,keep,,,reviewed,,,1616,g1588,0,1,,,none,psm_gt,,none,,
grape,1617,reviewed_260916,reviewed_260916,keep,,,reviewed,,,1617,g1589,0,1,,,none,psm_gt,,none,,
grape,1618,reviewed_260916,reviewed_260916,keep,,,reviewed,,,1618,g1590,0,1,,,none,psm_gt,,none,,
grape,1619,reviewed_260916,reviewed_260916,keep,,,reviewed,,,1619,g1591,0,1,,,none,psm_gt,,none,,
grape,1620,reviewed_260916,reviewed_260916,keep,,,reviewed,,,1620,g1592,0,1,,,none,psm_gt,,none,,
grape,1621,reviewed_260916,reviewed_260916,keep,,,reviewed,,,1621,g1593,0,1,,,none,psm_gt,,none,,
grape,1622,reviewed_260916,reviewed_260916,keep,,,reviewed,,,1622,g1594,0,1,,,none,psm_gt,,none,,
grape,1623,reviewed_260916,reviewed_260916,keep,,,reviewed,,,1623,g1595,0,1,,,none,psm_gt,,none,,
grape,1624,reviewed_260916,reviewed_260916,keep,,,reviewed,,,1624,g1596,0,1,,,none,psm_gt,,none,,
grape,1625,reviewed_260916,reviewed_260916,keep,,,reviewed,,,1625,g1597,0,1,,,none,psm_gt,,none,,
grape,1626,reviewed_260916,reviewed_260916,keep,,,reviewed,,,1626,g1598,0,1,,,none,psm_gt,,none,,
grape,1627,reviewed_260916,reviewed_260916,keep,,,reviewed,,,1627,g1599,0,1,,,none,psm_gt,,none,,
grape,1628,reviewed_260916,reviewed_260916,keep,,,reviewed,,,1628,g1600,0,1,,,none,psm_gt,,none,,
grape,1629,reviewed_260916,reviewed_260916,keep,,,reviewed,,,1629,g1601,0,1,,,none,psm_gt,,none,,
grape,1630,reviewed_260916,reviewed_260916,keep,,,reviewed,,,1630,g1602,0,1,,,none,psm_gt,,none,,
grape,1631,reviewed_260916,reviewed_260916,keep,,,reviewed,,,1631,g1603,0,1,,,none,psm_gt,,none,,
grape,1632,reviewed_260916,reviewed_260916,keep,,,reviewed,,,1632,g1604,0,1,,,none,psm_gt,,none,,
grape,1633,reviewed_260916,reviewed_260916,keep,,,reviewed,,,1633,g1605,0,1,,,none,psm_gt,,none,,
grape,1634,reviewed_260916,reviewed_260916,keep,,,reviewed,,,1634,g1606,0,1,,,none,psm_gt,,none,,
grape,1635,reviewed_260916,reviewed_260916,keep,,,reviewed,,,1635,g1607,0,1,,,none,psm_gt,,none,,
grape,1636,reviewed_260916,reviewed_260916,keep,,,reviewed,,,1636,g1608,0,1,,,none,psm_gt,,none,,
grape,1637,reviewed_260916,reviewed_260916,keep,,,reviewed,,,1637,g1609,0,1,,,none,psm_gt,,none,,
grape,1638,reviewed_260916,reviewed_260916,keep,,,reviewed,,,1638,g1610,0,1,,,none,psm_gt,,none,,
grape,1639,reviewed_260916,reviewed_260916,keep,,,reviewed,,,1639,g1611,0,1,,,none,psm_gt,,none,,
grape,1640,reviewed_260916,reviewed_260916,keep,,,reviewed,,,1640,g1612,0,1,,,none,psm_gt,,none,,
grape,1641,reviewed_260916,reviewed_260916,keep,,,reviewed,,,1641,g1613,0,1,,,none,psm_gt,,none,,
grape,1642,reviewed_260916,reviewed_260916,keep,,,reviewed,,,1642,g1614,0,1,,,none,psm_gt,,none,,
grape,1643,reviewed_260916,reviewed_260916,keep,,,reviewed,,,1643,g1615,0,1,,,none,psm_gt,,none,,
grape,1644,reviewed_260916,reviewed_260916,keep,,,reviewed,,,1644,g1616,0,1,,,none,psm_gt,,none,,
grape,1645,reviewed_260916,reviewed_260916,keep,,,reviewed,,,1645,g1617,0,1,,,none,psm_gt,,none,,
grape,1646,reviewed_260916,reviewed_260916,keep,,,reviewed,,,1646,g1618,0,1,,,none,psm_gt,,none,,
grape,1647,reviewed_260916,reviewed_260916,keep,,,reviewed,,,1647,g1619,0,1,,,none,psm_gt,,none,,
grape,1648,reviewed_260916,reviewed_260916,keep,,,reviewed,,,1648,g1620,0,1,,,none,psm_gt,,none,,
grape,1649,reviewed_260916,reviewed_260916,keep,,,reviewed,,,1649,g1621,0,1,,,none,psm_gt,,none,,
grape,1650,reviewed_260916,reviewed_260916,keep,,,reviewed,,,1650,g1622,0,1,,,none,psm_gt,,none,,
grape,1651,reviewed_260916,reviewed_260916,keep,,,reviewed,,,1651,g1623,0,1,,,none,psm_gt,,none,,
grape,1652,reviewed_260916,reviewed_260916,keep,,,reviewed,,,1652,g1624,0,1,,,none,psm_gt,,none,,
grape,1653,reviewed_260916,reviewed_260916,keep,,,reviewed,,,1653,g1625,0,1,,,none,psm_gt,,none,,
grape,1654,reviewed_260916,reviewed_260916,keep,,,reviewed,,,1654,g1626,0,1,,,none,psm_gt,,none,,
grape,1655,reviewed_260916,reviewed_260916,keep,,,reviewed,,,1655,g1627,0,1,,,none,psm_gt,,none,,
grape,1656,reviewed_260916,reviewed_260916,keep,,,reviewed,,,1656,g1628,0,1,,,none,psm_gt,,none,,
grape,1657,reviewed_260916,reviewed_260916,keep,,,reviewed,,,1657,g1629,0,1,,,none,psm_gt,,none,,
grape,1658,-,-,excluded_duplicate,reviewed_duplicate,근접 중복(대표 1973 만 남김),ai,,,1658,g1630,0,0,,,none,none,,none,,
grape,1659,reviewed_260916,reviewed_260916,keep,,dice 0.95 — 라벨된 송이 자체는 정확(규칙 판정). 다만 라벨 안 된 다른 송이가 있을 수 있음,reviewed,,,1659,g1631,0,1,,,none,psm_gt,,none,,
grape,1660,reviewed_260916,reviewed_260916,keep,,,reviewed,,,1660,g1632,0,1,,,none,psm_gt,,none,,
grape,1661,reviewed_260916,reviewed_260916,keep,,,reviewed,,,1661,g0446,0,1,,,none,psm_gt,,none,,
grape,1662,reviewed_260916,reviewed_260916,keep,,,reviewed,,,1662,g1633,0,1,,,none,psm_gt,,none,,
grape,1663,reviewed_260916,reviewed_260916,keep,,,reviewed,,,1663,g1634,0,1,,,none,psm_gt,,none,,
grape,1664,reviewed_260916,reviewed_260916,keep,,,reviewed,,,1664,g1635,0,1,,,none,psm_gt,,none,,
grape,1665,reviewed_260916,reviewed_260916,keep,,,reviewed,,,1665,g1636,0,1,,,none,psm_gt,,none,,
grape,1666,reviewed_260916,reviewed_260916,keep,,,reviewed,,,1666,g1637,0,1,,,none,psm_gt,,none,,
grape,1667,reviewed_260916,reviewed_260916,keep,,,reviewed,,,1667,g1638,0,1,,,none,psm_gt,,none,,
grape,1668,reviewed_260916,reviewed_260916,keep,,,reviewed,,,1668,g1639,0,1,,,none,psm_gt,,none,,
grape,1669,reviewed_260916,reviewed_260916,keep,,,reviewed,,,1669,g1640,0,1,,,none,psm_gt,,none,,
grape,1670,reviewed_260916,reviewed_260916,keep,,,reviewed,,,1670,g1641,0,1,,,none,psm_gt,,none,,
grape,1671,-,-,excluded_duplicate,reviewed_duplicate,근접 중복(대표 481 만 남김),ai,,,1671,g0480,0,0,,,none,none,,none,,
grape,1672,reviewed_260916,reviewed_260916,keep,,,reviewed,,,1672,g1642,0,1,,,none,psm_gt,,none,,
grape,1673,reviewed_260916,reviewed_260916,keep,,,reviewed,,,1673,g0481,0,1,,,none,psm_gt,,none,,
grape,1674,reviewed_260916,reviewed_260916,keep,,,reviewed,,,1674,g1643,0,1,,,none,psm_gt,,none,,
grape,1675,reviewed_260916,reviewed_260916,keep,,,reviewed,,,1675,g1644,0,1,,,none,psm_gt,,none,,
grape,1676,reviewed_260916,reviewed_260916,keep,,,reviewed,,,1676,g1645,0,1,,,none,psm_gt,,none,,
grape,1677,reviewed_260916,reviewed_260916,keep,,,reviewed,,,1677,g1646,0,1,,,none,psm_gt,,none,,
grape,1678,reviewed_260916,reviewed_260916,keep,,,reviewed,,,1678,g1647,0,1,,,none,psm_gt,,none,,
grape,1679,reviewed_260916,reviewed_260916,keep,,,reviewed,,,1679,g1648,0,1,,,none,psm_gt,,none,,
grape,1680,reviewed_260916,reviewed_260916,keep,,,reviewed,,,1680,g1649,0,1,,,none,psm_gt,,none,,
grape,1681,reviewed_260916,reviewed_260916,keep,,,reviewed,,,1681,g1650,0,1,,,none,psm_gt,,none,,
grape,1682,reviewed_260916,reviewed_260916,keep,,,reviewed,,,1682,g1651,0,1,,,none,psm_gt,,none,,
grape,1683,reviewed_260916,reviewed_260916,keep,,,reviewed,,,1683,g1652,0,1,,,none,psm_gt,,none,,
grape,1684,reviewed_260916,reviewed_260916,keep,,,reviewed,,,1684,g1653,0,1,,,none,psm_gt,,none,,
grape,1685,reviewed_260916,reviewed_260916,keep,,,reviewed,,,1685,g1654,0,1,,,none,psm_gt,,none,,
grape,1686,reviewed_260916,reviewed_260916,keep,,,reviewed,,,1686,g1655,0,1,,,none,psm_gt,,none,,
grape,1687,reviewed_260916,reviewed_260916,keep,,,reviewed,,,1687,g1656,0,1,,,none,psm_gt,,none,,
grape,1688,reviewed_260916,reviewed_260916,keep,,,reviewed,,,1688,g1657,0,1,,,none,psm_gt,,none,,
grape,1689,reviewed_260916,reviewed_260916,keep,,,reviewed,,,1689,g1658,0,1,,,none,psm_gt,,none,,
grape,1690,reviewed_260916,reviewed_260916,keep,,,reviewed,,,1690,g1659,0,1,,,none,psm_gt,,none,,
grape,1691,reviewed_260916,reviewed_260916,keep,,,reviewed,,,1691,g1660,0,1,,,none,psm_gt,,none,,
grape,1692,reviewed_260916,reviewed_260916,keep,,,reviewed,,,1692,g1661,0,1,,,none,psm_gt,,none,,
grape,1693,reviewed_260916,reviewed_260916,keep,,,reviewed,,,1693,g1662,0,1,,,none,psm_gt,,none,,
grape,1694,reviewed_260916,reviewed_260916,keep,,,reviewed,,,1694,g1663,0,1,,,none,psm_gt,,none,,
grape,1695,reviewed_260916,reviewed_260916,keep,,,reviewed,,,1695,g1664,0,1,,,none,psm_gt,,none,,
grape,1696,reviewed_260916,reviewed_260916,keep,,,reviewed,,,1696,g1665,0,1,,,none,psm_gt,,none,,
grape,1697,reviewed_260916,reviewed_260916,keep,,,reviewed,,,1697,g1666,0,1,,,none,psm_gt,,none,,
grape,1698,reviewed_260916,reviewed_260916,keep,,,reviewed,,,1698,g1667,0,1,,,none,psm_gt,,none,,
grape,1699,reviewed_260916,reviewed_260916,keep,,,reviewed,,,1699,g1668,0,1,,,none,psm_gt,,none,,
grape,1700,reviewed_260916,reviewed_260916,keep,,,reviewed,,,1700,g1669,0,1,,,none,psm_gt,,none,,bottom_5pct_ratio
grape,1701,reviewed_260916,reviewed_260916,keep,,,reviewed,,,1701,g1670,0,1,,,none,psm_gt,,none,,
grape,1702,reviewed_260916,reviewed_260916,keep,,,reviewed,,,1702,g1671,0,1,,,none,psm_gt,,none,,
grape,1703,reviewed_260916,reviewed_260916,keep,,,reviewed,,,1703,g1672,0,1,,,none,psm_gt,,none,,
grape,1704,reviewed_260916,reviewed_260916,keep,,,reviewed,,,1704,g1673,0,1,,,none,psm_gt,,none,,
grape,1705,reviewed_260916,reviewed_260916,keep,,,reviewed,,,1705,g1674,0,1,,,none,psm_gt,,none,,
grape,1706,reviewed_260916,reviewed_260916,keep,,,reviewed,,,1706,g1675,0,1,,,none,psm_gt,,none,,
grape,1707,reviewed_260916,reviewed_260916,keep,,,reviewed,,,1707,g1676,0,1,,,none,psm_gt,,none,,
grape,1708,reviewed_260916,reviewed_260916,keep,,,reviewed,,,1708,g1677,0,1,,,none,psm_gt,,none,,
grape,1709,reviewed_260916,reviewed_260916,keep,,,reviewed,,,1709,g1678,0,1,,,none,psm_gt,,none,,
grape,1710,reviewed_260916,reviewed_260916,keep,,,reviewed,,,1710,g1679,0,1,,,none,psm_gt,,none,,
grape,1711,reviewed_260916,reviewed_260916,keep,,,reviewed,,,1711,g1680,0,1,,,none,psm_gt,,none,,
grape,1712,reviewed_260916,reviewed_260916,keep,,,reviewed,,,1712,g1681,0,1,,,none,psm_gt,,none,,
grape,1713,reviewed_260916,reviewed_260916,keep,,,reviewed,,,1713,g1682,0,1,,,none,psm_gt,,none,,
grape,1714,reviewed_260916,reviewed_260916,keep,,,reviewed,,,1714,g1683,0,1,,,none,psm_gt,,none,,
grape,1715,reviewed_260916,reviewed_260916,keep,,,reviewed,,,1715,g1684,0,1,,,none,psm_gt,,none,,
grape,1716,reviewed_260916,reviewed_260916,keep,,,reviewed,,,1716,g1685,0,1,,,none,psm_gt,,none,,
grape,1717,reviewed_260916,reviewed_260916,keep,,,reviewed,,,1717,g1686,0,1,,,none,psm_gt,,none,,
grape,1718,reviewed_260916,reviewed_260916,keep,,,reviewed,,,1718,g1687,0,1,,,none,psm_gt,,none,,
grape,1719,reviewed_260916,reviewed_260916,keep,,,reviewed,,,1719,g1688,0,1,,,none,psm_gt,,none,,
grape,1720,reviewed_260916,reviewed_260916,keep,,,reviewed,,,1720,g1689,0,1,,,none,psm_gt,,none,,
grape,1721,-,-,excluded_duplicate,reviewed_duplicate,근접 중복(대표 1669 만 남김),ai,,,1721,g1640,0,0,,,none,none,,none,,
grape,1722,reviewed_260916,reviewed_260916,keep,,,reviewed,,,1722,g1690,0,1,,,none,psm_gt,,none,,
grape,1723,reviewed_260916,reviewed_260916,keep,,,reviewed,,,1723,g1691,0,1,,,none,psm_gt,,none,,
grape,1724,reviewed_260916,reviewed_260916,keep,,,reviewed,,,1724,g1692,0,1,,,none,psm_gt,,none,,
grape,1725,reviewed_260916,reviewed_260916,keep,,,reviewed,,,1725,g1693,0,1,,,none,psm_gt,,none,,
grape,1726,reviewed_260916,reviewed_260916,keep,,,reviewed,,,1726,g1694,0,1,,,none,psm_gt,,none,,
grape,1727,reviewed_260916,reviewed_260916,keep,,,reviewed,,,1727,g1695,0,1,,,none,psm_gt,,none,,
grape,1728,reviewed_260916,reviewed_260916,keep,,,reviewed,,,1728,g1696,0,1,,,none,psm_gt,,none,,
grape,1729,reviewed_260916,reviewed_260916,keep,,,reviewed,,,1729,g1697,0,1,,,none,psm_gt,,none,,
grape,1730,reviewed_260916,reviewed_260916,keep,,,reviewed,,,1730,g1698,0,1,,,none,psm_gt,,none,,
grape,1731,reviewed_260916,reviewed_260916,keep,,,reviewed,,,1731,g1699,0,1,,,none,psm_gt,,none,,
grape,1732,reviewed_260916,reviewed_260916,keep,,,reviewed,,,1732,g1700,0,1,,,none,psm_gt,,none,,
grape,1733,reviewed_260916,reviewed_260916,keep,,,reviewed,,,1733,g1701,0,1,,,none,psm_gt,,none,,
grape,1734,reviewed_260916,reviewed_260916,keep,,,reviewed,,,1734,g1702,0,1,,,none,psm_gt,,none,,
grape,1735,reviewed_260916,reviewed_260916,keep,,,reviewed,,,1735,g1703,0,1,,,none,psm_gt,,none,,
grape,1736,reviewed_260916,reviewed_260916,needs_human,,[missing_bunch] dice 0.78 — 송이 일부만 라벨(규칙 판정),ai,,,1736,g1704,0,1,,,none,psm_gt,,none,,bottom_5pct_ratio
grape,1737,reviewed_260916,reviewed_260916,keep,,,reviewed,,,1737,g1705,0,1,,,none,psm_gt,,none,,
grape,1738,reviewed_260916,reviewed_260916,keep,,,reviewed,,,1738,g1706,0,1,,,none,psm_gt,,none,,
grape,1739,reviewed_260916,reviewed_260916,keep,,dice 0.83 — 라벨된 송이 자체는 정확(규칙 판정). 다만 라벨 안 된 다른 송이가 있을 수 있음,reviewed,,,1739,g1707,0,1,,,none,psm_gt,,none,,bottom_5pct_ratio
grape,1740,reviewed_260916,reviewed_260916,keep,,,reviewed,,,1740,g1708,0,1,,,none,psm_gt,,none,,
grape,1741,reviewed_260916,reviewed_260916,keep,,,reviewed,,,1741,g1709,0,1,,,none,psm_gt,,none,,
grape,1742,reviewed_260916,reviewed_260916,keep,,,reviewed,,,1742,g1710,0,1,,,none,psm_gt,,none,,
grape,1743,reviewed_260916,reviewed_260916,keep,,,reviewed,,,1743,g1711,0,1,,,none,psm_gt,,none,,
grape,1744,reviewed_260916,reviewed_260916,keep,,,reviewed,,,1744,g1712,0,1,,,none,psm_gt,,none,,
grape,1745,reviewed_260916,reviewed_260916,keep,,,reviewed,,,1745,g1713,0,1,,,none,psm_gt,,none,,
grape,1746,reviewed_260916,reviewed_260916,keep,,,reviewed,,,1746,g1714,0,1,,,none,psm_gt,,none,,bottom_5pct_ratio
grape,1747,reviewed_260916,reviewed_260916,keep,,,reviewed,,,1747,g1715,0,1,,,none,psm_gt,,none,,
grape,1748,reviewed_260916,reviewed_260916,keep,,,reviewed,,,1748,g1716,0,1,,,none,psm_gt,,none,,
grape,1749,reviewed_260916,reviewed_260916,keep,,,reviewed,,,1749,g1717,0,1,,,none,psm_gt,,none,,
grape,1750,reviewed_260916,reviewed_260916,keep,,,reviewed,,,1750,g1718,0,1,,,none,psm_gt,,none,,
grape,1751,reviewed_260916,reviewed_260916,keep,,,reviewed,,,1751,g1719,0,1,,,none,psm_gt,,none,,
grape,1752,reviewed_260916,reviewed_260916,keep,,,reviewed,,,1752,g1720,0,1,,,none,psm_gt,,none,,
grape,1753,reviewed_260916,reviewed_260916,keep,,,reviewed,,,1753,g1721,0,1,,,none,psm_gt,,none,,
grape,1754,reviewed_260916,reviewed_260916,keep,,,reviewed,,,1754,g1722,0,1,,,none,psm_gt,,none,,
grape,1755,reviewed_260916,reviewed_260916,keep,,,reviewed,,,1755,g1723,0,1,,,none,psm_gt,,none,,
grape,1756,reviewed_260916,reviewed_260916,keep,,,reviewed,,,1756,g1724,0,1,,,none,psm_gt,,none,,
grape,1757,reviewed_260916,reviewed_260916,keep,,,reviewed,,,1757,g1725,0,1,,,none,psm_gt,,none,,
grape,1758,reviewed_260916,reviewed_260916,keep,,,reviewed,,,1758,g1726,0,1,,,none,psm_gt,,none,,
grape,1759,reviewed_260916,reviewed_260916,keep,,,reviewed,,,1759,g1727,0,1,,,none,psm_gt,,none,,
grape,1760,reviewed_260916,reviewed_260916,keep,,,reviewed,,,1760,g1728,0,1,,,none,psm_gt,,none,,
grape,1761,-,-,excluded_duplicate,reviewed_duplicate,근접 중복(대표 1695 만 남김),ai,,,1761,g1664,0,0,,,none,none,,none,,
grape,1762,reviewed_260916,reviewed_260916,keep,,,reviewed,,,1762,g1729,0,1,,,none,psm_gt,,none,,
grape,1763,reviewed_260916,reviewed_260916,keep,,,reviewed,,,1763,g1730,0,1,,,none,psm_gt,,none,,
grape,1764,-,-,excluded_duplicate,reviewed_duplicate,근접 중복(대표 1696 만 남김),ai,,,1764,g1665,0,0,,,none,none,,none,,
grape,1765,reviewed_260916,reviewed_260916,keep,,,reviewed,,,1765,g1731,0,1,,,none,psm_gt,,none,,
grape,1766,-,-,excluded_duplicate,reviewed_duplicate,근접 중복(대표 1697 만 남김),ai,,,1766,g1666,0,0,,,none,none,,none,,
grape,1767,reviewed_260916,reviewed_260916,keep,,,reviewed,,,1767,g1732,0,1,,,none,psm_gt,,none,,
grape,1768,reviewed_260916,reviewed_260916,keep,,,reviewed,,,1768,g1733,0,1,,,none,psm_gt,,none,,
grape,1769,reviewed_260916,reviewed_260916,keep,,,reviewed,,,1769,g1734,0,1,,,none,psm_gt,,none,,bottom_5pct_ratio
grape,1770,reviewed_260916,reviewed_260916,keep,,,reviewed,,,1770,g1735,0,1,,,none,psm_gt,,none,,
grape,1771,reviewed_260916,reviewed_260916,keep,,,reviewed,,,1771,g1736,0,1,,,none,psm_gt,,none,,
grape,1772,reviewed_260916,reviewed_260916,keep,,,reviewed,,,1772,g1737,0,1,,,none,psm_gt,,none,,
grape,1773,-,-,excluded_duplicate,reviewed_duplicate,근접 중복(대표 1701 만 남김),ai,,,1773,g1670,0,0,,,none,none,,none,,
grape,1774,reviewed_260916,reviewed_260916,keep,,,reviewed,,,1774,g1738,0,1,,,none,psm_gt,,none,,
grape,1775,reviewed_260916,reviewed_260916,keep,,,reviewed,,,1775,g1739,0,1,,,none,psm_gt,,none,,
grape,1776,reviewed_260916,reviewed_260916,keep,,,reviewed,,,1776,g1740,0,1,,,none,psm_gt,,none,,
grape,1777,reviewed_260916,reviewed_260916,keep,,,reviewed,,,1777,g1741,0,1,,,none,psm_gt,,none,,
grape,1778,reviewed_260916,reviewed_260916,keep,,,reviewed,,,1778,g1742,0,1,,,none,psm_gt,,none,,
grape,1779,reviewed_260916,reviewed_260916,keep,,,reviewed,,,1779,g1743,0,1,,,none,psm_gt,,none,,
grape,1780,reviewed_260916,reviewed_260916,keep,,,reviewed,,,1780,g1744,0,1,,,none,psm_gt,,none,,
grape,1781,-,-,excluded_duplicate,reviewed_duplicate,근접 중복(대표 1709 만 남김),ai,,,1781,g1678,0,0,,,none,none,,none,,
grape,1782,reviewed_260916,reviewed_260916,keep,,,reviewed,,,1782,g1745,0,1,,,none,psm_gt,,none,,
grape,1783,reviewed_260916,reviewed_260916,keep,,,reviewed,,,1783,g1746,0,1,,,none,psm_gt,,none,,
grape,1784,reviewed_260916,reviewed_260916,keep,,,reviewed,,,1784,g1747,0,1,,,none,psm_gt,,none,,
grape,1785,reviewed_260916,reviewed_260916,keep,,,reviewed,,,1785,g1748,0,1,,,none,psm_gt,,none,,
grape,1786,reviewed_260916,reviewed_260916,keep,,,reviewed,,,1786,g1749,0,1,,,none,psm_gt,,none,,
grape,1787,reviewed_260916,reviewed_260916,keep,,,reviewed,,,1787,g1750,0,1,,,none,psm_gt,,none,,
grape,1788,reviewed_260916,reviewed_260916,keep,,,reviewed,,,1788,g1751,0,1,,,none,psm_gt,,none,,
grape,1789,reviewed_260916,reviewed_260916,keep,,,reviewed,,,1789,g1752,0,1,,,none,psm_gt,,none,,
grape,1790,reviewed_260916,reviewed_260916,keep,,,reviewed,,,1790,g1753,0,1,,,none,psm_gt,,none,,
grape,1791,reviewed_260916,reviewed_260916,keep,,,reviewed,,,1791,g1754,0,1,,,none,psm_gt,,none,,
grape,1792,reviewed_260916,reviewed_260916,keep,,,reviewed,,,1792,g1755,0,1,,,none,psm_gt,,none,,
grape,1793,reviewed_260916,reviewed_260916,keep,,,reviewed,,,1793,g1756,0,1,,,none,psm_gt,,none,,
grape,1794,reviewed_260916,reviewed_260916,keep,,dice 0.93 — 라벨된 송이 자체는 정확(규칙 판정). 다만 라벨 안 된 다른 송이가 있을 수 있음,reviewed,,,1794,g1757,0,1,,,none,psm_gt,,none,,
grape,1795,reviewed_260916,reviewed_260916,keep,,,reviewed,,,1795,g1758,0,1,,,none,psm_gt,,none,,
grape,1796,reviewed_260916,reviewed_260916,keep,,,reviewed,,,1796,g1759,0,1,,,none,psm_gt,,none,,
grape,1797,reviewed_260916,reviewed_260916,keep,,,reviewed,,,1797,g1760,0,1,,,none,psm_gt,,none,,
grape,1798,reviewed_260916,reviewed_260916,keep,,,reviewed,,,1798,g1761,0,1,,,none,psm_gt,,none,,
grape,1799,reviewed_260916,reviewed_260916,keep,,,reviewed,,,1799,g1762,0,1,,,none,psm_gt,,none,,
grape,1800,reviewed_260916,reviewed_260916,keep,,,reviewed,,,1800,g1763,0,1,,,none,psm_gt,,none,,
grape,1801,reviewed_260916,reviewed_260916,keep,,,reviewed,,,1801,g1764,0,1,,,none,psm_gt,,none,,
grape,1802,reviewed_260916,reviewed_260916,keep,,,reviewed,,,1802,g1765,0,1,,,none,psm_gt,,none,,
grape,1803,reviewed_260916,reviewed_260916,keep,,,reviewed,,,1803,g1766,0,1,,,none,psm_gt,,none,,
grape,1804,reviewed_260916,reviewed_260916,keep,,,reviewed,,,1804,g1767,0,1,,,none,psm_gt,,none,,
grape,1805,reviewed_260916,reviewed_260916,needs_human,,[missing_bunch] dice 0.73 — 송이 일부만 라벨(규칙 판정),ai,,,1805,g1768,0,1,,,none,psm_gt,,none,,
grape,1806,reviewed_260916,reviewed_260916,keep,,,reviewed,,,1806,g1769,0,1,,,none,psm_gt,,none,,
grape,1807,reviewed_260916,reviewed_260916,keep,,,reviewed,,,1807,g1770,0,1,,,none,psm_gt,,none,,
grape,1808,reviewed_260916,reviewed_260916,keep,,,reviewed,,,1808,g1771,0,1,,,none,psm_gt,,none,,
grape,1809,reviewed_260916,reviewed_260916,keep,,,reviewed,,,1809,g1772,0,1,,,none,psm_gt,,none,,
grape,1810,reviewed_260916,reviewed_260916,keep,,,reviewed,,,1810,g1773,0,1,,,none,psm_gt,,none,,
grape,1811,reviewed_260916,reviewed_260916,keep,,,reviewed,,,1811,g1774,0,1,,,none,psm_gt,,none,,
grape,1812,-,-,excluded_duplicate,reviewed_duplicate,근접 중복(대표 1508 만 남김),ai,,,1812,g1481,0,0,,,none,none,,none,,
grape,1813,-,-,excluded_duplicate,reviewed_duplicate,근접 중복(대표 1509 만 남김),ai,,,1813,g1482,0,0,,,none,none,,none,,
grape,1814,reviewed_260916,reviewed_260916,keep,,,reviewed,,,1814,g1775,0,1,,,none,psm_gt,,none,,
grape,1815,reviewed_260916,reviewed_260916,keep,,,reviewed,,,1815,g1776,0,1,,,none,psm_gt,,none,,
grape,1816,reviewed_260916,reviewed_260916,keep,,,reviewed,,,1816,g1777,0,1,,,none,psm_gt,,none,,
grape,1817,-,-,excluded_duplicate,reviewed_duplicate,근접 중복(대표 1876 만 남김),ai,,,1817,g1778,0,0,,,none,none,,none,,
grape,1818,reviewed_260916,reviewed_260916,keep,,,reviewed,,,1818,g1779,0,1,,,none,psm_gt,,none,,
grape,1819,reviewed_260916,reviewed_260916,keep,,,reviewed,,,1819,g1780,0,1,,,none,psm_gt,,none,,
grape,1820,reviewed_260916,reviewed_260916,keep,,,reviewed,,,1820,g1781,0,1,,,none,psm_gt,,none,,
grape,1821,reviewed_260916,reviewed_260916,keep,,,reviewed,,,1821,g1782,0,1,,,none,psm_gt,,none,,
grape,1822,reviewed_260916,reviewed_260916,keep,,,reviewed,,,1822,g1783,0,1,,,none,psm_gt,,none,,bottom_5pct_ratio
grape,1823,reviewed_260916,reviewed_260916,keep,,,reviewed,,,1823,g1784,0,1,,,none,psm_gt,,none,,bottom_5pct_ratio
grape,1824,reviewed_260916,reviewed_260916,keep,,,reviewed,,,1824,g1785,0,1,,,none,psm_gt,,none,,
grape,1825,reviewed_260916,reviewed_260916,keep,,,reviewed,,,1825,g1786,0,1,,,none,psm_gt,,none,,bottom_5pct_ratio
grape,1826,reviewed_260916,reviewed_260916,needs_human,,[missing_bunch] dice 0.75 — 송이 일부만 라벨(규칙 판정),ai,,,1826,g1787,0,1,,,none,psm_gt,,none,,bottom_5pct_ratio
grape,1827,reviewed_260916,reviewed_260916,keep,,,reviewed,,,1827,g1788,0,1,,,none,psm_gt,,none,,bottom_5pct_ratio
grape,1828,reviewed_260916,reviewed_260916,keep,,,reviewed,,,1828,g1789,0,1,,,none,psm_gt,,none,,bottom_5pct_ratio
grape,1829,reviewed_260916,reviewed_260916,keep,,,reviewed,,,1829,g1790,0,1,,,none,psm_gt,,none,,bottom_5pct_ratio
grape,1830,reviewed_260916,reviewed_260916,keep,,,reviewed,,,1830,g1791,0,1,,,none,psm_gt,,none,,
grape,1831,reviewed_260916,reviewed_260916,keep,,,reviewed,,,1831,g1792,0,1,,,none,psm_gt,,none,,bottom_5pct_ratio
grape,1832,reviewed_260916,reviewed_260916,keep,,,reviewed,,,1832,g1793,0,1,,,none,psm_gt,,none,,
grape,1833,reviewed_260916,reviewed_260916,keep,,,reviewed,,,1833,g1794,0,1,,,none,psm_gt,,none,,
grape,1834,reviewed_260916,reviewed_260916,keep,,,reviewed,,,1834,g1795,0,1,,,none,psm_gt,,none,,
grape,1835,reviewed_260916,reviewed_260916,keep,,,reviewed,,,1835,g1796,0,1,,,none,psm_gt,,none,,
grape,1836,reviewed_260916,reviewed_260916,keep,,,reviewed,,,1836,g1797,0,1,,,none,psm_gt,,none,,
grape,1837,reviewed_260916,reviewed_260916,keep,,,reviewed,,,1837,g1798,0,1,,,none,psm_gt,,none,,
grape,1838,reviewed_260916,reviewed_260916,keep,,,reviewed,,,1838,g1799,0,1,,,none,psm_gt,,none,,
grape,1839,reviewed_260916,reviewed_260916,keep,,,reviewed,,,1839,g1800,0,1,,,none,psm_gt,,none,,
grape,1840,reviewed_260916,reviewed_260916,keep,,,reviewed,,,1840,g1801,0,1,,,none,psm_gt,,none,,
grape,1841,reviewed_260916,reviewed_260916,keep,,,reviewed,,,1841,g1802,0,1,,,none,psm_gt,,none,,
grape,1842,reviewed_260916,reviewed_260916,keep,,,reviewed,,,1842,g1803,0,1,,,none,psm_gt,,none,,
grape,1843,-,-,excluded_duplicate,reviewed_duplicate,근접 중복(대표 301 만 남김),ai,,,1843,g0300,0,0,,,none,none,,none,,
grape,1844,reviewed_260916,reviewed_260916,keep,,,reviewed,,,1844,g1804,0,1,,,none,psm_gt,,none,,
grape,1845,reviewed_260916,reviewed_260916,keep,,,reviewed,,,1845,g1805,0,1,,,none,psm_gt,,none,,
grape,1846,reviewed_260916,reviewed_260916,keep,,,reviewed,,,1846,g0750,0,1,,,none,psm_gt,,none,,
grape,1847,reviewed_260916,reviewed_260916,keep,,,reviewed,,,1847,g1806,0,1,,,none,psm_gt,,none,,
grape,1848,reviewed_260916,reviewed_260916,keep,,,reviewed,,,1848,g1807,0,1,,,none,psm_gt,,none,,
grape,1849,reviewed_260916,reviewed_260916,keep,,dice 0.98 — 라벨된 송이 자체는 정확(규칙 판정). 다만 라벨 안 된 다른 송이가 있을 수 있음,reviewed,,,1849,g1808,0,1,,,none,psm_gt,,none,,
grape,1850,reviewed_260916,reviewed_260916,keep,,,reviewed,,,1850,g0773,0,1,,,none,psm_gt,,none,,
grape,1851,reviewed_260916,reviewed_260916,keep,,,reviewed,,,1851,g1809,0,1,,,none,psm_gt,,none,,
grape,1852,reviewed_260916,reviewed_260916,keep,,,reviewed,,,1852,g1810,0,1,,,none,psm_gt,,none,,
grape,1853,reviewed_260916,reviewed_260916,keep,,,reviewed,,,1853,g1811,0,1,,,none,psm_gt,,none,,
grape,1854,reviewed_260916,reviewed_260916,keep,,,reviewed,,,1854,g1812,0,1,,,none,psm_gt,,none,,
grape,1855,reviewed_260916,reviewed_260916,keep,,,reviewed,,,1855,g1813,0,1,,,none,psm_gt,,none,,
grape,1856,reviewed_260916,reviewed_260916,keep,,,reviewed,,,1856,g1814,0,1,,,none,psm_gt,,none,,
grape,1857,reviewed_260916,reviewed_260916,keep,,,reviewed,,,1857,g1815,0,1,,,none,psm_gt,,none,,
grape,1858,reviewed_260916,reviewed_260916,keep,,,reviewed,,,1858,g1816,0,1,,,none,psm_gt,,none,,
grape,1859,reviewed_260916,reviewed_260916,keep,,,reviewed,,,1859,g1817,0,1,,,none,psm_gt,,none,,
grape,1860,reviewed_260916,reviewed_260916,keep,,,reviewed,,,1860,g1818,0,1,,,none,psm_gt,,none,,
grape,1861,reviewed_260916,reviewed_260916,keep,,,reviewed,,,1861,g1819,0,1,,,none,psm_gt,,none,,
grape,1862,reviewed_260916,reviewed_260916,keep,,,reviewed,,,1862,g1820,0,1,,,none,psm_gt,,none,,
grape,1863,reviewed_260916,reviewed_260916,keep,,,reviewed,,,1863,g1821,0,1,,,none,psm_gt,,none,,
grape,1864,reviewed_260916,reviewed_260916,keep,,,reviewed,,,1864,g1822,0,1,,,none,psm_gt,,none,,
grape,1865,reviewed_260916,reviewed_260916,keep,,,reviewed,,,1865,g1823,0,1,,,none,psm_gt,,none,,
grape,1866,-,-,excluded_duplicate,reviewed_duplicate,근접 중복(대표 1803 만 남김),ai,,,1866,g1766,0,0,,,none,none,,none,,
grape,1867,reviewed_260916,reviewed_260916,keep,,,reviewed,,,1867,g1824,0,1,,,none,psm_gt,,none,,
grape,1868,reviewed_260916,reviewed_260916,keep,,,reviewed,,,1868,g1825,0,1,,,none,psm_gt,,none,,bottom_5pct_ratio
grape,1869,reviewed_260916,reviewed_260916,keep,,,reviewed,,,1869,g1826,0,1,,,none,psm_gt,,none,,
grape,1870,reviewed_260916,reviewed_260916,keep,,,reviewed,,,1870,g1827,0,1,,,none,psm_gt,,none,,
grape,1871,reviewed_260916,reviewed_260916,keep,,,reviewed,,,1871,g1828,0,1,,,none,psm_gt,,none,,
grape,1872,reviewed_260916,reviewed_260916,keep,,,reviewed,,,1872,g1829,0,1,,,none,psm_gt,,none,,
grape,1873,reviewed_260916,reviewed_260916,keep,,,reviewed,,,1873,g1830,0,1,,,none,psm_gt,,none,,
grape,1874,reviewed_260916,reviewed_260916,keep,,,reviewed,,,1874,g1831,0,1,,,none,psm_gt,,none,,
grape,1875,reviewed_260916,reviewed_260916,keep,,,reviewed,,,1875,g1832,0,1,,,none,psm_gt,,none,,
grape,1876,reviewed_260916,reviewed_260916,keep,,,reviewed,,,1876,g1778,0,1,,,none,psm_gt,,none,,
grape,1877,reviewed_260916,reviewed_260916,keep,,,reviewed,,,1877,g1833,0,1,,,none,psm_gt,,none,,
grape,1878,reviewed_260916,reviewed_260916,keep,,,reviewed,,,1878,g1834,0,1,,,none,psm_gt,,none,,
grape,1879,reviewed_260916,reviewed_260916,keep,,,reviewed,,,1879,g1835,0,1,,,none,psm_gt,,none,,
grape,1880,reviewed_260916,reviewed_260916,keep,,,reviewed,,,1880,g1836,0,1,,,none,psm_gt,,none,,
grape,1881,reviewed_260916,reviewed_260916,keep,,,reviewed,,,1881,g1837,0,1,,,none,psm_gt,,none,,
grape,1882,reviewed_260916,reviewed_260916,keep,,,reviewed,,,1882,g1838,0,1,,,none,psm_gt,,none,,
grape,1883,reviewed_260916,reviewed_260916,keep,,,reviewed,,,1883,g1839,0,1,,,none,psm_gt,,none,,
grape,1884,reviewed_260916,reviewed_260916,keep,,,reviewed,,,1884,g1840,0,1,,,none,psm_gt,,none,,
grape,1885,reviewed_260916,reviewed_260916,keep,,,reviewed,,,1885,g1841,0,1,,,none,psm_gt,,none,,
grape,1886,reviewed_260916,reviewed_260916,keep,,,reviewed,,,1886,g1842,0,1,,,none,psm_gt,,none,,
grape,1887,reviewed_260916,reviewed_260916,keep,,,reviewed,,,1887,g1843,0,1,,,none,psm_gt,,none,,
grape,1888,reviewed_260916,reviewed_260916,keep,,,reviewed,,,1888,g1844,0,1,,,none,psm_gt,,none,,
grape,1889,reviewed_260916,reviewed_260916,keep,,,reviewed,,,1889,g1845,0,1,,,none,psm_gt,,none,,
grape,1890,reviewed_260916,reviewed_260916,keep,,,reviewed,,,1890,g1846,0,1,,,none,psm_gt,,none,,
grape,1891,reviewed_260916,reviewed_260916,keep,,,reviewed,,,1891,g1847,0,1,,,none,psm_gt,,none,,
grape,1892,-,-,excluded_duplicate,reviewed_duplicate,근접 중복(대표 300 만 남김),ai,,,1892,g0299,0,0,,,none,none,,none,,
grape,1893,reviewed_260916,reviewed_260916,keep,,,reviewed,,,1893,g1848,0,1,,,none,psm_gt,,none,,
grape,1894,reviewed_260916,reviewed_260916,keep,,,reviewed,,,1894,g1849,0,1,,,none,psm_gt,,none,,
grape,1895,reviewed_260916,reviewed_260916,keep,,,reviewed,,,1895,g1850,0,1,,,none,psm_gt,,none,,
grape,1896,reviewed_260916,reviewed_260916,keep,,,reviewed,,,1896,g1851,0,1,,,none,psm_gt,,none,,
grape,1897,reviewed_260916,reviewed_260916,keep,,,reviewed,,,1897,g0303,0,1,,,none,psm_gt,,none,,
grape,1898,reviewed_260916,reviewed_260916,keep,,,reviewed,,,1898,g1852,0,1,,,none,psm_gt,,none,,
grape,1899,reviewed_260916,reviewed_260916,keep,,,reviewed,,,1899,g1853,0,1,,,none,psm_gt,,none,,
grape,1900,-,-,excluded_duplicate,reviewed_duplicate,근접 중복(대표 307 만 남김),ai,,,1900,g0306,0,0,,,none,none,,none,,
grape,1901,reviewed_260916,reviewed_260916,keep,,,reviewed,,,1901,g1854,0,1,,,none,psm_gt,,none,,
grape,1902,reviewed_260916,reviewed_260916,keep,,,reviewed,,,1902,g1855,0,1,,,none,psm_gt,,none,,
grape,1903,-,-,excluded_duplicate,reviewed_duplicate,근접 중복(대표 311 만 남김),ai,,,1903,g0310,0,0,,,none,none,,none,,
grape,1904,reviewed_260916,reviewed_260916,keep,,,reviewed,,,1904,g1856,0,1,,,none,psm_gt,,none,,
grape,1905,reviewed_260916,reviewed_260916,keep,,,reviewed,,,1905,g1857,0,1,,,none,psm_gt,,none,,
grape,1906,reviewed_260916,reviewed_260916,keep,,,reviewed,,,1906,g1858,0,1,,,none,psm_gt,,none,,
grape,1907,reviewed_260916,reviewed_260916,keep,,,reviewed,,,1907,g1859,0,1,,,none,psm_gt,,none,,
grape,1908,reviewed_260916,reviewed_260916,keep,,,reviewed,,,1908,g1860,0,1,,,none,psm_gt,,none,,
grape,1909,reviewed_260916,reviewed_260916,keep,,,reviewed,,,1909,g0319,0,1,,,none,psm_gt,,none,,
grape,1910,reviewed_260916,reviewed_260916,keep,,,reviewed,,,1910,g1861,0,1,,,none,psm_gt,,none,,
grape,1911,reviewed_260916,reviewed_260916,keep,,,reviewed,,,1911,g1862,0,1,,,none,psm_gt,,none,,
grape,1912,reviewed_260916,reviewed_260916,keep,,,reviewed,,,1912,g1863,0,1,,,none,psm_gt,,none,,
grape,1913,reviewed_260916,reviewed_260916,keep,,,reviewed,,,1913,g1864,0,1,,,none,psm_gt,,none,,
grape,1914,reviewed_260916,reviewed_260916,keep,,,reviewed,,,1914,g1865,0,1,,,none,psm_gt,,none,,
grape,1915,reviewed_260916,reviewed_260916,keep,,,reviewed,,,1915,g1866,0,1,,,none,psm_gt,,none,,
grape,1916,reviewed_260916,reviewed_260916,keep,,,reviewed,,,1916,g1867,0,1,,,none,psm_gt,,none,,
grape,1917,reviewed_260916,reviewed_260916,keep,,,reviewed,,,1917,g1868,0,1,,,none,psm_gt,,none,,
grape,1918,reviewed_260916,reviewed_260916,keep,,,reviewed,,,1918,g1869,0,1,,,none,psm_gt,,none,,
grape,1919,reviewed_260916,reviewed_260916,keep,,,reviewed,,,1919,g1870,0,1,,,none,psm_gt,,none,,
grape,1920,-,-,excluded_duplicate,reviewed_duplicate,근접 중복(대표 340 만 남김),ai,,,1920,g0339,0,0,,,none,none,,none,,
grape,1921,reviewed_260916,reviewed_260916,keep,,,reviewed,,,1921,g1871,0,1,,,none,psm_gt,,none,,
grape,1922,reviewed_260916,reviewed_260916,keep,,,reviewed,,,1922,g1872,0,1,,,none,psm_gt,,none,,
grape,1923,reviewed_260916,reviewed_260916,keep,,,reviewed,,,1923,g1873,0,1,,,none,psm_gt,,none,,
grape,1924,reviewed_260916,reviewed_260916,keep,,,reviewed,,,1924,g1874,0,1,,,none,psm_gt,,none,,
grape,1925,reviewed_260916,reviewed_260916,keep,,,reviewed,,,1925,g1875,0,1,,,none,psm_gt,,none,,
grape,1926,reviewed_260916,reviewed_260916,keep,,,reviewed,,,1926,g0346,0,1,,,none,psm_gt,,none,,
grape,1927,reviewed_260916,reviewed_260916,keep,,,reviewed,,,1927,g1876,0,1,,,none,psm_gt,,none,,
grape,1928,reviewed_260916,reviewed_260916,keep,,,reviewed,,,1928,g1877,0,1,,,none,psm_gt,,none,,
grape,1929,reviewed_260916,reviewed_260916,keep,,,reviewed,,,1929,g1878,0,1,,,none,psm_gt,,none,,
grape,1930,reviewed_260916,reviewed_260916,keep,,,reviewed,,,1930,g1879,0,1,,,none,psm_gt,,none,,
grape,1931,reviewed_260916,reviewed_260916,keep,,,reviewed,,,1931,g1880,0,1,,,none,psm_gt,,none,,
grape,1932,reviewed_260916,reviewed_260916,keep,,,reviewed,,,1932,g1881,0,1,,,none,psm_gt,,none,,
grape,1933,reviewed_260916,reviewed_260916,keep,,,reviewed,,,1933,g1882,0,1,,,none,psm_gt,,none,,
grape,1934,reviewed_260916,reviewed_260916,keep,,,reviewed,,,1934,g1883,0,1,,,none,psm_gt,,none,,
grape,1935,reviewed_260916,reviewed_260916,keep,,,reviewed,,,1935,g1884,0,1,,,none,psm_gt,,none,,
grape,1936,-,-,excluded_duplicate,reviewed_duplicate,근접 중복(대표 365 만 남김),ai,,,1936,g0364,0,0,,,none,none,,none,,
grape,1937,reviewed_260916,reviewed_260916,keep,,,reviewed,,,1937,g1885,0,1,,,none,psm_gt,,none,,
grape,1938,reviewed_260916,reviewed_260916,keep,,,reviewed,,,1938,g1886,0,1,,,none,psm_gt,,none,,
grape,1939,reviewed_260916,reviewed_260916,keep,,,reviewed,,,1939,g1887,0,1,,,none,psm_gt,,none,,
grape,1940,reviewed_260916,reviewed_260916,keep,,,reviewed,,,1940,g1888,0,1,,,none,psm_gt,,none,,
grape,1941,reviewed_260916,reviewed_260916,keep,,,reviewed,,,1941,g1889,0,1,,,none,psm_gt,,none,,
grape,1942,reviewed_260916,reviewed_260916,keep,,,reviewed,,,1942,g1890,0,1,,,none,psm_gt,,none,,
grape,1943,-,-,excluded_duplicate,reviewed_duplicate,근접 중복(대표 374 만 남김),ai,,,1943,g0373,0,0,,,none,none,,none,,
grape,1944,reviewed_260916,reviewed_260916,keep,,,reviewed,,,1944,g1891,0,1,,,none,psm_gt,,none,,
grape,1945,reviewed_260916,reviewed_260916,keep,,,reviewed,,,1945,g1892,0,1,,,none,psm_gt,,none,,
grape,1946,reviewed_260916,reviewed_260916,keep,,,reviewed,,,1946,g1893,0,1,,,none,psm_gt,,none,,
grape,1947,reviewed_260916,reviewed_260916,keep,,,reviewed,,,1947,g1894,0,1,,,none,psm_gt,,none,,
grape,1948,reviewed_260916,reviewed_260916,keep,,,reviewed,,,1948,g1895,0,1,,,none,psm_gt,,none,,
grape,1949,reviewed_260916,reviewed_260916,keep,,,reviewed,,,1949,g1896,0,1,,,none,psm_gt,,none,,
grape,1950,reviewed_260916,reviewed_260916,keep,,,reviewed,,,1950,g1897,0,1,,,none,psm_gt,,none,,
grape,1951,reviewed_260916,reviewed_260916,keep,,,reviewed,,,1951,g1898,0,1,,,none,psm_gt,,none,,
grape,1952,reviewed_260916,reviewed_260916,keep,,,reviewed,,,1952,g1899,0,1,,,none,psm_gt,,none,,
grape,1953,reviewed_260916,reviewed_260916,keep,,,reviewed,,,1953,g1900,0,1,,,none,psm_gt,,none,,
grape,1954,reviewed_260916,reviewed_260916,keep,,,reviewed,,,1954,g1901,0,1,,,none,psm_gt,,none,,
grape,1955,reviewed_260916,reviewed_260916,keep,,,reviewed,,,1955,g1902,0,1,,,none,psm_gt,,none,,
grape,1956,reviewed_260916,reviewed_260916,keep,,,reviewed,,,1956,g1903,0,1,,,none,psm_gt,,none,,
grape,1957,reviewed_260916,reviewed_260916,keep,,,reviewed,,,1957,g1904,0,1,,,none,psm_gt,,none,,
grape,1958,reviewed_260916,reviewed_260916,keep,,,reviewed,,,1958,g1905,0,1,,,none,psm_gt,,none,,
grape,1959,reviewed_260916,reviewed_260916,keep,,,reviewed,,,1959,g1906,0,1,,,none,psm_gt,,none,,
grape,1960,reviewed_260916,reviewed_260916,keep,,,reviewed,,,1960,g1907,0,1,,,none,psm_gt,,none,,
grape,1961,reviewed_260916,reviewed_260916,keep,,,reviewed,,,1961,g1908,0,1,,,none,psm_gt,,none,,
grape,1962,reviewed_260916,reviewed_260916,keep,,,reviewed,,,1962,g1909,0,1,,,none,psm_gt,,none,,
grape,1963,reviewed_260916,reviewed_260916,keep,,,reviewed,,,1963,g1910,0,1,,,none,psm_gt,,none,,
grape,1964,reviewed_260916,reviewed_260916,keep,,,reviewed,,,1964,g1911,0,1,,,none,psm_gt,,none,,
grape,1965,reviewed_260916,reviewed_260916,keep,,,reviewed,,,1965,g1912,0,1,,,none,psm_gt,,none,,
grape,1966,reviewed_260916,reviewed_260916,keep,,,reviewed,,,1966,g1913,0,1,,,none,psm_gt,,none,,
grape,1967,reviewed_260916,reviewed_260916,keep,,,reviewed,,,1967,g1914,0,1,,,none,psm_gt,,none,,
grape,1968,reviewed_260916,reviewed_260916,keep,,,reviewed,,,1968,g1915,0,1,,,none,psm_gt,,none,,
grape,1969,reviewed_260916,reviewed_260916,keep,,,reviewed,,,1969,g1916,0,1,,,none,psm_gt,,none,,
grape,1970,reviewed_260916,reviewed_260916,keep,,,reviewed,,,1970,g1917,0,1,,,none,psm_gt,,none,,
grape,1971,reviewed_260916,reviewed_260916,keep,,,reviewed,,,1971,g1918,0,1,,,none,psm_gt,,none,,
grape,1972,reviewed_260916,reviewed_260916,keep,,,reviewed,,,1972,g1919,0,1,,,none,psm_gt,,none,,
grape,1973,reviewed_260916,reviewed_260916,keep,,,reviewed,,,1973,g1630,0,1,,,none,psm_gt,,none,,
grape,1974,reviewed_260916,reviewed_260916,keep,,,reviewed,,,1974,g1920,0,1,,,none,psm_gt,,none,,
grape,1975,reviewed_260916,reviewed_260916,keep,,,reviewed,,,1975,g1921,0,1,,,none,psm_gt,,none,,
grape,1976,reviewed_260916,reviewed_260916,keep,,,reviewed,,,1976,g1922,0,1,,,none,psm_gt,,none,,
grape,1977,reviewed_260916,reviewed_260916,keep,,,reviewed,,,1977,g1923,0,1,,,none,psm_gt,,none,,
grape,1978,reviewed_260916,reviewed_260916,keep,,,reviewed,,,1978,g1924,0,1,,,none,psm_gt,,none,,
grape,1979,reviewed_260916,reviewed_260916,keep,,,reviewed,,,1979,g1925,0,1,,,none,psm_gt,,none,,
grape,1980,reviewed_260916,reviewed_260916,keep,,,reviewed,,,1980,g1926,0,1,,,none,psm_gt,,none,,bottom_5pct_ratio
grape,1981,reviewed_260916,reviewed_260916,keep,,,reviewed,,,1981,g1927,0,1,,,none,psm_gt,,none,,bottom_5pct_ratio
grape,1982,reviewed_260916,reviewed_260916,keep,,,reviewed,,,1982,g1928,0,1,,,none,psm_gt,,none,,
grape,1983,reviewed_260916,reviewed_260916,keep,,,reviewed,,,1983,g1929,0,1,,,none,psm_gt,,none,,
grape,1984,reviewed_260916,reviewed_260916,keep,,,reviewed,,,1984,g1930,0,1,,,none,psm_gt,,none,,
grape,1985,reviewed_260916,reviewed_260916,keep,,,reviewed,,,1985,g1931,0,1,,,none,psm_gt,,none,,
grape,1986,reviewed_260916,reviewed_260916,keep,,,reviewed,,,1986,g1932,0,1,,,none,psm_gt,,none,,
grape,1987,reviewed_260916,reviewed_260916,keep,,,reviewed,,,1987,g1933,0,1,,,none,psm_gt,,none,,
grape,1988,reviewed_260916,reviewed_260916,keep,,,reviewed,,,1988,g1934,0,1,,,none,psm_gt,,none,,
grape,1989,reviewed_260916,reviewed_260916,keep,,,reviewed,,,1989,g1935,0,1,,,none,psm_gt,,none,,
grape,1990,reviewed_260916,reviewed_260916,keep,,,reviewed,,,1990,g1936,0,1,,,none,psm_gt,,none,,
grape,1991,reviewed_260916,reviewed_260916,keep,,,reviewed,,,1991,g1937,0,1,,,none,psm_gt,,none,,
grape,1992,reviewed_260916,reviewed_260916,keep,,,reviewed,,,1992,g1938,0,1,,,none,psm_gt,,none,,
grape,1993,reviewed_260916,reviewed_260916,keep,,,reviewed,,,1993,g1939,0,1,,,none,psm_gt,,none,,
grape,1994,reviewed_260916,reviewed_260916,keep,,,reviewed,,,1994,g1940,0,1,,,none,psm_gt,,none,,
grape,1995,reviewed_260916,reviewed_260916,keep,,,reviewed,,,1995,g1941,0,1,,,none,psm_gt,,none,,
grape,1996,reviewed_260916,reviewed_260916,keep,,,reviewed,,,1996,g1942,0,1,,,none,psm_gt,,none,,
grape,1997,reviewed_260916,reviewed_260916,keep,,,reviewed,,,1997,g0036,0,1,,,none,psm_gt,,none,,
grape,1998,reviewed_260916,reviewed_260916,keep,,,reviewed,,,1998,g1943,0,1,,,none,psm_gt,,none,,
grape,1999,reviewed_260916,reviewed_260916,keep,,,reviewed,,,1999,g1944,0,1,,,none,psm_gt,,none,,
grape,2000,reviewed_260916,reviewed_260916,keep,,dice 0.93 — 라벨된 송이 자체는 정확(규칙 판정). 다만 라벨 안 된 다른 송이가 있을 수 있음,reviewed,,,2000,g1945,0,1,,,none,psm_gt,,none,,
grape,2001,reviewed_260916,reviewed_260916,keep,,,reviewed,,,2001,g1946,0,1,,,none,psm_gt,,none,,
grape,2002,reviewed_260916,reviewed_260916,keep,,,reviewed,,,2002,g1947,0,1,,,none,psm_gt,,none,,
grape,2003,reviewed_260916,reviewed_260916,keep,,,reviewed,,,2003,g1948,0,1,,,none,psm_gt,,none,,
grape,2004,reviewed_260916,reviewed_260916,keep,,,reviewed,,,2004,g1949,0,1,,,none,psm_gt,,none,,
grape,2005,reviewed_260916,reviewed_260916,keep,,,reviewed,,,2005,g1950,0,1,,,none,psm_gt,,none,,
grape,2006,reviewed_260916,reviewed_260916,keep,,,reviewed,,,2006,g1951,0,1,,,none,psm_gt,,none,,
grape,2007,reviewed_260916,reviewed_260916,keep,,,reviewed,,,2007,g1952,0,1,,,none,psm_gt,,none,,
grape,2008,reviewed_260916,reviewed_260916,keep,,,reviewed,,,2008,g1953,0,1,,,none,psm_gt,,none,,
grape,2009,reviewed_260916,reviewed_260916,keep,,,reviewed,,,2009,g1954,0,1,,,none,psm_gt,,none,,
grape,2010,reviewed_260916,reviewed_260916,keep,,,reviewed,,,2010,g1955,0,1,,,none,psm_gt,,none,,
grape,2011,reviewed_260916,reviewed_260916,keep,,,reviewed,,,2011,g1956,0,1,,,none,psm_gt,,none,,
grape,2012,reviewed_260916,reviewed_260916,keep,,,reviewed,,,2012,g1957,0,1,,,none,psm_gt,,none,,
grape,2013,reviewed_260916,reviewed_260916,keep,,,reviewed,,,2013,g1958,0,1,,,none,psm_gt,,none,,
grape,2014,reviewed_260916,reviewed_260916,keep,,,reviewed,,,2014,g1959,0,1,,,none,psm_gt,,none,,
grape,2015,reviewed_260916,reviewed_260916,keep,,,reviewed,,,2015,g1960,0,1,,,none,psm_gt,,none,,
grape,2016,reviewed_260916,reviewed_260916,keep,,,reviewed,,,2016,g1961,0,1,,,none,psm_gt,,none,,
grape,2017,reviewed_260916,reviewed_260916,keep,,,reviewed,,,2017,g1962,0,1,,,none,psm_gt,,none,,
grape,2018,reviewed_260916,reviewed_260916,keep,,,reviewed,,,2018,g1963,0,1,,,none,psm_gt,,none,,
grape,2019,reviewed_260916,reviewed_260916,keep,,,reviewed,,,2019,g1964,0,1,,,none,psm_gt,,none,,
grape,2020,reviewed_260916,reviewed_260916,keep,,,reviewed,,,2020,g1965,0,1,,,none,psm_gt,,none,,
grape,2021,reviewed_260916,reviewed_260916,keep,,,reviewed,,,2021,g1966,0,1,,,none,psm_gt,,none,,
grape,2022,reviewed_260916,reviewed_260916,keep,,,reviewed,,,2022,g0056,0,1,,,none,psm_gt,,none,,
grape,2023,reviewed_260916,reviewed_260916,keep,,dice 0.85 — 라벨된 송이 자체는 정확(규칙 판정). 다만 라벨 안 된 다른 송이가 있을 수 있음,reviewed,,,2023,g1967,0,1,,,none,psm_gt,,none,,
grape,2024,reviewed_260916,reviewed_260916,keep,,,reviewed,,,2024,g1968,0,1,,,none,psm_gt,,none,,
grape,2025,-,-,excluded_duplicate,reviewed_duplicate,근접 중복(대표 148 만 남김),ai,,,2025,g0147,0,0,,,none,none,,none,,
grape,2026,reviewed_260916,reviewed_260916,keep,,,reviewed,,,2026,g1969,0,1,,,none,psm_gt,,none,,
grape,2027,reviewed_260916,reviewed_260916,keep,,,reviewed,,,2027,g1970,0,1,,,none,psm_gt,,none,,
grape,2028,reviewed_260916,reviewed_260916,keep,,,reviewed,,,2028,g1971,0,1,,,none,psm_gt,,none,,
grape,2029,reviewed_260916,reviewed_260916,keep,,,reviewed,,,2029,g1972,0,1,,,none,psm_gt,,none,,
grape,2030,reviewed_260916,reviewed_260916,keep,,,reviewed,,,2030,g0059,0,1,,,none,psm_gt,,none,,
grape,2031,reviewed_260916,reviewed_260916,keep,,,reviewed,,,2031,g0150,0,1,,,none,psm_gt,,none,,
grape,2032,reviewed_260916,reviewed_260916,keep,,,reviewed,,,2032,g1973,0,1,,,none,psm_gt,,none,,
grape,2033,reviewed_260916,reviewed_260916,keep,,,reviewed,,,2033,g1974,0,1,,,none,psm_gt,,none,,
grape,2034,reviewed_260916,reviewed_260916,keep,,,reviewed,,,2034,g1975,0,1,,,none,psm_gt,,none,,
grape,2035,reviewed_260916,reviewed_260916,keep,,,reviewed,,,2035,g1976,0,1,,,none,psm_gt,,none,,
grape,2036,reviewed_260916,reviewed_260916,keep,,,reviewed,,,2036,g1977,0,1,,,none,psm_gt,,none,,
grape,2037,reviewed_260916,reviewed_260916,keep,,,reviewed,,,2037,g1978,0,1,,,none,psm_gt,,none,,
grape,2038,reviewed_260916,reviewed_260916,keep,,,reviewed,,,2038,g1979,0,1,,,none,psm_gt,,none,,
grape,2039,reviewed_260916,reviewed_260916,keep,,,reviewed,,,2039,g1980,0,1,,,none,psm_gt,,none,,
grape,2040,reviewed_260916,reviewed_260916,keep,,,reviewed,,,2040,g0065,0,1,,,none,psm_gt,,none,,
grape,2041,reviewed_260916,reviewed_260916,keep,,,reviewed,,,2041,g1981,0,1,,,none,psm_gt,,none,,
grape,2042,reviewed_260916,reviewed_260916,keep,,,reviewed,,,2042,g1982,0,1,,,none,psm_gt,,none,,
grape,2043,reviewed_260916,reviewed_260916,keep,,,reviewed,,,2043,g1983,0,1,,,none,psm_gt,,none,,
grape,2044,reviewed_260916,reviewed_260916,keep,,,reviewed,,,2044,g1984,0,1,,,none,psm_gt,,none,,
grape,2045,reviewed_260916,reviewed_260916,keep,,,reviewed,,,2045,g1985,0,1,,,none,psm_gt,,none,,
grape,2046,reviewed_260916,reviewed_260916,keep,,,reviewed,,,2046,g0069,0,1,,,none,psm_gt,,none,,
grape,2047,reviewed_260916,reviewed_260916,keep,,,reviewed,,,2047,g0162,0,1,,,none,psm_gt,,none,,
grape,2048,reviewed_260916,reviewed_260916,keep,,,reviewed,,,2048,g1986,0,1,,,none,psm_gt,,none,,
grape,2049,reviewed_260916,reviewed_260916,keep,,,reviewed,,,2049,g1987,0,1,,,none,psm_gt,,none,,
grape,2050,reviewed_260916,reviewed_260916,keep,,,reviewed,,,2050,g1988,0,1,,,none,psm_gt,,none,,
grape,2051,reviewed_260916,reviewed_260916,keep,,,reviewed,,,2051,g1989,0,1,,,none,psm_gt,,none,,
grape,2052,reviewed_260916,reviewed_260916,keep,,,reviewed,,,2052,g1990,0,1,,,none,psm_gt,,none,,
grape,2053,reviewed_260916,reviewed_260916,keep,,,reviewed,,,2053,g1991,0,1,,,none,psm_gt,,none,,
grape,2054,reviewed_260916,reviewed_260916,keep,,,reviewed,,,2054,g1992,0,1,,,none,psm_gt,,none,,
grape,2055,-,-,excluded_duplicate,reviewed_duplicate,근접 중복(대표 76 만 남김),ai,,,2055,g0075,0,0,,,none,none,,none,,
grape,2056,reviewed_260916,reviewed_260916,keep,,,reviewed,,,2056,g1993,0,1,,,none,psm_gt,,none,,
grape,2057,reviewed_260916,reviewed_260916,keep,,,reviewed,,,2057,g1994,0,1,,,none,psm_gt,,none,,
grape,2058,reviewed_260916,reviewed_260916,keep,,,reviewed,,,2058,g1995,0,1,,,none,psm_gt,,none,,
grape,2059,reviewed_260916,reviewed_260916,keep,,,reviewed,,,2059,g1996,0,1,,,none,psm_gt,,none,,
grape,2060,reviewed_260916,reviewed_260916,keep,,,reviewed,,,2060,g1997,0,1,,,none,psm_gt,,none,,
grape,2061,-,-,excluded_duplicate,reviewed_duplicate,근접 중복(대표 171 만 남김),ai,,,2061,g0170,0,0,,,none,none,,none,,
grape,2062,-,-,excluded_duplicate,reviewed_duplicate,근접 중복(대표 173 만 남김),ai,,,2062,g0172,0,0,,,none,none,,none,,
grape,2063,reviewed_260916,reviewed_260916,keep,,,reviewed,,,2063,g1998,0,1,,,none,psm_gt,,none,,
grape,2064,reviewed_260916,reviewed_260916,keep,,,reviewed,,,2064,g0173,0,1,,,none,psm_gt,,none,,
grape,2065,reviewed_260916,reviewed_260916,keep,,,reviewed,,,2065,g1999,0,1,,,none,psm_gt,,none,,
grape,2066,reviewed_260916,reviewed_260916,keep,,,reviewed,,,2066,g2000,0,1,,,none,psm_gt,,none,,
grape,2067,reviewed_260916,reviewed_260916,keep,,,reviewed,,,2067,g2001,0,1,,,none,psm_gt,,none,,
grape,2068,reviewed_260916,reviewed_260916,keep,,,reviewed,,,2068,g2002,0,1,,,none,psm_gt,,none,,
grape,2069,reviewed_260916,reviewed_260916,keep,,,reviewed,,,2069,g2003,0,1,,,none,psm_gt,,none,,
grape,2070,reviewed_260916,reviewed_260916,keep,,,reviewed,,,2070,g2004,0,1,,,none,psm_gt,,none,,
grape,2071,reviewed_260916,reviewed_260916,keep,,,reviewed,,,2071,g0083,0,1,,,none,psm_gt,,none,,
grape,2072,reviewed_260916,reviewed_260916,keep,,,reviewed,,,2072,g2005,0,1,,,none,psm_gt,,none,,
grape,2073,reviewed_260916,reviewed_260916,keep,,,reviewed,,,2073,g2006,0,1,,,none,psm_gt,,none,,
grape,2074,reviewed_260916,reviewed_260916,keep,,,reviewed,,,2074,g2007,0,1,,,none,psm_gt,,none,,
grape,2075,reviewed_260916,reviewed_260916,keep,,,reviewed,,,2075,g2008,0,1,,,none,psm_gt,,none,,
grape,2076,reviewed_260916,reviewed_260916,keep,,,reviewed,,,2076,g2009,0,1,,,none,psm_gt,,none,,
grape,2077,reviewed_260916,reviewed_260916,keep,,,reviewed,,,2077,g2010,0,1,,,none,psm_gt,,none,,
grape,2078,reviewed_260916,reviewed_260916,keep,,,reviewed,,,2078,g2011,0,1,,,none,psm_gt,,none,,
grape,2079,reviewed_260916,reviewed_260916,keep,,,reviewed,,,2079,g2012,0,1,,,none,psm_gt,,none,,
grape,2080,reviewed_260916,reviewed_260916,keep,,,reviewed,,,2080,g2013,0,1,,,none,psm_gt,,none,,
grape,2081,reviewed_260916,reviewed_260916,keep,,,reviewed,,,2081,g2014,0,1,,,none,psm_gt,,none,,
grape,2082,reviewed_260916,reviewed_260916,keep,,,reviewed,,,2082,g2015,0,1,,,none,psm_gt,,none,,
grape,2083,-,-,excluded_duplicate,reviewed_duplicate,근접 중복(대표 93 만 남김),ai,,,2083,g0092,0,0,,,none,none,,none,,
grape,2084,reviewed_260916,reviewed_260916,keep,,,reviewed,,,2084,g0095,0,1,,,none,psm_gt,,none,,
grape,2085,reviewed_260916,reviewed_260916,keep,,,reviewed,,,2085,g2016,0,1,,,none,psm_gt,,none,,
grape,2086,reviewed_260916,reviewed_260916,keep,,,reviewed,,,2086,g2017,0,1,,,none,psm_gt,,none,,
grape,2087,reviewed_260916,reviewed_260916,keep,,,reviewed,,,2087,g2018,0,1,,,none,psm_gt,,none,,
grape,2088,-,-,excluded_duplicate,reviewed_duplicate,근접 중복(대표 188 만 남김),ai,,,2088,g0187,0,0,,,none,none,,none,,
grape,2089,-,-,excluded_duplicate,reviewed_duplicate,근접 중복(대표 103 만 남김),ai,,,2089,g0102,0,0,,,none,none,,none,,
grape,2090,reviewed_260916,reviewed_260916,keep,,,reviewed,,,2090,g0189,0,1,,,none,psm_gt,,none,,
grape,2091,-,-,excluded_duplicate,reviewed_duplicate,근접 중복(대표 191 만 남김),ai,,,2091,g0190,0,0,,,none,none,,none,,
grape,2092,reviewed_260916,reviewed_260916,keep,,,reviewed,,,2092,g2019,0,1,,,none,psm_gt,,none,,bottom_5pct_ratio
grape,2093,reviewed_260916,reviewed_260916,keep,,,reviewed,,,2093,g2020,0,1,,,none,psm_gt,,none,,
grape,2094,reviewed_260916,reviewed_260916,keep,,,reviewed,,,2094,g2021,0,1,,,none,psm_gt,,none,,
grape,2095,reviewed_260916,reviewed_260916,keep,,,reviewed,,,2095,g2022,0,1,,,none,psm_gt,,none,,
grape,2096,reviewed_260916,reviewed_260916,keep,,,reviewed,,,2096,g2023,0,1,,,none,psm_gt,,none,,
grape,2097,reviewed_260916,reviewed_260916,keep,,,reviewed,,,2097,g2024,0,1,,,none,psm_gt,,none,,
grape,2098,reviewed_260916,reviewed_260916,keep,,,reviewed,,,2098,g2025,0,1,,,none,psm_gt,,none,,
grape,2099,reviewed_260916,reviewed_260916,keep,,,reviewed,,,2099,g2026,0,1,,,none,psm_gt,,none,,
grape,2100,reviewed_260916,reviewed_260916,keep,,,reviewed,,,2100,g0193,0,1,,,none,psm_gt,,none,,
grape,2101,reviewed_260916,reviewed_260916,keep,,,reviewed,,,2101,g2027,0,1,,,none,psm_gt,,none,,
grape,2102,reviewed_260916,reviewed_260916,keep,,dice 0.90 — 라벨된 송이 자체는 정확(규칙 판정). 다만 라벨 안 된 다른 송이가 있을 수 있음,reviewed,,,2102,g2028,0,1,,,none,psm_gt,,none,,bottom_5pct_ratio
grape,2103,reviewed_260916,reviewed_260916,keep,,,reviewed,,,2103,g2029,0,1,,,none,psm_gt,,none,,
grape,2104,reviewed_260916,reviewed_260916,keep,,,reviewed,,,2104,g2030,0,1,,,none,psm_gt,,none,,
grape,2105,reviewed_260916,reviewed_260916,keep,,,reviewed,,,2105,g2031,0,1,,,none,psm_gt,,none,,
grape,2106,-,-,excluded_duplicate,reviewed_duplicate,근접 중복(대표 204 만 남김),ai,,,2106,g0203,0,0,,,none,none,,none,,
grape,2107,reviewed_260916,reviewed_260916,keep,,,reviewed,,,2107,g2032,0,1,,,none,psm_gt,,none,,
grape,2108,reviewed_260916,reviewed_260916,keep,,,reviewed,,,2108,g2033,0,1,,,none,psm_gt,,none,,
grape,2109,reviewed_260916,reviewed_260916,image_replaced,,"이미지↔마스크 불일치 교정: CERTH zip 의 mimc test_set 사진으로 교체(마스크는 원래 맞음). image replaced from images/multiple-instance-multiple-class/test_set/2109.png (resized 2160x3840 -> 1080x1920, BILINEAR)",ai,,,2109,g2034,0,1,,,none,psm_gt,,none,,
grape,2110,reviewed_260916,reviewed_260916,keep,,,reviewed,,,2110,g2035,0,1,,,none,psm_gt,,none,,
grape,2111,-,-,excluded_duplicate,reviewed_duplicate,근접 중복(대표 213 만 남김),ai,,,2111,g0212,0,0,,,none,none,,none,,
grape,2112,reviewed_260916,reviewed_260916,image_replaced,,"이미지↔마스크 불일치 교정: CERTH zip 의 mimc test_set 사진으로 교체(마스크는 원래 맞음). image replaced from images/multiple-instance-multiple-class/test_set/2112.png (resized 2160x3840 -> 1080x1920, BILINEAR)",ai,,,2112,g2036,0,1,,,none,psm_gt,,none,,
grape,2113,reviewed_260916,reviewed_260916,keep,,,reviewed,,,2113,g2037,0,1,,,none,psm_gt,,none,,
grape,2114,-,-,excluded_duplicate,reviewed_duplicate,근접 중복(대표 215 만 남김),ai,,,2114,g0214,0,0,,,none,none,,none,,
grape,2115,reviewed_260916,reviewed_260916,keep,,,reviewed,,,2115,g2038,0,1,,,none,psm_gt,,none,,
grape,2116,reviewed_260916,reviewed_260916,keep,,,reviewed,,,2116,g2039,0,1,,,none,psm_gt,,none,,
grape,2117,reviewed_260916,reviewed_260916,keep,,,reviewed,,,2117,g2040,0,1,,,none,psm_gt,,none,,
grape,2118,reviewed_260916,reviewed_260916,keep,,,reviewed,,,2118,g0217,0,1,,,none,psm_gt,,none,,
grape,2119,reviewed_260916,reviewed_260916,keep,,,reviewed,,,2119,g2041,0,1,,,none,psm_gt,,none,,
grape,2120,reviewed_260916,reviewed_260916,keep,,,reviewed,,,2120,g2042,0,1,,,none,psm_gt,,none,,
grape,2121,reviewed_260916,reviewed_260916,keep,,,reviewed,,,2121,g2043,0,1,,,none,psm_gt,,none,,
grape,2122,reviewed_260916,reviewed_260916,keep,,,reviewed,,,2122,g2044,0,1,,,none,psm_gt,,none,,
grape,2123,reviewed_260916,reviewed_260916,keep,,,reviewed,,,2123,g2045,0,1,,,none,psm_gt,,none,,
grape,2124,reviewed_260916,reviewed_260916,keep,,,reviewed,,,2124,g2046,0,1,,,none,psm_gt,,none,,
grape,2125,reviewed_260916,reviewed_260916,keep,,,reviewed,,,2125,g2047,0,1,,,none,psm_gt,,none,,
grape,2126,reviewed_260916,reviewed_260916,keep,,,reviewed,,,2126,g2048,0,1,,,none,psm_gt,,none,,
grape,2127,reviewed_260916,reviewed_260916,keep,,,reviewed,,,2127,g2049,0,1,,,none,psm_gt,,none,,bottom_5pct_ratio
grape,2128,reviewed_260916,reviewed_260916,keep,,,reviewed,,,2128,g2050,0,1,,,none,psm_gt,,none,,
grape,2129,reviewed_260916,reviewed_260916,keep,,,reviewed,,,2129,g2051,0,1,,,none,psm_gt,,none,,
grape,2130,reviewed_260916,reviewed_260916,keep,,,reviewed,,,2130,g2052,0,1,,,none,psm_gt,,none,,bottom_5pct_ratio
grape,2131,reviewed_260916,reviewed_260916,keep,,,reviewed,,,2131,g2053,0,1,,,none,psm_gt,,none,,
grape,2132,reviewed_260916,reviewed_260916,keep,,,reviewed,,,2132,g0231,0,1,,,none,psm_gt,,none,,
grape,2133,reviewed_260916,reviewed_260916,keep,,,reviewed,,,2133,g2054,0,1,,,none,psm_gt,,none,,
grape,2134,reviewed_260916,reviewed_260916,keep,,,reviewed,,,2134,g2055,0,1,,,none,psm_gt,,none,,
grape,2135,reviewed_260916,reviewed_260916,keep,,,reviewed,,,2135,g0236,0,1,,,none,psm_gt,,none,,
grape,2136,reviewed_260916,reviewed_260916,keep,,,reviewed,,,2136,g2056,0,1,,,none,psm_gt,,none,,
grape,2137,reviewed_260916,reviewed_260916,keep,,,reviewed,,,2137,g2057,0,1,,,none,psm_gt,,none,,
grape,2138,reviewed_260916,reviewed_260916,keep,,,reviewed,,,2138,g2058,0,1,,,none,psm_gt,,none,,
grape,2139,reviewed_260916,reviewed_260916,keep,,,reviewed,,,2139,g2059,0,1,,,none,psm_gt,,none,,
grape,2140,reviewed_260916,reviewed_260916,keep,,,reviewed,,,2140,g2060,0,1,,,none,psm_gt,,none,,
grape,2141,reviewed_260916,reviewed_260916,keep,,,reviewed,,,2141,g2061,0,1,,,none,psm_gt,,none,,
grape,2142,reviewed_260916,reviewed_260916,keep,,,reviewed,,,2142,g2062,0,1,,,none,psm_gt,,none,,
grape,2143,reviewed_260916,reviewed_260916,keep,,,reviewed,,,2143,g2063,0,1,,,none,psm_gt,,none,,bottom_5pct_ratio
grape,2144,reviewed_260916,reviewed_260916,keep,,,reviewed,,,2144,g2064,0,1,,,none,psm_gt,,none,,bottom_5pct_ratio
grape,2145,reviewed_260916,reviewed_260916,keep,,,reviewed,,,2145,g2065,0,1,,,none,psm_gt,,none,,
grape,2146,-,-,excluded_duplicate,reviewed_duplicate,근접 중복(대표 154 만 남김),ai,,,2146,g0153,0,0,,,none,none,,none,,
grape,2147,-,-,excluded_duplicate,reviewed_duplicate,근접 중복(대표 166 만 남김),ai,,,2147,g0165,0,0,,,none,none,,none,,
grape,2148,reviewed_260916,reviewed_260916,keep,,,reviewed,,,2148,g0166,0,1,,,none,psm_gt,,none,,
grape,2149,reviewed_260916,reviewed_260916,keep,,,reviewed,,,2149,g2066,0,1,,,none,psm_gt,,none,,
grape,2150,reviewed_260916,reviewed_260916,keep,,,reviewed,,,2150,g2067,0,1,,,none,psm_gt,,none,,
grape,2151,reviewed_260916,reviewed_260916,keep,,,reviewed,,,2151,g2068,0,1,,,none,psm_gt,,none,,
grape,2152,reviewed_260916,reviewed_260916,keep,,,reviewed,,,2152,g2069,0,1,,,none,psm_gt,,none,,
grape,2153,reviewed_260916,reviewed_260916,keep,,,reviewed,,,2153,g2070,0,1,,,none,psm_gt,,none,,
grape,2154,reviewed_260916,reviewed_260916,keep,,,reviewed,,,2154,g2071,0,1,,,none,psm_gt,,none,,
grape,2155,reviewed_260916,reviewed_260916,keep,,,reviewed,,,2155,g2072,0,1,,,none,psm_gt,,none,,
grape,2156,reviewed_260916,reviewed_260916,keep,,,reviewed,,,2156,g2073,0,1,,,none,psm_gt,,none,,
grape,2157,reviewed_260916,reviewed_260916,keep,,,reviewed,,,2157,g2074,0,1,,,none,psm_gt,,none,,
grape,2158,reviewed_260916,reviewed_260916,keep,,,reviewed,,,2158,g2075,0,1,,,none,psm_gt,,none,,
grape,2159,reviewed_260916,reviewed_260916,keep,,,reviewed,,,2159,g0240,0,1,,,none,psm_gt,,none,,
grape,2160,reviewed_260916,reviewed_260916,keep,,,reviewed,,,2160,g2076,0,1,,,none,psm_gt,,none,,
grape,2161,reviewed_260916,reviewed_260916,keep,,,reviewed,,,2161,g2077,0,1,,,none,psm_gt,,none,,
grape,2162,reviewed_260916,reviewed_260916,keep,,,reviewed,,,2162,g0249,0,1,,,none,psm_gt,,none,,
grape,2163,reviewed_260916,reviewed_260916,keep,,,reviewed,,,2163,g2078,0,1,,,none,psm_gt,,none,,
grape,2164,reviewed_260916,reviewed_260916,keep,,,reviewed,,,2164,g2079,0,1,,,none,psm_gt,,none,,
grape,2165,reviewed_260916,reviewed_260916,keep,,,reviewed,,,2165,g2080,0,1,,,none,psm_gt,,none,,
grape,2166,reviewed_260916,reviewed_260916,keep,,,reviewed,,,2166,g2081,0,1,,,none,psm_gt,,none,,
grape,2167,reviewed_260916,reviewed_260916,keep,,,reviewed,,,2167,g2082,0,1,,,none,psm_gt,,none,,
grape,2168,reviewed_260916,reviewed_260916,keep,,,reviewed,,,2168,g2083,0,1,,,none,psm_gt,,none,,
grape,2169,reviewed_260916,reviewed_260916,keep,,,reviewed,,,2169,g2084,0,1,,,none,psm_gt,,none,,
grape,2170,reviewed_260916,reviewed_260916,keep,,,reviewed,,,2170,g2085,0,1,,,none,psm_gt,,none,,
grape,2171,reviewed_260916,reviewed_260916,keep,,,reviewed,,,2171,g2086,0,1,,,none,psm_gt,,none,,
grape,2172,reviewed_260916,reviewed_260916,keep,,,reviewed,,,2172,g2087,0,1,,,none,psm_gt,,none,,
grape,2173,reviewed_260916,reviewed_260916,keep,,,reviewed,,,2173,g2088,0,1,,,none,psm_gt,,none,,
grape,2174,-,-,excluded_duplicate,reviewed_duplicate,근접 중복(대표 259 만 남김),ai,,,2174,g0258,0,0,,,none,none,,none,,
grape,2175,reviewed_260916,reviewed_260916,keep,,,reviewed,,,2175,g2089,0,1,,,none,psm_gt,,none,,
grape,2176,reviewed_260916,reviewed_260916,keep,,,reviewed,,,2176,g2090,0,1,,,none,psm_gt,,none,,
grape,2177,reviewed_260916,reviewed_260916,keep,,,reviewed,,,2177,g2091,0,1,,,none,psm_gt,,none,,
grape,2178,reviewed_260916,reviewed_260916,keep,,,reviewed,,,2178,g2092,0,1,,,none,psm_gt,,none,,
grape,2179,reviewed_260916,reviewed_260916,keep,,,reviewed,,,2179,g2093,0,1,,,none,psm_gt,,none,,
grape,2180,reviewed_260916,reviewed_260916,keep,,,reviewed,,,2180,g2094,0,1,,,none,psm_gt,,none,,
grape,2181,reviewed_260916,reviewed_260916,keep,,,reviewed,,,2181,g2095,0,1,,,none,psm_gt,,none,,
grape,2182,reviewed_260916,reviewed_260916,keep,,,reviewed,,,2182,g2096,0,1,,,none,psm_gt,,none,,
grape,2183,reviewed_260916,reviewed_260916,keep,,,reviewed,,,2183,g2097,0,1,,,none,psm_gt,,none,,
grape,2184,reviewed_260916,reviewed_260916,keep,,,reviewed,,,2184,g2098,0,1,,,none,psm_gt,,none,,
grape,2185,reviewed_260916,reviewed_260916,keep,,,reviewed,,,2185,g2099,0,1,,,none,psm_gt,,none,,
grape,2186,reviewed_260916,reviewed_260916,keep,,,reviewed,,,2186,g2100,0,1,,,none,psm_gt,,none,,
grape,2187,-,-,excluded_duplicate,reviewed_duplicate,근접 중복(대표 274 만 남김),ai,,,2187,g0273,0,0,,,none,none,,none,,
grape,2188,reviewed_260916,reviewed_260916,keep,,,reviewed,,,2188,g0275,0,1,,,none,psm_gt,,none,,
grape,2189,reviewed_260916,reviewed_260916,keep,,,reviewed,,,2189,g2101,0,1,,,none,psm_gt,,none,,
grape,2190,reviewed_260916,reviewed_260916,keep,,,reviewed,,,2190,g2102,0,1,,,none,psm_gt,,none,,
grape,2191,reviewed_260916,reviewed_260916,keep,,,reviewed,,,2191,g2103,0,1,,,none,psm_gt,,none,,
grape,2192,reviewed_260916,reviewed_260916,keep,,,reviewed,,,2192,g2104,0,1,,,none,psm_gt,,none,,
grape,2193,reviewed_260916,reviewed_260916,keep,,,reviewed,,,2193,g2105,0,1,,,none,psm_gt,,none,,
grape,2194,reviewed_260916,reviewed_260916,keep,,,reviewed,,,2194,g2106,0,1,,,none,psm_gt,,none,,
grape,2195,reviewed_260916,reviewed_260916,keep,,,reviewed,,,2195,g2107,0,1,,,none,psm_gt,,none,,
grape,2196,reviewed_260916,reviewed_260916,keep,,,reviewed,,,2196,g2108,0,1,,,none,psm_gt,,none,,
grape,2197,reviewed_260916,reviewed_260916,keep,,,reviewed,,,2197,g0285,0,1,,,none,psm_gt,,none,,
grape,2198,reviewed_260916,reviewed_260916,keep,,,reviewed,,,2198,g2109,0,1,,,none,psm_gt,,none,,
grape,2199,reviewed_260916,reviewed_260916,keep,,,reviewed,,,2199,g2110,0,1,,,none,psm_gt,,none,,
grape,2200,reviewed_260916,reviewed_260916,keep,,,reviewed,,,2200,g2111,0,1,,,none,psm_gt,,none,,
grape,2201,reviewed_260916,reviewed_260916,image_replaced,,"이미지↔마스크 불일치 교정: CERTH zip 의 mimc test_set 사진으로 교체(마스크는 원래 맞음). image replaced from images/multiple-instance-multiple-class/test_set/2201.png (resized 2160x3840 -> 1080x1920, BILINEAR)",ai,,,2201,g2112,0,1,,,none,psm_gt,,none,,
grape,2202,reviewed_260916,reviewed_260916,keep,,,reviewed,,,2202,g2113,0,1,,,none,psm_gt,,none,,
grape,2203,reviewed_260916,reviewed_260916,keep,,,reviewed,,,2203,g2114,0,1,,,none,psm_gt,,none,,
grape,2204,reviewed_260916,reviewed_260916,keep,,,reviewed,,,2204,g2115,0,1,,,none,psm_gt,,none,,
grape,2205,reviewed_260916,reviewed_260916,keep,,,reviewed,,,2205,g2116,0,1,,,none,psm_gt,,none,,
grape,2206,-,-,excluded_duplicate,reviewed_duplicate,근접 중복(대표 294 만 남김),ai,,,2206,g0293,0,0,,,none,none,,none,,
grape,2207,reviewed_260916,reviewed_260916,keep,,,reviewed,,,2207,g2117,0,1,,,none,psm_gt,,none,,
grape,2208,reviewed_260916,reviewed_260916,keep,,,reviewed,,,2208,g2118,0,1,,,none,psm_gt,,none,,
grape,2209,reviewed_260916,reviewed_260916,keep,,,reviewed,,,2209,g2119,0,1,,,none,psm_gt,,none,,
grape,2210,reviewed_260916,reviewed_260916,keep,,,reviewed,,,2210,g2120,0,1,,,none,psm_gt,,none,,
grape,2211,reviewed_260916,reviewed_260916,keep,,,reviewed,,,2211,g2121,0,1,,,none,psm_gt,,none,,
grape,2212,reviewed_260916,reviewed_260916,keep,,,reviewed,,,2212,g2122,0,1,,,none,psm_gt,,none,,
grape,2213,reviewed_260916,reviewed_260916,keep,,,reviewed,,,2213,g2123,0,1,,,none,psm_gt,,none,,
grape,2214,reviewed_260916,reviewed_260916,keep,,,reviewed,,,2214,g2124,0,1,,,none,psm_gt,,none,,bottom_5pct_ratio
grape,2215,reviewed_260916,reviewed_260916,keep,,,reviewed,,,2215,g2125,0,1,,,none,psm_gt,,none,,bottom_5pct_ratio
grape,2216,reviewed_260916,reviewed_260916,keep,,,reviewed,,,2216,g2126,0,1,,,none,psm_gt,,none,,bottom_5pct_ratio
grape,2217,reviewed_260916,reviewed_260916,keep,,,reviewed,,,2217,g2127,0,1,,,none,psm_gt,,none,,bottom_5pct_ratio
grape,2218,reviewed_260916,reviewed_260916,keep,,dice 0.87 — 라벨된 송이 자체는 정확(규칙 판정). 다만 라벨 안 된 다른 송이가 있을 수 있음,reviewed,,,2218,g2128,0,1,,,none,psm_gt,,none,,bottom_5pct_ratio
grape,2219,reviewed_260916,reviewed_260916,needs_human,,[missing_bunch] dice 0.69 — 송이 일부만 라벨(규칙 판정),ai,,,2219,g2129,0,1,,,none,psm_gt,,none,,bottom_5pct_ratio
grape,2220,reviewed_260916,reviewed_260916,keep,,,reviewed,,,2220,g2130,0,1,,,none,psm_gt,,none,,
grape,2221,reviewed_260916,reviewed_260916,keep,,,reviewed,,,2221,g2131,0,1,,,none,psm_gt,,none,,
grape,2222,reviewed_260916,reviewed_260916,keep,,,reviewed,,,2222,g2132,0,1,,,none,psm_gt,,none,,
grape,2223,reviewed_260916,reviewed_260916,keep,,,reviewed,,,2223,g2133,0,1,,,none,psm_gt,,none,,
grape,2224,reviewed_260916,reviewed_260916,keep,,,reviewed,,,2224,g2134,0,1,,,none,psm_gt,,none,,
grape,2225,reviewed_260916,reviewed_260916,keep,,dice 0.95 — 라벨된 송이 자체는 정확(규칙 판정). 다만 라벨 안 된 다른 송이가 있을 수 있음,reviewed,,,2225,g2135,0,1,,,none,psm_gt,,none,,bottom_5pct_ratio
grape,2226,reviewed_260916,reviewed_260916,keep,,,reviewed,,,2226,g2136,0,1,,,none,psm_gt,,none,,
grape,2227,reviewed_260916,reviewed_260916,keep,,,reviewed,,,2227,g2137,0,1,,,none,psm_gt,,none,,
grape,2228,reviewed_260916,reviewed_260916,needs_human,,[missing_bunch] dice 0.63 — 송이 일부만 라벨(규칙 판정),ai,,,2228,g2138,0,1,,,none,psm_gt,,none,,
grape,2229,reviewed_260916,reviewed_260916,keep,,,reviewed,,,2229,g2139,0,1,,,none,psm_gt,,none,,
grape,2230,reviewed_260916,reviewed_260916,keep,,,reviewed,,,2230,g2140,0,1,,,none,psm_gt,,none,,
grape,2231,reviewed_260916,reviewed_260916,keep,,,reviewed,,,2231,g2141,0,1,,,none,psm_gt,,none,,bottom_5pct_ratio
grape,2232,reviewed_260916,reviewed_260916,needs_human,,[missing_bunch] dice 0.70 — 송이 일부만 라벨(규칙 판정),ai,,,2232,g2142,0,1,,,none,psm_gt,,none,,
grape,2233,reviewed_260916,reviewed_260916,needs_human,,[missing_bunch] dice 0.75 — 송이 일부만 라벨(규칙 판정),ai,,,2233,g2143,0,1,,,none,psm_gt,,none,,bottom_5pct_ratio
grape,2234,reviewed_260916,reviewed_260916,keep,,,reviewed,,,2234,g2144,0,1,,,none,psm_gt,,none,,bottom_5pct_ratio
grape,2235,reviewed_260916,reviewed_260916,keep,,,reviewed,,,2235,g2145,0,1,,,none,psm_gt,,none,,bottom_5pct_ratio
grape,2236,reviewed_260916,reviewed_260916,keep,,,reviewed,,,2236,g2146,0,1,,,none,psm_gt,,none,,
grape,2237,reviewed_260916,reviewed_260916,keep,,,reviewed,,,2237,g2147,0,1,,,none,psm_gt,,none,,
grape,2238,reviewed_260916,reviewed_260916,keep,,,reviewed,,,2238,g2148,0,1,,,none,psm_gt,,none,,bottom_5pct_ratio
grape,2239,reviewed_260916,reviewed_260916,keep,,,reviewed,,,2239,g2149,0,1,,,none,psm_gt,,none,,
grape,2240,reviewed_260916,reviewed_260916,keep,,,reviewed,,,2240,g2150,0,1,,,none,psm_gt,,none,,
grape,2241,reviewed_260916,reviewed_260916,image_replaced,,"이미지↔마스크 불일치 교정: CERTH zip 의 mimc test_set 사진으로 교체(마스크는 원래 맞음). image replaced from images/multiple-instance-multiple-class/test_set/2241.png (resized 2160x3840 -> 1080x1920, BILINEAR)",ai,,,2241,g2151,0,1,,,none,psm_gt,,none,,
grape,2242,reviewed_260916,reviewed_260916,keep,,,reviewed,,,2242,g2152,0,1,,,none,psm_gt,,none,,
grape,2243,reviewed_260916,reviewed_260916,keep,,dice 0.85 — 라벨된 송이 자체는 정확(규칙 판정). 다만 라벨 안 된 다른 송이가 있을 수 있음,reviewed,,,2243,g2153,0,1,,,none,psm_gt,,none,,
grape,2244,reviewed_260916,reviewed_260916,keep,,dice 0.84 — 라벨된 송이 자체는 정확(규칙 판정). 다만 라벨 안 된 다른 송이가 있을 수 있음,reviewed,,,2244,g2154,0,1,,,none,psm_gt,,none,,
grape,2245,reviewed_260916,reviewed_260916,keep,,,reviewed,,,2245,g2155,0,1,,,none,psm_gt,,none,,
grape,2246,reviewed_260916,reviewed_260916,needs_human,,[missing_bunch] AI 와 거의 안 겹침(dice 0.45) — GT 가 실제 송이를 놓쳤거나 엉뚱한 곳에 칠함(규칙 판정),ai,,,2246,g2156,0,1,,,none,psm_gt,,none,,
grape,2247,reviewed_260916,reviewed_260916,keep,,,reviewed,,,2247,g2157,0,1,,,none,psm_gt,,none,,bottom_5pct_ratio
grape,2248,reviewed_260916,reviewed_260916,needs_human,,[missing_bunch] dice 0.72 — 송이 일부만 라벨(규칙 판정),ai,,,2248,g2158,0,1,,,none,psm_gt,,none,,bottom_5pct_ratio
grape,2249,reviewed_260916,reviewed_260916,keep,,dice 0.94 — 라벨된 송이 자체는 정확(규칙 판정). 다만 라벨 안 된 다른 송이가 있을 수 있음,reviewed,,,2249,g2159,0,1,,,none,psm_gt,,none,,bottom_5pct_ratio
grape,2250,reviewed_260916,reviewed_260916,needs_human,,[missing_bunch] dice 0.69 — 송이 일부만 라벨(규칙 판정),ai,,,2250,g2160,0,1,,,none,psm_gt,,none,,
grape,2251,reviewed_260916,reviewed_260916,keep,,,reviewed,,,2251,g2161,0,1,,,none,psm_gt,,none,,
grape,2252,reviewed_260916,reviewed_260916,keep,,,reviewed,,,2252,g2162,0,1,,,none,psm_gt,,none,,
grape,2253,reviewed_260916,reviewed_260916,keep,,,reviewed,,,2253,g2163,0,1,,,none,psm_gt,,none,,
grape,2254,reviewed_260916,reviewed_260916,keep,,,reviewed,,,2254,g2164,0,1,,,none,psm_gt,,none,,
grape,2255,reviewed_260916,reviewed_260916,keep,,,reviewed,,,2255,g2165,0,1,,,none,psm_gt,,none,,
grape,2256,reviewed_260916,reviewed_260916,needs_human,,[missing_bunch] dice 0.67 — 송이 일부만 라벨(규칙 판정),ai,,,2256,g2166,0,1,,,none,psm_gt,,none,,
grape,2257,reviewed_260916,reviewed_260916,needs_human,,[missing_bunch] dice 0.59 — 송이 일부만 라벨(규칙 판정),ai,,,2257,g2167,0,1,,,none,psm_gt,,none,,
grape,2258,reviewed_260916,reviewed_260916,keep,,,reviewed,,,2258,g2168,0,1,,,none,psm_gt,,none,,
grape,2259,reviewed_260916,reviewed_260916,keep,,,reviewed,,,2259,g2169,0,1,,,none,psm_gt,,none,,bottom_5pct_ratio
grape,2260,reviewed_260916,reviewed_260916,needs_human,,[missing_bunch] dice 0.74 — 송이 일부만 라벨(규칙 판정),ai,,,2260,g2170,0,1,,,none,psm_gt,,none,,
grape,2261,reviewed_260916,reviewed_260916,needs_human,,[missing_bunch] dice 0.76 — 송이 일부만 라벨(규칙 판정),ai,,,2261,g2171,0,1,,,none,psm_gt,,none,,
grape,2262,reviewed_260916,reviewed_260916,keep,,dice 0.88 — 라벨된 송이 자체는 정확(규칙 판정). 다만 라벨 안 된 다른 송이가 있을 수 있음,reviewed,,,2262,g2172,0,1,,,none,psm_gt,,none,,
grape,2263,reviewed_260916,reviewed_260916,keep,,,reviewed,,,2263,g2173,0,1,,,none,psm_gt,,none,,
grape,2264,reviewed_260916,reviewed_260916,keep,,,reviewed,,,2264,g2174,0,1,,,none,psm_gt,,none,,
grape,2265,reviewed_260916,reviewed_260916,keep,,,reviewed,,,2265,g2175,0,1,,,none,psm_gt,,none,,bottom_5pct_ratio
grape,2266,reviewed_260916,reviewed_260916,keep,,,reviewed,,,2266,g2176,0,1,,,none,psm_gt,,none,,
grape,2267,reviewed_260916,reviewed_260916,keep,,,reviewed,,,2267,g2177,0,1,,,none,psm_gt,,none,,
grape,2268,reviewed_260916,reviewed_260916,keep,,,reviewed,,,2268,g2178,0,1,,,none,psm_gt,,none,,
grape,2269,reviewed_260916,reviewed_260916,keep,,,reviewed,,,2269,g2179,0,1,,,none,psm_gt,,none,,
grape,2270,reviewed_260916,reviewed_260916,keep,,,reviewed,,,2270,g2180,0,1,,,none,psm_gt,,none,,
grape,2271,reviewed_260916,reviewed_260916,keep,,,reviewed,,,2271,g2181,0,1,,,none,psm_gt,,none,,
grape,2272,reviewed_260916,reviewed_260916,keep,,,reviewed,,,2272,g2182,0,1,,,none,psm_gt,,none,,
grape,2273,reviewed_260916,reviewed_260916,keep,,,reviewed,,,2273,g2183,0,1,,,none,psm_gt,,none,,
grape,2274,reviewed_260916,reviewed_260916,keep,,,reviewed,,,2274,g2184,0,1,,,none,psm_gt,,none,,
grape,2275,reviewed_260916,reviewed_260916,keep,,,reviewed,,,2275,g2185,0,1,,,none,psm_gt,,none,,
grape,2276,reviewed_260916,reviewed_260916,keep,,,reviewed,,,2276,g2186,0,1,,,none,psm_gt,,none,,
grape,2277,reviewed_260916,reviewed_260916,keep,,,reviewed,,,2277,g2187,0,1,,,none,psm_gt,,none,,
grape,2278,reviewed_260916,reviewed_260916,keep,,,reviewed,,,2278,g2188,0,1,,,none,psm_gt,,none,,
grape,2279,reviewed_260916,reviewed_260916,keep,,,reviewed,,,2279,g2189,0,1,,,none,psm_gt,,none,,
grape,2280,reviewed_260916,reviewed_260916,keep,,,reviewed,,,2280,g2190,0,1,,,none,psm_gt,,none,,
grape,2281,reviewed_260916,reviewed_260916,keep,,,reviewed,,,2281,g2191,0,1,,,none,psm_gt,,none,,
grape,2282,reviewed_260916,reviewed_260916,keep,,,reviewed,,,2282,g2192,0,1,,,none,psm_gt,,none,,
grape,2283,reviewed_260916,reviewed_260916,needs_human,,[missing_bunch] dice 0.80 — 송이 일부만 라벨(규칙 판정),ai,,,2283,g2193,0,1,,,none,psm_gt,,none,,
grape,2284,reviewed_260916,reviewed_260916,keep,,,reviewed,,,2284,g2194,0,1,,,none,psm_gt,,none,,
grape,2285,reviewed_260916,reviewed_260916,keep,,,reviewed,,,2285,g2195,0,1,,,none,psm_gt,,none,,
grape,2286,reviewed_260916,reviewed_260916,keep,,dice 0.97 — 라벨된 송이 자체는 정확(규칙 판정). 다만 라벨 안 된 다른 송이가 있을 수 있음,reviewed,,,2286,g2196,0,1,,,none,psm_gt,,none,,
grape,2287,reviewed_260916,reviewed_260916,keep,,,reviewed,,,2287,g2197,0,1,,,none,psm_gt,,none,,
grape,2288,reviewed_260916,reviewed_260916,keep,,,reviewed,,,2288,g2198,0,1,,,none,psm_gt,,none,,
grape,2289,reviewed_260916,reviewed_260916,keep,,,reviewed,,,2289,g2199,0,1,,,none,psm_gt,,none,,
grape,2290,reviewed_260916,reviewed_260916,keep,,,reviewed,,,2290,g2200,0,1,,,none,psm_gt,,none,,
grape,2291,reviewed_260916,reviewed_260916,keep,,dice 0.95 — 라벨된 송이 자체는 정확(규칙 판정). 다만 라벨 안 된 다른 송이가 있을 수 있음,reviewed,,,2291,g2201,0,1,,,none,psm_gt,,none,,bottom_5pct_ratio
grape,2292,reviewed_260916,reviewed_260916,keep,,,reviewed,,,2292,g2202,0,1,,,none,psm_gt,,none,,
grape,2293,reviewed_260916,reviewed_260916,keep,,,reviewed,,,2293,g2203,0,1,,,none,psm_gt,,none,,
grape,2294,reviewed_260916,reviewed_260916,keep,,,reviewed,,,2294,g2204,0,1,,,none,psm_gt,,none,,
grape,2295,reviewed_260916,reviewed_260916,keep,,,reviewed,,,2295,g2205,0,1,,,none,psm_gt,,none,,
grape,2296,reviewed_260916,reviewed_260916,keep,,,reviewed,,,2296,g2206,0,1,,,none,psm_gt,,none,,
grape,2297,reviewed_260916,reviewed_260916,keep,,,reviewed,,,2297,g2207,0,1,,,none,psm_gt,,none,,
grape,2298,reviewed_260916,reviewed_260916,keep,,,reviewed,,,2298,g2208,0,1,,,none,psm_gt,,none,,
grape,2299,reviewed_260916,reviewed_260916,keep,,,reviewed,,,2299,g2209,0,1,,,none,psm_gt,,none,,
grape,2300,reviewed_260916,reviewed_260916,keep,,,reviewed,,,2300,g2210,0,1,,,none,psm_gt,,none,,
grape,2301,reviewed_260916,reviewed_260916,keep,,dice 0.95 — 라벨된 송이 자체는 정확(규칙 판정). 다만 라벨 안 된 다른 송이가 있을 수 있음,reviewed,,,2301,g2211,0,1,,,none,psm_gt,,none,,
grape,2302,reviewed_260916,reviewed_260916,keep,,,reviewed,,,2302,g2212,0,1,,,none,psm_gt,,none,,
grape,2303,reviewed_260916,reviewed_260916,keep,,,reviewed,,,2303,g2213,0,1,,,none,psm_gt,,none,,
grape,2304,reviewed_260916,reviewed_260916,keep,,,reviewed,,,2304,g2214,0,1,,,none,psm_gt,,none,,
grape,2305,reviewed_260916,reviewed_260916,keep,,,reviewed,,,2305,g2215,0,1,,,none,psm_gt,,none,,
grape,2306,reviewed_260916,reviewed_260916,keep,,,reviewed,,,2306,g2216,0,1,,,none,psm_gt,,none,,
grape,2307,reviewed_260916,reviewed_260916,keep,,,reviewed,,,2307,g2217,0,1,,,none,psm_gt,,none,,
grape,2308,reviewed_260916,reviewed_260916,keep,,,reviewed,,,2308,g2218,0,1,,,none,psm_gt,,none,,
grape,2309,reviewed_260916,reviewed_260916,keep,,dice 0.95 — 라벨된 송이 자체는 정확(규칙 판정). 다만 라벨 안 된 다른 송이가 있을 수 있음,reviewed,,,2309,g2219,0,1,,,none,psm_gt,,none,,
grape,2310,reviewed_260916,reviewed_260916,keep,,,reviewed,,,2310,g2220,0,1,,,none,psm_gt,,none,,
grape,2311,reviewed_260916,reviewed_260916,keep,,,reviewed,,,2311,g2221,0,1,,,none,psm_gt,,none,,
grape,2312,reviewed_260916,reviewed_260916,keep,,,reviewed,,,2312,g2222,0,1,,,none,psm_gt,,none,,
grape,2313,reviewed_260916,reviewed_260916,keep,,,reviewed,,,2313,g2223,0,1,,,none,psm_gt,,none,,bottom_5pct_ratio
grape,2314,reviewed_260916,reviewed_260916,keep,,,reviewed,,,2314,g2224,0,1,,,none,psm_gt,,none,,
grape,2315,reviewed_260916,reviewed_260916,keep,,,reviewed,,,2315,g2225,0,1,,,none,psm_gt,,none,,
grape,2316,reviewed_260916,reviewed_260916,keep,,,reviewed,,,2316,g2226,0,1,,,none,psm_gt,,none,,
grape,2317,reviewed_260916,reviewed_260916,keep,,,reviewed,,,2317,g2227,0,1,,,none,psm_gt,,none,,
grape,2318,reviewed_260916,reviewed_260916,needs_human,,[missing_bunch] dice 0.69 — 송이 일부만 라벨(규칙 판정),ai,,,2318,g2228,0,1,,,none,psm_gt,,none,,
grape,2319,reviewed_260916,reviewed_260916,needs_human,,[missing_bunch] dice 0.75 — 송이 일부만 라벨(규칙 판정),ai,,,2319,g2229,0,1,,,none,psm_gt,,none,,
grape,2320,reviewed_260916,reviewed_260916,keep,,dice 0.81 — 라벨된 송이 자체는 정확(규칙 판정). 다만 라벨 안 된 다른 송이가 있을 수 있음,reviewed,,,2320,g2230,0,1,,,none,psm_gt,,none,,
grape,2321,reviewed_260916,reviewed_260916,needs_human,,[missing_bunch] dice 0.75 — 송이 일부만 라벨(규칙 판정),ai,,,2321,g2231,0,1,,,none,psm_gt,,none,,
grape,2322,reviewed_260916,reviewed_260916,keep,,,reviewed,,,2322,g2232,0,1,,,none,psm_gt,,none,,
grape,2323,reviewed_260916,reviewed_260916,needs_human,,[missing_bunch] dice 0.68 — 송이 일부만 라벨(규칙 판정),ai,,,2323,g2233,0,1,,,none,psm_gt,,none,,
grape,2324,-,-,excluded_duplicate,reviewed_duplicate,근접 중복(대표 2326 만 남김),ai,,,2324,g2234,0,0,,,none,none,,none,,
grape,2325,-,-,excluded_duplicate,reviewed_duplicate,근접 중복(대표 2326 만 남김),ai,,,2325,g2234,0,0,,,none,none,,none,,bottom_5pct_ratio
grape,2326,reviewed_260916,reviewed_260916,needs_human,,[missing_bunch] AI 와 거의 안 겹침(dice 0.43) — GT 가 실제 송이를 놓쳤거나 엉뚱한 곳에 칠함(규칙 판정),ai,,,2326,g2234,0,1,,,none,psm_gt,,none,,bottom_5pct_ratio
grape,2327,-,-,excluded_duplicate,reviewed_duplicate,근접 중복(대표 2326 만 남김),ai,,,2327,g2234,0,0,,,none,none,,none,,bottom_5pct_ratio
grape,2328,-,-,excluded_duplicate,reviewed_duplicate,근접 중복(대표 2326 만 남김),ai,,,2328,g2234,0,0,,,none,none,,none,,bottom_5pct_ratio
grape,2329,reviewed_260916,reviewed_260916,keep,,,reviewed,,,2329,g2235,0,1,,,none,psm_gt,,none,,
grape,2330,reviewed_260916,reviewed_260916,keep,,dice 0.97 — 라벨된 송이 자체는 정확(규칙 판정). 다만 라벨 안 된 다른 송이가 있을 수 있음,reviewed,,,2330,g2236,0,1,,,none,psm_gt,,none,,
grape,2331,reviewed_260916,reviewed_260916,needs_human,,[missing_bunch] dice 0.78 — 송이 일부만 라벨(규칙 판정),ai,,,2331,g2237,0,1,,,none,psm_gt,,none,,
grape,2332,reviewed_260916,reviewed_260916,keep,,,reviewed,,,2332,g2238,0,1,,,none,psm_gt,,none,,
grape,2333,reviewed_260916,reviewed_260916,needs_human,,[missing_bunch] dice 0.79 — 송이 일부만 라벨(규칙 판정),ai,,,2333,g2239,0,1,,,none,psm_gt,,none,,
grape,2334,reviewed_260916,reviewed_260916,keep,,,reviewed,,,2334,g2240,0,1,,,none,psm_gt,,none,,
grape,2335,reviewed_260916,reviewed_260916,keep,,dice 0.96 — 라벨된 송이 자체는 정확(규칙 판정). 다만 라벨 안 된 다른 송이가 있을 수 있음,reviewed,,,2335,g2241,0,1,,,none,psm_gt,,none,,bottom_5pct_ratio
grape,2336,reviewed_260916,reviewed_260916,keep,,,reviewed,,,2336,g2242,0,1,,,none,psm_gt,,none,,
grape,2337,reviewed_260916,reviewed_260916,keep,,,reviewed,,,2337,g2243,0,1,,,none,psm_gt,,none,,
grape,2338,reviewed_260916,reviewed_260916,keep,,,reviewed,,,2338,g2244,0,1,,,none,psm_gt,,none,,
grape,2339,reviewed_260916,reviewed_260916,keep,,,reviewed,,,2339,g2245,0,1,,,none,psm_gt,,none,,
grape,2340,reviewed_260916,reviewed_260916,keep,,,reviewed,,,2340,g2246,0,1,,,none,psm_gt,,none,,
grape,2341,reviewed_260916,reviewed_260916,keep,,,reviewed,,,2341,g2247,0,1,,,none,psm_gt,,none,,
grape,2342,reviewed_260916,reviewed_260916,keep,,,reviewed,,,2342,g2248,0,1,,,none,psm_gt,,none,,
grape,2343,reviewed_260916,reviewed_260916,keep,,,reviewed,,,2343,g2249,0,1,,,none,psm_gt,,none,,
grape,2344,reviewed_260916,reviewed_260916,keep,,,reviewed,,,2344,g2250,0,1,,,none,psm_gt,,none,,
grape,2345,reviewed_260916,reviewed_260916,keep,,,reviewed,,,2345,g2251,0,1,,,none,psm_gt,,none,,
grape,2346,reviewed_260916,reviewed_260916,keep,,,reviewed,,,2346,g2252,0,1,,,none,psm_gt,,none,,
grape,2347,reviewed_260916,reviewed_260916,keep,,,reviewed,,,2347,g2253,0,1,,,none,psm_gt,,none,,
grape,2348,reviewed_260916,reviewed_260916,keep,,,reviewed,,,2348,g2254,0,1,,,none,psm_gt,,none,,
grape,2349,reviewed_260916,reviewed_260916,keep,,,reviewed,,,2349,g2255,0,1,,,none,psm_gt,,none,,
grape,2350,reviewed_260916,reviewed_260916,keep,,,reviewed,,,2350,g2256,0,1,,,none,psm_gt,,none,,
grape,2351,reviewed_260916,reviewed_260916,keep,,,reviewed,,,2351,g2257,0,1,,,none,psm_gt,,none,,
grape,2352,reviewed_260916,reviewed_260916,keep,,,reviewed,,,2352,g2258,0,1,,,none,psm_gt,,none,,
grape,2353,reviewed_260916,reviewed_260916,keep,,,reviewed,,,2353,g2259,0,1,,,none,psm_gt,,none,,
grape,2354,reviewed_260916,reviewed_260916,keep,,,reviewed,,,2354,g2260,0,1,,,none,psm_gt,,none,,
grape,2355,reviewed_260916,reviewed_260916,keep,,,reviewed,,,2355,g2261,0,1,,,none,psm_gt,,none,,
grape,2356,reviewed_260916,reviewed_260916,keep,,,reviewed,,,2356,g2262,0,1,,,none,psm_gt,,none,,
grape,2357,reviewed_260916,reviewed_260916,keep,,,reviewed,,,2357,g2263,0,1,,,none,psm_gt,,none,,
grape,2358,reviewed_260916,reviewed_260916,keep,,,reviewed,,,2358,g2264,0,1,,,none,psm_gt,,none,,
grape,2359,reviewed_260916,reviewed_260916,keep,,,reviewed,,,2359,g2265,0,1,,,none,psm_gt,,none,,
grape,2360,reviewed_260916,reviewed_260916,keep,,,reviewed,,,2360,g2266,0,1,,,none,psm_gt,,none,,
grape,2361,reviewed_260916,reviewed_260916,keep,,dice 0.96 — 라벨된 송이 자체는 정확(규칙 판정). 다만 라벨 안 된 다른 송이가 있을 수 있음,reviewed,,,2361,g2267,0,1,,,none,psm_gt,,none,,
grape,2362,reviewed_260916,reviewed_260916,keep,,,reviewed,,,2362,g2268,0,1,,,none,psm_gt,,none,,
grape,2363,reviewed_260916,reviewed_260916,keep,,,reviewed,,,2363,g2269,0,1,,,none,psm_gt,,none,,
grape,2364,reviewed_260916,reviewed_260916,keep,,,reviewed,,,2364,g2270,0,1,,,none,psm_gt,,none,,
grape,2365,reviewed_260916,reviewed_260916,keep,,,reviewed,,,2365,g2271,0,1,,,none,psm_gt,,none,,
grape,2366,reviewed_260916,reviewed_260916,keep,,,reviewed,,,2366,g2272,0,1,,,none,psm_gt,,none,,
grape,2367,reviewed_260916,reviewed_260916,keep,,,reviewed,,,2367,g2273,0,1,,,none,psm_gt,,none,,bottom_5pct_ratio
grape,2368,reviewed_260916,reviewed_260916,keep,,,reviewed,,,2368,g2274,0,1,,,none,psm_gt,,none,,
grape,2369,reviewed_260916,reviewed_260916,keep,,,reviewed,,,2369,g2275,0,1,,,none,psm_gt,,none,,
grape,2370,reviewed_260916,reviewed_260916,keep,,,reviewed,,,2370,g2276,0,1,,,none,psm_gt,,none,,
grape,2371,reviewed_260916,reviewed_260916,keep,,,reviewed,,,2371,g2277,0,1,,,none,psm_gt,,none,,
grape,2372,reviewed_260916,reviewed_260916,keep,,,reviewed,,,2372,g2278,0,1,,,none,psm_gt,,none,,
grape,2373,reviewed_260916,reviewed_260916,keep,,,reviewed,,,2373,g2279,0,1,,,none,psm_gt,,none,,
grape,2374,reviewed_260916,reviewed_260916,keep,,,reviewed,,,2374,g2280,0,1,,,none,psm_gt,,none,,bottom_5pct_ratio
grape,2375,reviewed_260916,reviewed_260916,keep,,,reviewed,,,2375,g2281,0,1,,,none,psm_gt,,none,,bottom_5pct_ratio
grape,2376,reviewed_260916,reviewed_260916,needs_human,,[missing_bunch] dice 0.79 — 송이 일부만 라벨(규칙 판정),ai,,,2376,g2282,0,1,,,none,psm_gt,,none,,bottom_5pct_ratio
grape,2377,reviewed_260916,reviewed_260916,needs_human,,[missing_bunch] dice 0.75 — 송이 일부만 라벨(규칙 판정),ai,,,2377,g2283,0,1,,,none,psm_gt,,none,,
grape,2378,reviewed_260916,reviewed_260916,keep,,,reviewed,,,2378,g2284,0,1,,,none,psm_gt,,none,,
grape,2379,reviewed_260916,reviewed_260916,keep,,dice 0.94 — 라벨된 송이 자체는 정확(규칙 판정). 다만 라벨 안 된 다른 송이가 있을 수 있음,reviewed,,,2379,g2285,0,1,,,none,psm_gt,,none,,
grape,2380,reviewed_260916,reviewed_260916,keep,,,reviewed,,,2380,g2286,0,1,,,none,psm_gt,,none,,
grape,2381,reviewed_260916,reviewed_260916,keep,,,reviewed,,,2381,g2287,0,1,,,none,psm_gt,,none,,
grape,2382,reviewed_260916,reviewed_260916,keep,,,reviewed,,,2382,g2288,0,1,,,none,psm_gt,,none,,
grape,2383,reviewed_260916,reviewed_260916,keep,,,reviewed,,,2383,g2289,0,1,,,none,psm_gt,,none,,
grape,2384,reviewed_260916,reviewed_260916,keep,,,reviewed,,,2384,g2290,0,1,,,none,psm_gt,,none,,
grape,2385,reviewed_260916,reviewed_260916,keep,,,reviewed,,,2385,g2291,0,1,,,none,psm_gt,,none,,
grape,2386,reviewed_260916,reviewed_260916,keep,,,reviewed,,,2386,g2292,0,1,,,none,psm_gt,,none,,bottom_5pct_ratio
grape,2387,reviewed_260916,reviewed_260916,keep,,,reviewed,,,2387,g2293,0,1,,,none,psm_gt,,none,,
grape,2388,reviewed_260916,reviewed_260916,keep,,,reviewed,,,2388,g2294,0,1,,,none,psm_gt,,none,,bottom_5pct_ratio
grape,2389,reviewed_260916,reviewed_260916,keep,,,reviewed,,,2389,g2295,0,1,,,none,psm_gt,,none,,
grape,2390,reviewed_260916,reviewed_260916,keep,,,reviewed,,,2390,g2296,0,1,,,none,psm_gt,,none,,bottom_5pct_ratio
grape,2391,reviewed_260916,reviewed_260916,keep,,,reviewed,,,2391,g2297,0,1,,,none,psm_gt,,none,,
grape,2392,reviewed_260916,reviewed_260916,keep,,,reviewed,,,2392,g2298,0,1,,,none,psm_gt,,none,,
grape,2393,reviewed_260916,reviewed_260916,keep,,,reviewed,,,2393,g2299,0,1,,,none,psm_gt,,none,,
grape,2394,reviewed_260916,reviewed_260916,keep,,,reviewed,,,2394,g2300,0,1,,,none,psm_gt,,none,,
grape,2395,reviewed_260916,reviewed_260916,keep,,,reviewed,,,2395,g2301,0,1,,,none,psm_gt,,none,,
grape,2396,reviewed_260916,reviewed_260916,keep,,,reviewed,,,2396,g2302,0,1,,,none,psm_gt,,none,,
grape,2397,reviewed_260916,reviewed_260916,keep,,,reviewed,,,2397,g2303,0,1,,,none,psm_gt,,none,,
grape,2398,-,-,excluded_duplicate,reviewed_duplicate,근접 중복(대표 108 만 남김),ai,,,2398,g0107,0,0,,,none,none,,none,,
grape,2399,reviewed_260916,reviewed_260916,keep,,,reviewed,,,2399,g2304,0,1,,,none,psm_gt,,none,,
grape,2400,reviewed_260916,reviewed_260916,keep,,,reviewed,,,2400,g2305,0,1,,,none,psm_gt,,none,,
grape,2401,reviewed_260916,reviewed_260916,keep,,,reviewed,,,2401,g2306,0,1,,,none,psm_gt,,none,,
grape,2402,reviewed_260916,reviewed_260916,keep,,,reviewed,,,2402,g2307,0,1,,,none,psm_gt,,none,,
grape,2403,reviewed_260916,reviewed_260916,keep,,,reviewed,,,2403,g2308,0,1,,,none,psm_gt,,none,,
grape,2404,reviewed_260916,reviewed_260916,keep,,,reviewed,,,2404,g2309,0,1,,,none,psm_gt,,none,,
grape,2405,reviewed_260916,reviewed_260916,keep,,,reviewed,,,2405,g2310,0,1,,,none,psm_gt,,none,,
grape,2406,reviewed_260916,reviewed_260916,keep,,,reviewed,,,2406,g2311,0,1,,,none,psm_gt,,none,,
grape,2407,reviewed_260916,reviewed_260916,keep,,,reviewed,,,2407,g2312,0,1,,,none,psm_gt,,none,,
grape,2408,reviewed_260916,reviewed_260916,keep,,,reviewed,,,2408,g2313,0,1,,,none,psm_gt,,none,,
grape,2409,reviewed_260916,reviewed_260916,keep,,dice 0.96 — 라벨된 송이 자체는 정확(규칙 판정). 다만 라벨 안 된 다른 송이가 있을 수 있음,reviewed,,,2409,g2314,0,1,,,none,psm_gt,,none,,
grape,2410,reviewed_260916,reviewed_260916,keep,,,reviewed,,,2410,g2315,0,1,,,none,psm_gt,,none,,
grape,2411,reviewed_260916,reviewed_260916,keep,,,reviewed,,,2411,g2316,0,1,,,none,psm_gt,,none,,
grape,2412,reviewed_260916,reviewed_260916,keep,,,reviewed,,,2412,g2317,0,1,,,none,psm_gt,,none,,
grape,2413,reviewed_260916,reviewed_260916,keep,,,reviewed,,,2413,g2318,0,1,,,none,psm_gt,,none,,
grape,2414,reviewed_260916,reviewed_260916,keep,,,reviewed,,,2414,g2319,0,1,,,none,psm_gt,,none,,
grape,2415,reviewed_260916,reviewed_260916,keep,,,reviewed,,,2415,g2320,0,1,,,none,psm_gt,,none,,
grape,2416,reviewed_260916,reviewed_260916,keep,,,reviewed,,,2416,g2321,0,1,,,none,psm_gt,,none,,bottom_5pct_ratio
grape,2417,reviewed_260916,reviewed_260916,keep,,,reviewed,,,2417,g2322,0,1,,,none,psm_gt,,none,,
grape,2418,reviewed_260916,reviewed_260916,keep,,,reviewed,,,2418,g2323,0,1,,,none,psm_gt,,none,,
grape,2419,reviewed_260916,reviewed_260916,keep,,,reviewed,,,2419,g2324,0,1,,,none,psm_gt,,none,,
grape,2420,reviewed_260916,reviewed_260916,keep,,,reviewed,,,2420,g2325,0,1,,,none,psm_gt,,none,,
grape,2421,reviewed_260916,reviewed_260916,keep,,,reviewed,,,2421,g2326,0,1,,,none,psm_gt,,none,,
grape,2422,reviewed_260916,reviewed_260916,keep,,,reviewed,,,2422,g2327,0,1,,,none,psm_gt,,none,,
grape,2423,reviewed_260916,reviewed_260916,keep,,,reviewed,,,2423,g2328,0,1,,,none,psm_gt,,none,,
grape,2424,reviewed_260916,reviewed_260916,keep,,,reviewed,,,2424,g2329,0,1,,,none,psm_gt,,none,,
grape,2425,reviewed_260916,reviewed_260916,keep,,,reviewed,,,2425,g2330,0,1,,,none,psm_gt,,none,,
grape,2426,reviewed_260916,reviewed_260916,keep,,,reviewed,,,2426,g2331,0,1,,,none,psm_gt,,none,,
grape,2427,reviewed_260916,reviewed_260916,keep,,,reviewed,,,2427,g2332,0,1,,,none,psm_gt,,none,,
grape,2428,reviewed_260916,reviewed_260916,keep,,dice 0.90 — 라벨된 송이 자체는 정확(규칙 판정). 다만 라벨 안 된 다른 송이가 있을 수 있음,reviewed,,,2428,g2333,0,1,,,none,psm_gt,,none,,bottom_5pct_ratio
grape,2429,reviewed_260916,reviewed_260916,keep,,,reviewed,,,2429,g2334,0,1,,,none,psm_gt,,none,,
grape,2430,reviewed_260916,reviewed_260916,keep,,,reviewed,,,2430,g2335,0,1,,,none,psm_gt,,none,,
grape,2431,reviewed_260916,reviewed_260916,keep,,dice 0.95 — 라벨된 송이 자체는 정확(규칙 판정). 다만 라벨 안 된 다른 송이가 있을 수 있음,reviewed,,,2431,g2336,0,1,,,none,psm_gt,,none,,
grape,2432,reviewed_260916,reviewed_260916,keep,,,reviewed,,,2432,g2337,0,1,,,none,psm_gt,,none,,
grape,2433,reviewed_260916,reviewed_260916,keep,,,reviewed,,,2433,g2338,0,1,,,none,psm_gt,,none,,
grape,2434,reviewed_260916,reviewed_260916,keep,,,reviewed,,,2434,g2339,0,1,,,none,psm_gt,,none,,
grape,2435,reviewed_260916,reviewed_260916,keep,,,reviewed,,,2435,g2340,0,1,,,none,psm_gt,,none,,
grape,2436,reviewed_260916,reviewed_260916,keep,,,reviewed,,,2436,g2341,0,1,,,none,psm_gt,,none,,
grape,2437,reviewed_260916,reviewed_260916,keep,,,reviewed,,,2437,g2342,0,1,,,none,psm_gt,,none,,
grape,2438,reviewed_260916,reviewed_260916,keep,,,reviewed,,,2438,g2343,0,1,,,none,psm_gt,,none,,
grape,2439,reviewed_260916,reviewed_260916,keep,,,reviewed,,,2439,g2344,0,1,,,none,psm_gt,,none,,
grape,2440,reviewed_260916,reviewed_260916,keep,,,reviewed,,,2440,g2345,0,1,,,none,psm_gt,,none,,
grape,2441,reviewed_260916,reviewed_260916,keep,,,reviewed,,,2441,g2346,0,1,,,none,psm_gt,,none,,
grape,2442,reviewed_260916,reviewed_260916,keep,,,reviewed,,,2442,g2347,0,1,,,none,psm_gt,,none,,bottom_5pct_ratio
grape,2443,reviewed_260916,reviewed_260916,keep,,,reviewed,,,2443,g2348,0,1,,,none,psm_gt,,none,,
grape,2444,reviewed_260916,reviewed_260916,keep,,,reviewed,,,2444,g2349,0,1,,,none,psm_gt,,none,,
grape,2445,reviewed_260916,reviewed_260916,keep,,,reviewed,,,2445,g2350,0,1,,,none,psm_gt,,none,,
grape,2446,reviewed_260916,reviewed_260916,keep,,,reviewed,,,2446,g2351,0,1,,,none,psm_gt,,none,,
grape,2447,reviewed_260916,reviewed_260916,keep,,,reviewed,,,2447,g2352,0,1,,,none,psm_gt,,none,,
grape,2448,reviewed_260916,reviewed_260916,keep,,,reviewed,,,2448,g2353,0,1,,,none,psm_gt,,none,,
grape,2449,-,-,excluded_duplicate,reviewed_duplicate,근접 중복(대표 1233 만 남김),ai,,,2449,g1212,0,0,,,none,none,,none,,
grape,2450,reviewed_260916,reviewed_260916,keep,,,reviewed,,,2450,g2354,0,1,,,none,psm_gt,,none,,
grape,2451,reviewed_260916,reviewed_260916,keep,,,reviewed,,,2451,g2355,0,1,,,none,psm_gt,,none,,
grape,2452,reviewed_260916,reviewed_260916,keep,,,reviewed,,,2452,g2356,0,1,,,none,psm_gt,,none,,
grape,2453,reviewed_260916,reviewed_260916,keep,,,reviewed,,,2453,g2357,0,1,,,none,psm_gt,,none,,
grape,2454,reviewed_260916,reviewed_260916,keep,,,reviewed,,,2454,g2358,0,1,,,none,psm_gt,,none,,
grape,2455,reviewed_260916,reviewed_260916,keep,,,reviewed,,,2455,g2359,0,1,,,none,psm_gt,,none,,
grape,2456,reviewed_260916,reviewed_260916,keep,,,reviewed,,,2456,g2360,0,1,,,none,psm_gt,,none,,
grape,2457,reviewed_260916,reviewed_260916,keep,,,reviewed,,,2457,g2361,0,1,,,none,psm_gt,,none,,
grape,2458,reviewed_260916,reviewed_260916,keep,,,reviewed,,,2458,g2362,0,1,,,none,psm_gt,,none,,
grape,2459,reviewed_260916,reviewed_260916,keep,,dice 0.98 — 라벨된 송이 자체는 정확(규칙 판정). 다만 라벨 안 된 다른 송이가 있을 수 있음,reviewed,,,2459,g2363,0,1,,,none,psm_gt,,none,,
grape,2460,reviewed_260916,reviewed_260916,keep,,,reviewed,,,2460,g2364,0,1,,,none,psm_gt,,none,,
grape,2461,reviewed_260916,reviewed_260916,keep,,,reviewed,,,2461,g2365,0,1,,,none,psm_gt,,none,,
grape,2462,reviewed_260916,reviewed_260916,keep,,,reviewed,,,2462,g2366,0,1,,,none,psm_gt,,none,,
grape,2463,reviewed_260916,reviewed_260916,keep,,,reviewed,,,2463,g2367,0,1,,,none,psm_gt,,none,,
grape,2464,reviewed_260916,reviewed_260916,keep,,,reviewed,,,2464,g2368,0,1,,,none,psm_gt,,none,,
grape,2465,reviewed_260916,reviewed_260916,keep,,dice 0.90 — 라벨된 송이 자체는 정확(규칙 판정). 다만 라벨 안 된 다른 송이가 있을 수 있음,reviewed,,,2465,g2369,0,1,,,none,psm_gt,,none,,bottom_5pct_ratio
grape,2466,reviewed_260916,reviewed_260916,keep,,dice 0.81 — 라벨된 송이 자체는 정확(규칙 판정). 다만 라벨 안 된 다른 송이가 있을 수 있음,reviewed,,,2466,g2370,0,1,,,none,psm_gt,,none,,
grape,2467,reviewed_260916,reviewed_260916,keep,,,reviewed,,,2467,g2371,0,1,,,none,psm_gt,,none,,
grape,2468,reviewed_260916,reviewed_260916,keep,,,reviewed,,,2468,g2372,0,1,,,none,psm_gt,,none,,
grape,2469,reviewed_260916,reviewed_260916,keep,,dice 0.95 — 라벨된 송이 자체는 정확(규칙 판정). 다만 라벨 안 된 다른 송이가 있을 수 있음,reviewed,,,2469,g2373,0,1,,,none,psm_gt,,none,,
grape,2470,reviewed_260916,reviewed_260916,keep,,,reviewed,,,2470,g2374,0,1,,,none,psm_gt,,none,,
grape,2471,reviewed_260916,reviewed_260916,keep,,,reviewed,,,2471,g2375,0,1,,,none,psm_gt,,none,,
grape,2472,reviewed_260916,reviewed_260916,keep,,,reviewed,,,2472,g2376,0,1,,,none,psm_gt,,none,,
grape,2473,reviewed_260916,reviewed_260916,keep,,,reviewed,,,2473,g2377,0,1,,,none,psm_gt,,none,,
grape,2474,reviewed_260916,reviewed_260916,keep,,,reviewed,,,2474,g2378,0,1,,,none,psm_gt,,none,,
grape,2475,reviewed_260916,reviewed_260916,keep,,dice 0.92 — 라벨된 송이 자체는 정확(규칙 판정). 다만 라벨 안 된 다른 송이가 있을 수 있음,reviewed,,,2475,g2379,0,1,,,none,psm_gt,,none,,bottom_5pct_ratio
grape,2476,reviewed_260916,reviewed_260916,keep,,,reviewed,,,2476,g2380,0,1,,,none,psm_gt,,none,,
grape,2477,reviewed_260916,reviewed_260916,keep,,,reviewed,,,2477,g2381,0,1,,,none,psm_gt,,none,,
grape,2478,reviewed_260916,reviewed_260916,keep,,,reviewed,,,2478,g2382,0,1,,,none,psm_gt,,none,,
grape,2479,reviewed_260916,reviewed_260916,keep,,,reviewed,,,2479,g2383,0,1,,,none,psm_gt,,none,,
grape,2480,reviewed_260916,reviewed_260916,keep,,,reviewed,,,2480,g2384,0,1,,,none,psm_gt,,none,,
grape,2481,reviewed_260916,reviewed_260916,keep,,,reviewed,,,2481,g2385,0,1,,,none,psm_gt,,none,,
grape,2482,reviewed_260916,reviewed_260916,keep,,,reviewed,,,2482,g2386,0,1,,,none,psm_gt,,none,,
grape,2483,reviewed_260916,reviewed_260916,keep,,,reviewed,,,2483,g2387,0,1,,,none,psm_gt,,none,,
grape,2484,reviewed_260916,reviewed_260916,keep,,,reviewed,,,2484,g2388,0,1,,,none,psm_gt,,none,,
grape,2485,reviewed_260916,reviewed_260916,keep,,,reviewed,,,2485,g2389,0,1,,,none,psm_gt,,none,,
grape,2486,reviewed_260916,reviewed_260916,keep,,,reviewed,,,2486,g2390,0,1,,,none,psm_gt,,none,,
grape,2487,reviewed_260916,reviewed_260916,keep,,,reviewed,,,2487,g0055,0,1,,,none,psm_gt,,none,,
grape,2488,reviewed_260916,reviewed_260916,keep,,,reviewed,,,2488,g2391,0,1,,,none,psm_gt,,none,,
grape,2489,reviewed_260916,reviewed_260916,keep,,,reviewed,,,2489,g2392,0,1,,,none,psm_gt,,none,,
grape,2490,reviewed_260916,reviewed_260916,keep,,,reviewed,,,2490,g2393,0,1,,,none,psm_gt,,none,,
grape,2491,reviewed_260916,reviewed_260916,keep,,,reviewed,,,2491,g2394,0,1,,,none,psm_gt,,none,,
grape,2492,reviewed_260916,reviewed_260916,keep,,,reviewed,,,2492,g2395,0,1,,,none,psm_gt,,none,,
grape,2493,reviewed_260916,reviewed_260916,keep,,,reviewed,,,2493,g2396,0,1,,,none,psm_gt,,none,,
grape,2494,reviewed_260916,reviewed_260916,keep,,,reviewed,,,2494,g2397,0,1,,,none,psm_gt,,none,,
grape,2495,reviewed_260916,reviewed_260916,keep,,,reviewed,,,2495,g2398,0,1,,,none,psm_gt,,none,,
grape,2496,reviewed_260916,reviewed_260916,keep,,,reviewed,,,2496,g2399,0,1,,,none,psm_gt,,none,,
grape,2497,reviewed_260916,reviewed_260916,keep,,,reviewed,,,2497,g2400,0,1,,,none,psm_gt,,none,,
grape,2498,reviewed_260916,reviewed_260916,keep,,,reviewed,,,2498,g2401,0,1,,,none,psm_gt,,none,,
grape,2499,reviewed_260916,reviewed_260916,keep,,,reviewed,,,2499,g2402,0,1,,,none,psm_gt,,none,,
grape,2500,reviewed_260916,reviewed_260916,keep,,,reviewed,,,2500,g2403,0,1,,,none,psm_gt,,none,,
grape,2501,reviewed_260916,reviewed_260916,keep,,,reviewed,,,2501,g2404,0,1,,,none,psm_gt,,none,,
