fruit,stem,image_source,mask_source,action,reason,note,source,confirmed_by,confirmed_at,session,split_group,has_instances,has_boxes,rule_pending,overlap_neighbors,instances_source,boxes_source,apple_check_verdict,verdict_source,peach_dup_candidate,mask_audit_reason
apple,20150919_174151_image1,reviewed_260917,reviewed_260917,keep,,,ai,,,20150919_174151,a001,1,1,,,reviewed_number_mask,psm_gt,ok_one_apple=1,psm_review_list,,
apple,20150919_174151_image6,-,-,excluded_duplicate,reviewed_duplicate,거의 같은 사진(대표 20150919_174151_image1 만 남김),ai,,,20150919_174151,a001,0,0,,,none,none,,none,,
apple,20150919_174151_image11,-,-,excluded_duplicate,reviewed_duplicate,거의 같은 사진(대표 20150919_174151_image1 만 남김),ai,,,20150919_174151,a001,0,0,,,none,none,,none,,
apple,20150919_174151_image16,-,-,excluded_duplicate,reviewed_duplicate,거의 같은 사진(대표 20150919_174151_image1 만 남김),ai,,,20150919_174151,a001,0,0,,,none,none,,none,,
apple,20150919_174151_image21,-,-,excluded_duplicate,reviewed_duplicate,거의 같은 사진(대표 20150919_174151_image16 만 남김),ai,,,20150919_174151,a001,0,0,,,none,none,,none,,
apple,20150919_174151_image26,-,-,excluded_duplicate,reviewed_duplicate,거의 같은 사진(대표 20150919_174151_image1 만 남김),ai,,,20150919_174151,a001,0,0,,,none,none,,none,,
apple,20150919_174151_image31,reviewed_260917,reviewed_260917,keep,,,reviewed,,,20150919_174151,a001,1,1,,,reviewed_number_mask,psm_gt,,none,,
apple,20150919_174151_image36,-,-,excluded_duplicate,reviewed_duplicate,거의 같은 사진(대표 20150919_174151_image31 만 남김),ai,,,20150919_174151,a001,0,0,,,none,none,,none,,
apple,20150919_174151_image41,-,-,excluded_duplicate,reviewed_duplicate,거의 같은 사진(대표 20150919_174151_image31 만 남김),ai,,,20150919_174151,a001,0,0,,,none,none,ok_one_apple=1,psm_review_list,,
apple,20150919_174151_image46,-,-,excluded_duplicate,reviewed_duplicate,거의 같은 사진(대표 20150919_174151_image41 만 남김),ai,,,20150919_174151,a001,0,0,,,none,none,,none,,
apple,20150919_174151_image51,-,-,excluded_duplicate,reviewed_duplicate,거의 같은 사진(대표 20150919_174151_image41 만 남김),ai,,,20150919_174151,a001,0,0,,,none,none,,none,,
apple,20150919_174151_image56,reviewed_260917,reviewed_260917,keep,,,reviewed,,,20150919_174151,a001,1,1,,,reviewed_number_mask,psm_gt,,none,,
apple,20150919_174151_image61,-,-,excluded_duplicate,reviewed_duplicate,거의 같은 사진(대표 20150919_174151_image56 만 남김),ai,,,20150919_174151,a001,0,0,,,none,none,ok_one_apple=2,psm_review_list,,
apple,20150919_174151_image66,-,-,excluded_duplicate,reviewed_duplicate,거의 같은 사진(대표 20150919_174151_image56 만 남김),ai,,,20150919_174151,a001,0,0,,,none,none,ok_one_apple=2,psm_review_list,,
apple,20150919_174151_image71,-,-,excluded_duplicate,reviewed_duplicate,거의 같은 사진(대표 20150919_174151_image66 만 남김),ai,,,20150919_174151,a001,0,0,,,none,none,ok_one_apple=2,psm_review_list,,
apple,20150919_174151_image76,-,-,excluded_duplicate,reviewed_duplicate,거의 같은 사진(대표 20150919_174151_image56 만 남김),ai,,,20150919_174151,a001,0,0,,,none,none,ok_one_apple=1,psm_review_list,,
apple,20150919_174151_image81,-,-,excluded_duplicate,reviewed_duplicate,거의 같은 사진(대표 20150919_174151_image76 만 남김),ai,,,20150919_174151,a001,0,0,,,none,none,,none,,
apple,20150919_174151_image86,reviewed_260917,reviewed_260917,keep,,,reviewed,,,20150919_174151,a001,1,1,,,reviewed_number_mask,psm_gt,,none,,
apple,20150919_174151_image91,-,-,excluded_duplicate,reviewed_duplicate,거의 같은 사진(대표 20150919_174151_image76 만 남김),ai,,,20150919_174151,a001,0,0,,,none,none,ok_one_apple=4,psm_review_list,,
apple,20150919_174151_image96,-,-,excluded_duplicate,reviewed_duplicate,거의 같은 사진(대표 20150919_174151_image86 만 남김),ai,,,20150919_174151,a001,0,0,,,none,none,,none,,
apple,20150919_174151_image101,-,-,excluded_duplicate,reviewed_duplicate,거의 같은 사진(대표 20150919_174151_image96 만 남김),ai,,,20150919_174151,a001,0,0,,,none,none,,none,,
apple,20150919_174151_image106,-,-,excluded_duplicate,reviewed_duplicate,거의 같은 사진(대표 20150919_174151_image86 만 남김),ai,,,20150919_174151,a001,0,0,,,none,none,ok_one_apple=1,psm_review_list,,
apple,20150919_174151_image111,-,-,excluded_duplicate,reviewed_duplicate,거의 같은 사진(대표 20150919_174151_image106 만 남김),ai,,,20150919_174151,a001,0,0,,,none,none,,none,,
apple,20150919_174151_image116,reviewed_260917,reviewed_260917,keep,,,reviewed,,,20150919_174151,a001,1,1,,,reviewed_number_mask,psm_gt,,none,,
apple,20150919_174151_image121,-,-,excluded_duplicate,reviewed_duplicate,거의 같은 사진(대표 20150919_174151_image116 만 남김),ai,,,20150919_174151,a001,0,0,,,none,none,ok_one_apple=2,psm_review_list,,
apple,20150919_174151_image126,-,-,excluded_duplicate,reviewed_duplicate,거의 같은 사진(대표 20150919_174151_image116 만 남김),ai,,,20150919_174151,a001,0,0,,,none,none,,none,,
apple,20150919_174151_image131,-,-,excluded_duplicate,reviewed_duplicate,거의 같은 사진(대표 20150919_174151_image126 만 남김),ai,,,20150919_174151,a001,0,0,,,none,none,ok_one_apple=1,psm_review_list,,
apple,20150919_174151_image136,-,-,excluded_duplicate,reviewed_duplicate,거의 같은 사진(대표 20150919_174151_image116 만 남김),ai,,,20150919_174151,a001,0,0,,,none,none,,none,,
apple,20150919_174151_image141,-,-,excluded_duplicate,reviewed_duplicate,거의 같은 사진(대표 20150919_174151_image136 만 남김),ai,,,20150919_174151,a001,0,0,,,none,none,ok_one_apple=1,psm_review_list,,
apple,20150919_174151_image146,-,-,excluded_duplicate,reviewed_duplicate,거의 같은 사진(대표 20150919_174151_image136 만 남김),ai,,,20150919_174151,a001,0,0,,,none,none,ok_one_apple=1,psm_review_list,,
apple,20150919_174151_image151,-,-,excluded_duplicate,reviewed_duplicate,거의 같은 사진(대표 20150919_174151_image136 만 남김),ai,,,20150919_174151,a001,0,0,,,none,none,,none,,
apple,20150919_174151_image156,-,-,excluded_duplicate,reviewed_duplicate,거의 같은 사진(대표 20150919_174151_image136 만 남김),ai,,,20150919_174151,a001,0,0,,,none,none,,none,,
apple,20150919_174151_image161,reviewed_260917,reviewed_260917,keep,,,reviewed,,,20150919_174151,a001,1,1,,,reviewed_number_mask,psm_gt,unclear=1,psm_review_list,,
apple,20150919_174151_image166,-,-,excluded_duplicate,reviewed_duplicate,거의 같은 사진(대표 20150919_174151_image161 만 남김),ai,,,20150919_174151,a001,0,0,,,none,none,ok_one_apple=1,psm_review_list,,
apple,20150919_174151_image171,-,-,excluded_duplicate,reviewed_duplicate,거의 같은 사진(대표 20150919_174151_image161 만 남김),ai,,,20150919_174151,a001,0,0,,,none,none,ok_one_apple=1,psm_review_list,,
apple,20150919_174151_image176,-,-,excluded_duplicate,reviewed_duplicate,거의 같은 사진(대표 20150919_174151_image171 만 남김),ai,,,20150919_174151,a001,0,0,,,none,none,ok_one_apple=1,psm_review_list,,
apple,20150919_174151_image181,-,-,excluded_duplicate,reviewed_duplicate,거의 같은 사진(대표 20150919_174151_image201 만 남김),ai,,,20150919_174151,a001,0,0,,,none,none,ok_one_apple=2,psm_review_list,,
apple,20150919_174151_image186,-,-,excluded_duplicate,reviewed_duplicate,거의 같은 사진(대표 20150919_174151_image181 만 남김),ai,,,20150919_174151,a001,0,0,,,none,none,ok_one_apple=2,psm_review_list,,
apple,20150919_174151_image191,-,-,excluded_duplicate,reviewed_duplicate,거의 같은 사진(대표 20150919_174151_image201 만 남김),ai,,,20150919_174151,a001,0,0,,,none,none,ok_one_apple=2,psm_review_list,,
apple,20150919_174151_image196,-,-,excluded_duplicate,reviewed_duplicate,거의 같은 사진(대표 20150919_174151_image191 만 남김),ai,,,20150919_174151,a001,0,0,[flag 에서 내림] 고칠 수 없는 규칙 문제(낙과·뒷줄 / 같은 열매의 경계 / 마른 꽃부리)만 있음,,none,none,ok_one_apple=3,psm_review_list,,
apple,20150919_174151_image201,reviewed_260917,reviewed_260917,needs_human,,"라벨 안 된 열매 후보 1곳(x1,y1,x2,y2: 937,1430,984,1472) — 사과 전체를 다시 그리고 번호(N)를 붙일 것",ai,,,20150919_174151,a001,1,1,,,reviewed_number_mask,psm_gt,ok_one_apple=1,psm_review_list,,
apple,20150919_174151_image206,-,-,excluded_duplicate,reviewed_duplicate,거의 같은 사진(대표 20150919_174151_image201 만 남김),ai,,,20150919_174151,a001,0,0,,,none,none,ok_one_apple=1,psm_review_list,,
apple,20150919_174151_image211,-,-,excluded_duplicate,reviewed_duplicate,거의 같은 사진(대표 20150919_174151_image201 만 남김),ai,,,20150919_174151,a001,0,0,,,none,none,ok_one_apple=3 · 확정오류 1,psm_review_list+confirmed_errors,,
apple,20150919_174151_image216,-,-,excluded_duplicate,reviewed_duplicate,거의 같은 사진(대표 20150919_174151_image211 만 남김),ai,,,20150919_174151,a001,0,0,,,none,none,,none,,
apple,20150919_174151_image221,-,-,excluded_duplicate,reviewed_duplicate,거의 같은 사진(대표 20150919_174151_image201 만 남김),ai,,,20150919_174151,a001,0,0,,,none,none,ok_one_apple=1,psm_review_list,,
apple,20150919_174151_image226,-,-,excluded_duplicate,reviewed_duplicate,거의 같은 사진(대표 20150919_174151_image221 만 남김),ai,,,20150919_174151,a001,0,0,,,none,none,ok_one_apple=1,psm_review_list,,
apple,20150919_174151_image231,-,-,excluded_duplicate,reviewed_duplicate,거의 같은 사진(대표 20150919_174151_image201 만 남김),ai,,,20150919_174151,a001,0,0,,,none,none,,none,,
apple,20150919_174151_image236,-,-,excluded_duplicate,reviewed_duplicate,거의 같은 사진(대표 20150919_174151_image231 만 남김),ai,,,20150919_174151,a001,0,0,,,none,none,ok_one_apple=1,psm_review_list,,
apple,20150919_174151_image241,reviewed_260917,reviewed_260917,keep,,,reviewed,,,20150919_174151,a001,1,1,,,reviewed_number_mask,psm_gt,ok_one_apple=3,psm_review_list,,
apple,20150919_174151_image286,reviewed_260917,reviewed_260917,keep,,,reviewed,,,20150919_174151,a002,1,1,,,reviewed_number_mask,psm_gt,,none,,
apple,20150919_174151_image301,-,-,excluded_duplicate,reviewed_duplicate,거의 같은 사진(대표 20150919_174151_image286 만 남김),ai,,,20150919_174151,a002,0,0,,,none,none,ok_one_apple=2 unclear=1,psm_review_list,,
apple,20150919_174151_image361,reviewed_260917,reviewed_260917,keep,,,ai,,,20150919_174151,a003,1,1,,,reviewed_number_mask,psm_gt,one_apple_two_ids=1 · 확정오류 1,psm_review_list+confirmed_errors,,
apple,20150919_174151_image381,-,-,excluded_duplicate,reviewed_duplicate,거의 같은 사진(대표 20150919_174151_image361 만 남김),ai,,,20150919_174151,a003,0,0,,,none,none,,none,,
apple,20150919_174151_image411,reviewed_260917,reviewed_260917,keep,,,reviewed,,,20150919_174151,a003,1,1,,20150919_174151_image431,reviewed_number_mask,psm_gt,ok_one_apple=2,psm_review_list,,
apple,20150919_174151_image431,reviewed_260917,reviewed_260917,keep,,,reviewed,,,20150919_174151,a003,1,1,,20150919_174151_image411,reviewed_number_mask,psm_gt,ok_one_apple=1,psm_review_list,,
apple,20150919_174151_image471,reviewed_260917,reviewed_260917,keep,,,reviewed,,,20150919_174151,as0001,1,1,,,reviewed_number_mask,psm_gt,,none,,
apple,20150919_174151_image496,reviewed_260917,reviewed_260917,keep,,,reviewed,,,20150919_174151,as0002,1,1,,,reviewed_number_mask,psm_gt,ok_one_apple=2,psm_review_list,,
apple,20150919_174151_image601,reviewed_260917,reviewed_260917,keep,,,reviewed,,,20150919_174151,a004,1,1,,20150919_174151_image621,reviewed_number_mask,psm_gt,unclear=1,psm_review_list,,
apple,20150919_174151_image621,reviewed_260917,reviewed_260917,keep,,,reviewed,,,20150919_174151,a004,1,1,,20150919_174151_image601|20150919_174151_image641,reviewed_number_mask,psm_gt,ok_one_apple=1,psm_review_list,,
apple,20150919_174151_image641,reviewed_260917,reviewed_260917,keep,,,reviewed,,,20150919_174151,a004,1,1,,20150919_174151_image621,reviewed_number_mask,psm_gt,,none,,
apple,20150919_174151_image656,-,-,excluded_duplicate,reviewed_duplicate,거의 같은 사진(대표 20150919_174151_image641 만 남김),ai,,,20150919_174151,a004,0,0,,,none,none,,none,,
apple,20150919_174151_image676,reviewed_260917,reviewed_260917,keep,,,reviewed,,,20150919_174151,a004,1,1,,,reviewed_number_mask,psm_gt,ok_one_apple=1,psm_review_list,,
apple,20150919_174151_image736,reviewed_260917,reviewed_260917,keep,,,reviewed,,,20150919_174151,a005,1,1,,,reviewed_number_mask,psm_gt,ok_one_apple=3,psm_review_list,,
apple,20150919_174151_image741,-,-,excluded_duplicate,reviewed_duplicate,거의 같은 사진(대표 20150919_174151_image736 만 남김),ai,,,20150919_174151,a005,0,0,,,none,none,ok_one_apple=3,psm_review_list,,
apple,20150919_174151_image806,reviewed_260917,reviewed_260917,keep,,,reviewed,,,20150919_174151,as0003,1,1,,,reviewed_number_mask,psm_gt,ok_one_apple=2,psm_review_list,,
apple,20150919_174151_image856,reviewed_260917,reviewed_260917,keep,,,reviewed,,,20150919_174151,as0004,1,1,,,reviewed_number_mask,psm_gt,ok_one_apple=5,psm_review_list,,
apple,20150919_174730_image1,reviewed_260917,reviewed_260917,keep,,,reviewed,,,20150919_174730,a006,1,1,,20150919_174730_image11|20150919_174730_image21,reviewed_number_mask,psm_gt,ok_one_apple=1,psm_review_list,,
apple,20150919_174730_image6,-,-,excluded_duplicate,reviewed_duplicate,거의 같은 사진(대표 20150919_174730_image1 만 남김),ai,,,20150919_174730,a006,0,0,,,none,none,ok_one_apple=1 · 확정오류 1,psm_review_list+confirmed_errors,,
apple,20150919_174730_image11,reviewed_260917,reviewed_260917,keep,,,reviewed,,,20150919_174730,a006,1,1,,20150919_174730_image1|20150919_174730_image21,reviewed_number_mask,psm_gt,,none,,
apple,20150919_174730_image16,-,-,excluded_duplicate,reviewed_duplicate,거의 같은 사진(대표 20150919_174730_image11 만 남김),ai,,,20150919_174730,a006,0,0,,,none,none,,none,,
apple,20150919_174730_image21,reviewed_260917,reviewed_260917,keep,,,reviewed,,,20150919_174730,a006,1,1,,20150919_174730_image1|20150919_174730_image11,reviewed_number_mask,psm_gt,ok_one_apple=1,psm_review_list,,
apple,20150919_174730_image26,-,-,excluded_duplicate,reviewed_duplicate,거의 같은 사진(대표 20150919_174730_image21 만 남김),ai,,,20150919_174730,a006,0,0,,,none,none,,none,,
apple,20150919_174730_image31,-,-,excluded_duplicate,reviewed_duplicate,거의 같은 사진(대표 20150919_174730_image11 만 남김),ai,,,20150919_174730,a006,0,0,,,none,none,ok_one_apple=1,psm_review_list,,
apple,20150919_174730_image36,-,-,excluded_duplicate,reviewed_duplicate,거의 같은 사진(대표 20150919_174730_image31 만 남김),ai,,,20150919_174730,a006,0,0,,,none,none,ok_one_apple=1,psm_review_list,,
apple,20150919_174730_image41,-,-,excluded_duplicate,reviewed_duplicate,거의 같은 사진(대표 20150919_174730_image31 만 남김),ai,,,20150919_174730,a006,0,0,,,none,none,,none,,
apple,20150919_174730_image46,-,-,excluded_duplicate,reviewed_duplicate,거의 같은 사진(대표 20150919_174730_image31 만 남김),ai,,,20150919_174730,a006,0,0,,,none,none,,none,,
apple,20150919_174730_image51,-,-,excluded_duplicate,reviewed_duplicate,거의 같은 사진(대표 20150919_174730_image31 만 남김),ai,,,20150919_174730,a006,0,0,,,none,none,,none,,
apple,20150919_174730_image56,reviewed_260917,reviewed_260917,keep,,,reviewed,,,20150919_174730,a006,1,1,[rule_undecided_backrow] 같음 — 1차는 «문제»,20150919_174730_image66|20150919_174730_image76|20150919_174730_image86,reviewed_number_mask,psm_gt,,none,,bottom_5pct_ratio
apple,20150919_174730_image61,-,-,excluded_duplicate,reviewed_duplicate,거의 같은 사진(대표 20150919_174730_image56 만 남김),ai,,,20150919_174730,a006,0,0,,,none,none,,none,,bottom_5pct_ratio
apple,20150919_174730_image66,reviewed_260917,reviewed_260917,keep,,,reviewed,,,20150919_174730,a006,1,1,[rule_undecided_backrow] 같음,20150919_174730_image56|20150919_174730_image76|20150919_174730_image86,reviewed_number_mask,psm_gt,,none,,bottom_5pct_ratio
apple,20150919_174730_image71,-,-,excluded_duplicate,reviewed_duplicate,거의 같은 사진(대표 20150919_174730_image66 만 남김),ai,,,20150919_174730,a006,0,0,,,none,none,,none,,bottom_5pct_ratio
apple,20150919_174730_image76,reviewed_260917,reviewed_260917,keep,,,reviewed,,,20150919_174730,a006,1,1,,20150919_174730_image56|20150919_174730_image66|20150919_174730_image86|20150919_174730_image96,reviewed_number_mask,psm_gt,,none,,bottom_5pct_ratio
apple,20150919_174730_image81,-,-,excluded_duplicate,reviewed_duplicate,거의 같은 사진(대표 20150919_174730_image76 만 남김),ai,,,20150919_174730,a006,0,0,,,none,none,,none,,bottom_5pct_ratio
apple,20150919_174730_image86,reviewed_260917,reviewed_260917,keep,,,reviewed,,,20150919_174730,a006,1,1,,20150919_174730_image56|20150919_174730_image66|20150919_174730_image76|20150919_174730_image96,reviewed_number_mask,psm_gt,,none,,bottom_5pct_ratio
apple,20150919_174730_image91,-,-,excluded_duplicate,reviewed_duplicate,거의 같은 사진(대표 20150919_174730_image86 만 남김),ai,,,20150919_174730,a006,0,0,,,none,none,,none,,bottom_5pct_ratio
apple,20150919_174730_image96,reviewed_260917,reviewed_260917,keep,,,reviewed,,,20150919_174730,a006,1,1,,20150919_174730_image76|20150919_174730_image86,reviewed_number_mask,psm_gt,,none,,bottom_5pct_ratio
apple,20150919_174730_image101,-,-,excluded_duplicate,reviewed_duplicate,거의 같은 사진(대표 20150919_174730_image86 만 남김),ai,,,20150919_174730,a006,0,0,,,none,none,,none,,bottom_5pct_ratio
apple,20150919_174730_image106,-,-,excluded_duplicate,reviewed_duplicate,거의 같은 사진(대표 20150919_174730_image96 만 남김),ai,,,20150919_174730,a006,0,0,,,none,none,,none,,bottom_5pct_ratio
apple,20150919_174730_image111,-,-,excluded_duplicate,reviewed_duplicate,거의 같은 사진(대표 20150919_174730_image96 만 남김),ai,,,20150919_174730,a006,0,0,"[rule_undecided_backrow] 174730_image111 — 앞 묘목 열매 거의 없음, 뒷줄만 있음. 1차는 «명백한 오류»",,none,none,,none,,
apple,20150919_174730_image116,-,-,excluded_duplicate,reviewed_duplicate,거의 같은 사진(대표 20150919_174730_image111 만 남김),ai,,,20150919_174730,a006,0,0,,,none,none,,none,,
apple,20150919_174730_image121,-,-,excluded_duplicate,reviewed_duplicate,거의 같은 사진(대표 20150919_174730_image111 만 남김),ai,,,20150919_174730,a006,0,0,,,none,none,,none,,
apple,20150919_174730_image126,reviewed_260917,reviewed_260917,keep,,,reviewed,,,20150919_174730,a006,1,1,,,reviewed_number_mask,psm_gt,,none,,
apple,20150919_174730_image131,-,-,excluded_duplicate,reviewed_duplicate,거의 같은 사진(대표 20150919_174730_image126 만 남김),ai,,,20150919_174730,a006,0,0,,,none,none,,none,,
apple,20150919_174730_image136,-,-,excluded_duplicate,reviewed_duplicate,거의 같은 사진(대표 20150919_174730_image126 만 남김),ai,,,20150919_174730,a006,0,0,,,none,none,,none,,
apple,20150919_174730_image141,-,-,excluded_duplicate,reviewed_duplicate,거의 같은 사진(대표 20150919_174730_image126 만 남김),ai,,,20150919_174730,a006,0,0,,,none,none,,none,,
apple,20150919_174730_image146,-,-,excluded_duplicate,reviewed_duplicate,거의 같은 사진(대표 20150919_174730_image141 만 남김),ai,,,20150919_174730,a006,0,0,,,none,none,,none,,
apple,20150919_174730_image151,reviewed_260917,reviewed_260917,keep,,,reviewed,,,20150919_174730,a006,1,1,,20150919_174730_image166|20150919_174730_image176|20150919_174730_image211,reviewed_number_mask,psm_gt,unclear=1,psm_review_list,,
apple,20150919_174730_image156,-,-,excluded_duplicate,reviewed_duplicate,거의 같은 사진(대표 20150919_174730_image151 만 남김),ai,,,20150919_174730,a006,0,0,,,none,none,,none,,
apple,20150919_174730_image161,-,-,excluded_duplicate,reviewed_duplicate,거의 같은 사진(대표 20150919_174730_image151 만 남김),ai,,,20150919_174730,a006,0,0,,,none,none,ok_one_apple=1,psm_review_list,,
apple,20150919_174730_image166,reviewed_260917,reviewed_260917,keep,,,reviewed,,,20150919_174730,a006,1,1,,20150919_174730_image151|20150919_174730_image176,reviewed_number_mask,psm_gt,,none,,
apple,20150919_174730_image171,-,-,excluded_duplicate,reviewed_duplicate,거의 같은 사진(대표 20150919_174730_image166 만 남김),ai,,,20150919_174730,a006,0,0,,,none,none,,none,,bottom_5pct_ratio
apple,20150919_174730_image176,reviewed_260917,reviewed_260917,keep,,,reviewed,,,20150919_174730,a006,1,1,,20150919_174730_image151|20150919_174730_image166|20150919_174730_image211|20150919_174730_image221,reviewed_number_mask,psm_gt,,none,,bottom_5pct_ratio
apple,20150919_174730_image181,-,-,excluded_duplicate,reviewed_duplicate,거의 같은 사진(대표 20150919_174730_image176 만 남김),ai,,,20150919_174730,a006,0,0,"[rule_undecided_backrow] 앞 묘목엔 사과 2알뿐, 뒷줄 노란 사과 라벨 없음. 1차는 «명백한 오류» 로 봄",,none,none,,none,,bottom_5pct_ratio
apple,20150919_174730_image186,-,-,excluded_duplicate,reviewed_duplicate,거의 같은 사진(대표 20150919_174730_image201 만 남김),ai,,,20150919_174730,a006,0,0,,,none,none,,none,,bottom_5pct_ratio
apple,20150919_174730_image191,-,-,excluded_duplicate,reviewed_duplicate,거의 같은 사진(대표 20150919_174730_image176 만 남김),ai,,,20150919_174730,a006,0,0,,,none,none,,none,,
apple,20150919_174730_image196,-,-,excluded_duplicate,reviewed_duplicate,거의 같은 사진(대표 20150919_174730_image201 만 남김),ai,,,20150919_174730,a006,0,0,,,none,none,,none,,bottom_5pct_ratio
apple,20150919_174730_image201,reviewed_260917,reviewed_260917,needs_human,,"라벨 안 된 열매 후보 1곳(x1,y1,x2,y2: 920,104,963,145) — 사과 전체를 다시 그리고 번호(N)를 붙일 것 [거의 같은 20150919_174730_image206 의 메모: 라벨 안 된 열매 후보 1곳(x1,y1,x2,y2: 989,79,1031,121) — 사과 전체를 다시 그리고 번호(N)를 붙일 것]",ai,,,20150919_174730,a006,1,1,,20150919_174730_image211|20150919_174730_image221,reviewed_number_mask,psm_gt,,none,,bottom_5pct_ratio
apple,20150919_174730_image206,-,-,excluded_duplicate,reviewed_duplicate,거의 같은 사진(대표 20150919_174730_image201 만 남김),ai,,,20150919_174730,a006,0,0,,,none,none,,none,,
apple,20150919_174730_image211,reviewed_260917,reviewed_260917,keep,,,reviewed,,,20150919_174730,a006,1,1,,20150919_174730_image151|20150919_174730_image176|20150919_174730_image201|20150919_174730_image221,reviewed_number_mask,psm_gt,,none,,
apple,20150919_174730_image216,-,-,excluded_duplicate,reviewed_duplicate,거의 같은 사진(대표 20150919_174730_image211 만 남김),ai,,,20150919_174730,a006,0,0,,,none,none,,none,,bottom_5pct_ratio
apple,20150919_174730_image221,reviewed_260917,reviewed_260917,keep,,,reviewed,,,20150919_174730,a006,1,1,,20150919_174730_image176|20150919_174730_image201|20150919_174730_image211|20150919_174730_image236|20150919_174730_image246|20150919_174730_image256,reviewed_number_mask,psm_gt,,none,,bottom_5pct_ratio
apple,20150919_174730_image226,-,-,excluded_duplicate,reviewed_duplicate,거의 같은 사진(대표 20150919_174730_image221 만 남김),ai,,,20150919_174730,a006,0,0,,,none,none,,none,,bottom_5pct_ratio
apple,20150919_174730_image231,-,-,excluded_duplicate,reviewed_duplicate,거의 같은 사진(대표 20150919_174730_image221 만 남김),ai,,,20150919_174730,a006,0,0,,,none,none,,none,,bottom_5pct_ratio
apple,20150919_174730_image236,reviewed_260917,reviewed_260917,keep,,,reviewed,,,20150919_174730,a006,1,1,[rule_undecided_backrow] 앞 묘목엔 열매가 거의 없고 뒷줄에만 있음. 앞나무만 라벨하는 관행과 일치,20150919_174730_image221|20150919_174730_image246|20150919_174730_image256,reviewed_number_mask,psm_gt,,none,,bottom_5pct_ratio
apple,20150919_174730_image241,-,-,excluded_duplicate,reviewed_duplicate,거의 같은 사진(대표 20150919_174730_image221 만 남김),ai,,,20150919_174730,a006,0,0,[rule_undecided_backrow] 앞 묘목 무열매·뒷줄만 열매,,none,none,,none,,bottom_5pct_ratio
apple,20150919_174730_image246,reviewed_260917,reviewed_260917,keep,,,reviewed,,,20150919_174730,a006,1,1,[rule_undecided_backrow] 같음,20150919_174730_image221|20150919_174730_image236|20150919_174730_image256|20150919_174730_image271,reviewed_number_mask,psm_gt,,none,,bottom_5pct_ratio
apple,20150919_174730_image251,-,-,excluded_duplicate,reviewed_duplicate,거의 같은 사진(대표 20150919_174730_image246 만 남김),ai,,,20150919_174730,a006,0,0,[rule_undecided_backrow] 같음,,none,none,,none,,bottom_5pct_ratio
apple,20150919_174730_image256,reviewed_260917,reviewed_260917,keep,,,reviewed,,,20150919_174730,a006,1,1,[rule_undecided_backrow] 같음 — 1차는 «문제» 로 봤으나 앞나무엔 실제로 열매가 없음,20150919_174730_image221|20150919_174730_image236|20150919_174730_image246|20150919_174730_image271,reviewed_number_mask,psm_gt,,none,,bottom_5pct_ratio
apple,20150919_174730_image261,-,-,excluded_duplicate,reviewed_duplicate,거의 같은 사진(대표 20150919_174730_image256 만 남김),ai,,,20150919_174730,a006,0,0,[rule_undecided_backrow] 같음,,none,none,,none,,bottom_5pct_ratio
apple,20150919_174730_image266,-,-,excluded_duplicate,reviewed_duplicate,거의 같은 사진(대표 20150919_174730_image256 만 남김),ai,,,20150919_174730,a006,0,0,[rule_undecided_backrow] 같음,,none,none,,none,,bottom_5pct_ratio
apple,20150919_174730_image271,reviewed_260917,reviewed_260917,keep,,,reviewed,,,20150919_174730,a006,1,1,[rule_undecided_backrow] 같음,20150919_174730_image246|20150919_174730_image256,reviewed_number_mask,psm_gt,,none,,
apple,20150919_174730_image276,-,-,excluded_duplicate,reviewed_duplicate,거의 같은 사진(대표 20150919_174730_image271 만 남김),ai,,,20150919_174730,a006,0,0,[rule_undecided_backrow] 같음,,none,none,,none,,
apple,20150919_174730_image286,-,-,excluded_duplicate,reviewed_duplicate,거의 같은 사진(대표 20150919_174730_image271 만 남김),ai,,,20150919_174730,a006,0,0,[rule_undecided_backrow] 뒷줄 노란 사과밭 전체 라벨 없음,,none,none,,none,,
apple,20150919_174730_image296,reviewed_260917,reviewed_260917,keep,,,reviewed,,,20150919_174730,a006,1,1,[rule_undecided_backrow] 같음,,reviewed_number_mask,psm_gt,,none,,
apple,20150919_174730_image301,-,-,excluded_duplicate,reviewed_duplicate,거의 같은 사진(대표 20150919_174730_image296 만 남김),ai,,,20150919_174730,a006,0,0,[rule_undecided_backrow] 같음,,none,none,,none,,
apple,20150919_174730_image306,-,-,excluded_duplicate,reviewed_duplicate,거의 같은 사진(대표 20150919_174730_image296 만 남김),ai,,,20150919_174730,a006,0,0,[rule_undecided_backrow] 같음,,none,none,,none,,
apple,20150919_174730_image321,reviewed_260917,reviewed_260917,keep,,,reviewed,,,20150919_174730,a006,1,1,,,reviewed_number_mask,psm_gt,,none,,
apple,20150919_174730_image331,-,-,excluded_duplicate,reviewed_duplicate,거의 같은 사진(대표 20150919_174730_image321 만 남김),ai,,,20150919_174730,a006,0,0,,,none,none,,none,,
apple,20150919_174730_image341,-,-,excluded_duplicate,reviewed_duplicate,거의 같은 사진(대표 20150919_174730_image321 만 남김),ai,,,20150919_174730,a006,0,0,"[rule_undecided_backrow] image341: 앞나무만 라벨, 뒷줄 노란 사과밭 전체 라벨 없음 — 가장 또렷한 예",,none,none,,none,,
apple,20150919_174730_image351,-,-,excluded_duplicate,reviewed_duplicate,거의 같은 사진(대표 20150919_174730_image341 만 남김),ai,,,20150919_174730,a006,0,0,,,none,none,,none,,
apple,20150919_174730_image356,reviewed_260917,reviewed_260917,keep,,,reviewed,,,20150919_174730,a006,1,1,,20150919_174730_image386,reviewed_number_mask,psm_gt,,none,,
apple,20150919_174730_image376,-,-,excluded_duplicate,reviewed_duplicate,거의 같은 사진(대표 20150919_174730_image341 만 남김),ai,,,20150919_174730,a006,0,0,,,none,none,,none,,
apple,20150919_174730_image386,reviewed_260917,reviewed_260917,keep,,,reviewed,,,20150919_174730,a006,1,1,,20150919_174730_image356|20150919_174730_image426,reviewed_number_mask,psm_gt,,none,,
apple,20150919_174730_image396,-,-,excluded_duplicate,reviewed_duplicate,거의 같은 사진(대표 20150919_174730_image386 만 남김),ai,,,20150919_174730,a006,0,0,,,none,none,,none,,
apple,20150919_174730_image411,-,-,excluded_duplicate,reviewed_duplicate,거의 같은 사진(대표 20150919_174730_image386 만 남김),ai,,,20150919_174730,a006,0,0,,,none,none,,none,,
apple,20150919_174730_image426,reviewed_260917,reviewed_260917,keep,,,reviewed,,,20150919_174730,a006,1,1,,20150919_174730_image386|20150919_174730_image441|20150919_174730_image471,reviewed_number_mask,psm_gt,,none,,
apple,20150919_174730_image436,-,-,excluded_duplicate,reviewed_duplicate,거의 같은 사진(대표 20150919_174730_image426 만 남김),ai,,,20150919_174730,a006,0,0,,,none,none,,none,,
apple,20150919_174730_image441,reviewed_260917,reviewed_260917,keep,,,reviewed,,,20150919_174730,a006,1,1,,20150919_174730_image426,reviewed_number_mask,psm_gt,,none,,
apple,20150919_174730_image456,-,-,excluded_duplicate,reviewed_duplicate,거의 같은 사진(대표 20150919_174730_image441 만 남김),ai,,,20150919_174730,a006,0,0,,,none,none,,none,,
apple,20150919_174730_image471,reviewed_260917,reviewed_260917,keep,,,reviewed,,,20150919_174730,a006,1,1,,20150919_174730_image426|20150919_174730_image486,reviewed_number_mask,psm_gt,ok_one_apple=1,psm_review_list,,
apple,20150919_174730_image486,reviewed_260917,reviewed_260917,keep,,,reviewed,,,20150919_174730,a006,1,1,,20150919_174730_image471,reviewed_number_mask,psm_gt,,none,,
apple,20150919_174730_image491,-,-,excluded_duplicate,reviewed_duplicate,거의 같은 사진(대표 20150919_174730_image486 만 남김),ai,,,20150919_174730,a006,0,0,"[rule_undecided_backrow] 174730_image491 — 앞나무만 라벨, 뒷줄 노란 사과 라벨 없음",,none,none,,none,,
apple,20150919_174730_image496,-,-,excluded_duplicate,reviewed_duplicate,거의 같은 사진(대표 20150919_174730_image486 만 남김),ai,,,20150919_174730,a006,0,0,,,none,none,,none,,
apple,20150919_174730_image506,-,-,excluded_duplicate,reviewed_duplicate,거의 같은 사진(대표 20150919_174730_image486 만 남김),ai,,,20150919_174730,a006,0,0,,,none,none,,none,,
apple,20150919_174730_image521,-,-,excluded_duplicate,reviewed_duplicate,거의 같은 사진(대표 20150919_174730_image506 만 남김),ai,,,20150919_174730,a006,0,0,,,none,none,,none,,
apple,20150919_174730_image536,reviewed_260917,reviewed_260917,keep,,,reviewed,,,20150919_174730,a006,1,1,,20150919_174730_image551|20150919_174730_image581,reviewed_number_mask,psm_gt,,none,,
apple,20150919_174730_image551,reviewed_260917,reviewed_260917,keep,,,reviewed,,,20150919_174730,a006,1,1,,20150919_174730_image536|20150919_174730_image581,reviewed_number_mask,psm_gt,,none,,
apple,20150919_174730_image566,-,-,excluded_duplicate,reviewed_duplicate,거의 같은 사진(대표 20150919_174730_image551 만 남김),ai,,,20150919_174730,a006,0,0,,,none,none,,none,,
apple,20150919_174730_image581,reviewed_260917,reviewed_260917,keep,,,reviewed,,,20150919_174730,a006,1,1,,20150919_174730_image536|20150919_174730_image551|20150919_174730_image596|20150919_174730_image611,reviewed_number_mask,psm_gt,,none,,
apple,20150919_174730_image596,reviewed_260917,reviewed_260917,keep,,,reviewed,,,20150919_174730,a006,1,1,,20150919_174730_image581|20150919_174730_image611,reviewed_number_mask,psm_gt,,none,,
apple,20150919_174730_image611,reviewed_260917,reviewed_260917,keep,,,reviewed,,,20150919_174730,a006,1,1,,20150919_174730_image581|20150919_174730_image596,reviewed_number_mask,psm_gt,,none,,
apple,20150919_174730_image631,-,-,excluded_duplicate,reviewed_duplicate,거의 같은 사진(대표 20150919_174730_image611 만 남김),ai,,,20150919_174730,a006,0,0,,,none,none,,none,,
apple,20150919_174730_image646,reviewed_260917,reviewed_260917,keep,,,reviewed,,,20150919_174730,a006,1,1,,20150919_174730_image666|20150919_174730_image681,reviewed_number_mask,psm_gt,,none,,
apple,20150919_174730_image666,reviewed_260917,reviewed_260917,keep,,,reviewed,,,20150919_174730,a006,1,1,,20150919_174730_image646|20150919_174730_image681|20150919_174730_image701,reviewed_number_mask,psm_gt,,none,,
apple,20150919_174730_image681,reviewed_260917,reviewed_260917,keep,,,reviewed,,,20150919_174730,a006,1,1,,20150919_174730_image646|20150919_174730_image666|20150919_174730_image701,reviewed_number_mask,psm_gt,,none,,
apple,20150919_174730_image701,reviewed_260917,reviewed_260917,keep,,,reviewed,,,20150919_174730,a006,1,1,,20150919_174730_image666|20150919_174730_image681|20150919_174730_image736,reviewed_number_mask,psm_gt,,none,,
apple,20150919_174730_image736,reviewed_260917,reviewed_260917,keep,,,reviewed,,,20150919_174730,a006,1,1,,20150919_174730_image701|20150919_174730_image761,reviewed_number_mask,psm_gt,,none,,
apple,20150919_174730_image761,reviewed_260917,reviewed_260917,keep,,,reviewed,,,20150919_174730,a006,1,1,,20150919_174730_image736|20150919_174730_image786,reviewed_number_mask,psm_gt,,none,,
apple,20150919_174730_image786,reviewed_260917,reviewed_260917,keep,,,reviewed,,,20150919_174730,a006,1,1,,20150919_174730_image761,reviewed_number_mask,psm_gt,,none,,
apple,20150919_174730_image811,-,-,excluded_duplicate,reviewed_duplicate,거의 같은 사진(대표 20150919_174730_image786 만 남김),ai,,,20150919_174730,a006,0,0,,,none,none,,none,,
apple,20150919_174730_image861,reviewed_260917,reviewed_260917,keep,,,reviewed,,,20150919_174730,a007,1,1,,20150919_174730_image911,reviewed_number_mask,psm_gt,,none,,
apple,20150919_174730_image911,reviewed_260917,reviewed_260917,keep,,,reviewed,,,20150919_174730,a007,1,1,,20150919_174730_image861|20150919_174730_image961,reviewed_number_mask,psm_gt,,none,,
apple,20150919_174730_image961,reviewed_260917,reviewed_260917,keep,,,reviewed,,,20150919_174730,a007,1,1,,20150919_174730_image911,reviewed_number_mask,psm_gt,ok_one_apple=3,psm_review_list,,
apple,20150919_174730_image1046,reviewed_260917,reviewed_260917,keep,,,reviewed,,,20150919_174730,as0005,1,1,,,reviewed_number_mask,psm_gt,ok_one_apple=2,psm_review_list,,
apple,20150919_174730_image1146,reviewed_260917,reviewed_260917,keep,,,reviewed,,,20150919_174730,as0006,1,1,,,reviewed_number_mask,psm_gt,,none,,
apple,20150919_174730_image1331,reviewed_260917,reviewed_260917,keep,,,reviewed,,,20150919_174730,as0007,1,1,,,reviewed_number_mask,psm_gt,,none,,
apple,20150921_131234_image1,reviewed_260917,reviewed_260917,keep,,,reviewed,,,20150921_131234,a008,1,1,,20150921_131234_image26,reviewed_number_mask,psm_gt,,none,,
apple,20150921_131234_image6,-,-,excluded_duplicate,reviewed_duplicate,거의 같은 사진(대표 20150921_131234_image1 만 남김),ai,,,20150921_131234,a008,0,0,,,none,none,,none,,
apple,20150921_131234_image11,-,-,excluded_duplicate,reviewed_duplicate,거의 같은 사진(대표 20150921_131234_image1 만 남김),ai,,,20150921_131234,a008,0,0,,,none,none,ok_one_apple=1,psm_review_list,,
apple,20150921_131234_image16,-,-,excluded_duplicate,reviewed_duplicate,거의 같은 사진(대표 20150921_131234_image1 만 남김),ai,,,20150921_131234,a008,0,0,,,none,none,ok_one_apple=4,psm_review_list,,
apple,20150921_131234_image21,-,-,excluded_duplicate,reviewed_duplicate,거의 같은 사진(대표 20150921_131234_image16 만 남김),ai,,,20150921_131234,a008,0,0,,,none,none,ok_one_apple=1,psm_review_list,,
apple,20150921_131234_image26,reviewed_260917,reviewed_260917,keep,,,reviewed,,,20150921_131234,a008,1,1,,20150921_131234_image1,reviewed_number_mask,psm_gt,,none,,
apple,20150921_131234_image31,-,-,excluded_duplicate,reviewed_duplicate,거의 같은 사진(대표 20150921_131234_image26 만 남김),ai,,,20150921_131234,a008,0,0,,,none,none,,none,,
apple,20150921_131234_image36,-,-,excluded_duplicate,reviewed_duplicate,거의 같은 사진(대표 20150921_131234_image26 만 남김),ai,,,20150921_131234,a008,0,0,,,none,none,,none,,
apple,20150921_131234_image41,-,-,excluded_duplicate,reviewed_duplicate,거의 같은 사진(대표 20150921_131234_image36 만 남김),ai,,,20150921_131234,a008,0,0,,,none,none,,none,,
apple,20150921_131234_image56,reviewed_260917,reviewed_260917,keep,,,reviewed,,,20150921_131234,a008,1,1,,20150921_131234_image86,reviewed_number_mask,psm_gt,ok_one_apple=2,psm_review_list,,
apple,20150921_131234_image61,-,-,excluded_duplicate,reviewed_duplicate,거의 같은 사진(대표 20150921_131234_image56 만 남김),ai,,,20150921_131234,a008,0,0,,,none,none,,none,,
apple,20150921_131234_image66,-,-,excluded_duplicate,reviewed_duplicate,거의 같은 사진(대표 20150921_131234_image56 만 남김),ai,,,20150921_131234,a008,0,0,,,none,none,,none,,
apple,20150921_131234_image86,reviewed_260917,reviewed_260917,keep,,,reviewed,,,20150921_131234,a008,1,1,,20150921_131234_image56,reviewed_number_mask,psm_gt,,none,,
apple,20150921_131234_image91,-,-,excluded_duplicate,reviewed_duplicate,거의 같은 사진(대표 20150921_131234_image86 만 남김),ai,,,20150921_131234,a008,0,0,,,none,none,,none,,
apple,20150921_131234_image201,reviewed_260917,reviewed_260917,keep,,,reviewed,,,20150921_131234,a009,1,1,,,reviewed_number_mask,psm_gt,,none,,
apple,20150921_131234_image206,-,-,excluded_duplicate,reviewed_duplicate,거의 같은 사진(대표 20150921_131234_image201 만 남김),ai,,,20150921_131234,a009,0,0,,,none,none,,none,,
apple,20150921_131234_image216,-,-,excluded_duplicate,reviewed_duplicate,거의 같은 사진(대표 20150921_131234_image201 만 남김),ai,,,20150921_131234,a009,0,0,,,none,none,,none,,
apple,20150921_131234_image221,-,-,excluded_duplicate,reviewed_duplicate,거의 같은 사진(대표 20150921_131234_image201 만 남김),ai,,,20150921_131234,a009,0,0,,,none,none,,none,,
apple,20150921_131234_image231,reviewed_260917,reviewed_260917,keep,,,reviewed,,,20150921_131234,a009,1,1,,,reviewed_number_mask,psm_gt,ok_one_apple=2,psm_review_list,,
apple,20150921_131234_image236,-,-,excluded_duplicate,reviewed_duplicate,거의 같은 사진(대표 20150921_131234_image231 만 남김),ai,,,20150921_131234,a009,0,0,,,none,none,ok_one_apple=1,psm_review_list,,
apple,20150921_131234_image286,reviewed_260917,reviewed_260917,keep,,,reviewed,,,20150921_131234,a010,1,1,,20150921_131234_image306,reviewed_number_mask,psm_gt,,none,,
apple,20150921_131234_image306,reviewed_260917,reviewed_260917,needs_human,,"라벨 안 된 열매 후보 1곳(x1,y1,x2,y2: 900,939,944,975) — 그중 1곳은 어두워서 확대해 볼 것 — 사과 전체를 다시 그리고 번호(N)를 붙일 것",ai,,,20150921_131234,a010,1,1,,20150921_131234_image286|20150921_131234_image341,reviewed_number_mask,psm_gt,,none,,
apple,20150921_131234_image341,reviewed_260917,reviewed_260917,keep,,,reviewed,,,20150921_131234,a010,1,1,,20150921_131234_image306|20150921_131234_image361,reviewed_number_mask,psm_gt,ok_one_apple=2,psm_review_list,,
apple,20150921_131234_image361,reviewed_260917,reviewed_260917,keep,,,reviewed,,,20150921_131234,a010,1,1,,20150921_131234_image341,reviewed_number_mask,psm_gt,,none,,
apple,20150921_131234_image366,-,-,excluded_duplicate,reviewed_duplicate,거의 같은 사진(대표 20150921_131234_image361 만 남김),ai,,,20150921_131234,a010,0,0,,,none,none,,none,,
apple,20150921_131234_image401,-,-,excluded_duplicate,reviewed_duplicate,거의 같은 사진(대표 20150921_131234_image406 만 남김),ai,,,20150921_131234,a011,0,0,,,none,none,,none,,
apple,20150921_131234_image406,reviewed_260917,reviewed_260917,needs_human,,"라벨 안 된 열매 후보 1곳(x1,y1,x2,y2: 1037,975,1079,1020) — 사과 전체를 다시 그리고 번호(N)를 붙일 것",ai,,,20150921_131234,a011,1,1,,,reviewed_number_mask,psm_gt,,none,,
apple,20150921_131234_image416,-,-,excluded_duplicate,reviewed_duplicate,거의 같은 사진(대표 20150921_131234_image406 만 남김),ai,,,20150921_131234,a011,0,0,,,none,none,,none,,
apple,20150921_131234_image451,reviewed_260917,reviewed_260917,keep,,,reviewed,,,20150921_131234,a011,1,1,,,reviewed_number_mask,psm_gt,unclear=1,psm_review_list,,
apple,20150921_131234_image456,-,-,excluded_duplicate,reviewed_duplicate,거의 같은 사진(대표 20150921_131234_image451 만 남김),ai,,,20150921_131234,a011,0,0,,,none,none,,none,,
apple,20150921_131234_image461,-,-,excluded_duplicate,reviewed_duplicate,거의 같은 사진(대표 20150921_131234_image451 만 남김),ai,,,20150921_131234,a011,0,0,,,none,none,ok_one_apple=1,psm_review_list,,
apple,20150921_131234_image476,reviewed_260917,reviewed_260917,keep,,,reviewed,,,20150921_131234,a011,1,1,,,reviewed_number_mask,psm_gt,ok_one_apple=1,psm_review_list,,
apple,20150921_131234_image481,-,-,excluded_duplicate,reviewed_duplicate,거의 같은 사진(대표 20150921_131234_image476 만 남김),ai,,,20150921_131234,a011,0,0,,,none,none,ok_one_apple=1,psm_review_list,,
apple,20150921_131234_image486,-,-,excluded_duplicate,reviewed_duplicate,거의 같은 사진(대표 20150921_131234_image476 만 남김),ai,,,20150921_131234,a011,0,0,,,none,none,ok_one_apple=1 one_apple_two_ids=1 · 확정오류 1,psm_review_list+confirmed_errors,,
apple,20150921_131234_image536,reviewed_260917,reviewed_260917,keep,,,reviewed,,,20150921_131234,a012,1,1,,20150921_131234_image556,reviewed_number_mask,psm_gt,,none,,
apple,20150921_131234_image541,-,-,excluded_duplicate,reviewed_duplicate,거의 같은 사진(대표 20150921_131234_image536 만 남김),ai,,,20150921_131234,a012,0,0,,,none,none,,none,,
apple,20150921_131234_image546,-,-,excluded_duplicate,reviewed_duplicate,거의 같은 사진(대표 20150921_131234_image536 만 남김),ai,,,20150921_131234,a012,0,0,,,none,none,,none,,
apple,20150921_131234_image551,-,-,excluded_duplicate,reviewed_duplicate,거의 같은 사진(대표 20150921_131234_image536 만 남김),ai,,,20150921_131234,a012,0,0,,,none,none,,none,,
apple,20150921_131234_image556,reviewed_260917,reviewed_260917,keep,,,reviewed,,,20150921_131234,a012,1,1,,20150921_131234_image536|20150921_131234_image586,reviewed_number_mask,psm_gt,,none,,
apple,20150921_131234_image561,-,-,excluded_duplicate,reviewed_duplicate,거의 같은 사진(대표 20150921_131234_image556 만 남김),ai,,,20150921_131234,a012,0,0,,,none,none,,none,,
apple,20150921_131234_image566,-,-,excluded_duplicate,reviewed_duplicate,거의 같은 사진(대표 20150921_131234_image556 만 남김),ai,,,20150921_131234,a012,0,0,,,none,none,,none,,
apple,20150921_131234_image571,-,-,excluded_duplicate,reviewed_duplicate,거의 같은 사진(대표 20150921_131234_image566 만 남김),ai,,,20150921_131234,a012,0,0,,,none,none,ok_one_apple=1,psm_review_list,,
apple,20150921_131234_image576,-,-,excluded_duplicate,reviewed_duplicate,거의 같은 사진(대표 20150921_131234_image556 만 남김),ai,,,20150921_131234,a012,0,0,,,none,none,,none,,
apple,20150921_131234_image581,-,-,excluded_duplicate,reviewed_duplicate,거의 같은 사진(대표 20150921_131234_image576 만 남김),ai,,,20150921_131234,a012,0,0,,,none,none,,none,,
apple,20150921_131234_image586,reviewed_260917,reviewed_260917,keep,,,reviewed,,,20150921_131234,a012,1,1,,20150921_131234_image556,reviewed_number_mask,psm_gt,,none,,
apple,20150921_131234_image591,-,-,excluded_duplicate,reviewed_duplicate,거의 같은 사진(대표 20150921_131234_image586 만 남김),ai,,,20150921_131234,a012,0,0,,,none,none,,none,,
apple,20150921_131234_image596,-,-,excluded_duplicate,reviewed_duplicate,거의 같은 사진(대표 20150921_131234_image586 만 남김),ai,,,20150921_131234,a012,0,0,,,none,none,,none,,
apple,20150921_131234_image626,reviewed_260917,reviewed_260917,keep,,,reviewed,,,20150921_131234,a012,1,1,,20150921_131234_image636,reviewed_number_mask,psm_gt,,none,,
apple,20150921_131234_image631,-,-,excluded_duplicate,reviewed_duplicate,거의 같은 사진(대표 20150921_131234_image626 만 남김),ai,,,20150921_131234,a012,0,0,,,none,none,,none,,
apple,20150921_131234_image636,reviewed_260917,reviewed_260917,keep,,,reviewed,,,20150921_131234,a012,1,1,,20150921_131234_image626,reviewed_number_mask,psm_gt,,none,,
apple,20150921_131234_image641,-,-,excluded_duplicate,reviewed_duplicate,거의 같은 사진(대표 20150921_131234_image636 만 남김),ai,,,20150921_131234,a012,0,0,,,none,none,,none,,
apple,20150921_131234_image646,-,-,excluded_duplicate,reviewed_duplicate,거의 같은 사진(대표 20150921_131234_image626 만 남김),ai,,,20150921_131234,a012,0,0,,,none,none,,none,,
apple,20150921_131234_image651,-,-,excluded_duplicate,reviewed_duplicate,거의 같은 사진(대표 20150921_131234_image646 만 남김),ai,,,20150921_131234,a012,0,0,,,none,none,,none,,
apple,20150921_131234_image656,-,-,excluded_duplicate,reviewed_duplicate,거의 같은 사진(대표 20150921_131234_image636 만 남김),ai,,,20150921_131234,a012,0,0,,,none,none,,none,,
apple,20150921_131234_image661,-,-,excluded_duplicate,reviewed_duplicate,거의 같은 사진(대표 20150921_131234_image656 만 남김),ai,,,20150921_131234,a012,0,0,,,none,none,,none,,
apple,20150921_131234_image666,reviewed_260917,reviewed_260917,keep,,,reviewed,,,20150921_131234,a012,1,1,,,reviewed_number_mask,psm_gt,,none,,
apple,20150921_131234_image676,-,-,excluded_duplicate,reviewed_duplicate,거의 같은 사진(대표 20150921_131234_image666 만 남김),ai,,,20150921_131234,a012,0,0,,,none,none,,none,,
apple,20150921_131234_image681,-,-,excluded_duplicate,reviewed_duplicate,거의 같은 사진(대표 20150921_131234_image676 만 남김),ai,,,20150921_131234,a012,0,0,,,none,none,,none,,
apple,20150921_131234_image686,-,-,excluded_duplicate,reviewed_duplicate,거의 같은 사진(대표 20150921_131234_image666 만 남김),ai,,,20150921_131234,a012,0,0,,,none,none,,none,,
apple,20150921_131346_image1,reviewed_260917,reviewed_260917,keep,,,reviewed,,,20150921_131346,a013,1,1,,,reviewed_number_mask,psm_gt,,none,,
apple,20150921_131346_image6,-,-,excluded_duplicate,reviewed_duplicate,거의 같은 사진(대표 20150921_131346_image1 만 남김),ai,,,20150921_131346,a013,0,0,,,none,none,,none,,
apple,20150921_131346_image11,-,-,excluded_duplicate,reviewed_duplicate,거의 같은 사진(대표 20150921_131346_image1 만 남김),ai,,,20150921_131346,a013,0,0,,,none,none,,none,,
apple,20150921_131346_image16,-,-,excluded_duplicate,reviewed_duplicate,거의 같은 사진(대표 20150921_131346_image1 만 남김),ai,,,20150921_131346,a013,0,0,,,none,none,,none,,
apple,20150921_131346_image21,-,-,excluded_duplicate,reviewed_duplicate,거의 같은 사진(대표 20150921_131346_image1 만 남김),ai,,,20150921_131346,a013,0,0,,,none,none,,none,,
apple,20150921_131346_image26,-,-,excluded_duplicate,reviewed_duplicate,거의 같은 사진(대표 20150921_131346_image1 만 남김),ai,,,20150921_131346,a013,0,0,,,none,none,,none,,
apple,20150921_131346_image31,-,-,excluded_duplicate,reviewed_duplicate,거의 같은 사진(대표 20150921_131346_image1 만 남김),ai,,,20150921_131346,a013,0,0,,,none,none,,none,,
apple,20150921_131346_image36,-,-,excluded_duplicate,reviewed_duplicate,거의 같은 사진(대표 20150921_131346_image1 만 남김),ai,,,20150921_131346,a013,0,0,,,none,none,,none,,
apple,20150921_131346_image41,reviewed_260917,reviewed_260917,keep,,,reviewed,,,20150921_131346,a013,1,1,,20150921_131346_image51|20150921_131346_image81,reviewed_number_mask,psm_gt,,none,,
apple,20150921_131346_image51,reviewed_260917,reviewed_260917,keep,,,reviewed,,,20150921_131346,a013,1,1,,20150921_131346_image41|20150921_131346_image81,reviewed_number_mask,psm_gt,border_artifact=1 ok_one_apple=1 · 확정오류 1,psm_review_list+confirmed_errors,,
apple,20150921_131346_image56,-,-,excluded_duplicate,reviewed_duplicate,거의 같은 사진(대표 20150921_131346_image51 만 남김),ai,,,20150921_131346,a013,0,0,,,none,none,border_artifact=1 · 확정오류 1,psm_review_list+confirmed_errors,,
apple,20150921_131346_image81,reviewed_260917,reviewed_260917,keep,,,reviewed,,,20150921_131346,a013,1,1,,20150921_131346_image41|20150921_131346_image51,reviewed_number_mask,psm_gt,,none,,
apple,20150921_131346_image146,reviewed_260917,reviewed_260917,keep,,,reviewed,,,20150921_131346,a015,1,1,,,reviewed_number_mask,psm_gt,,none,,
apple,20150921_131346_image151,-,-,excluded_duplicate,reviewed_duplicate,거의 같은 사진(대표 20150921_131346_image146 만 남김),ai,,,20150921_131346,a015,0,0,,,none,none,border_artifact=2 · 확정오류 1,psm_review_list+confirmed_errors,,
apple,20150921_131346_image211,reviewed_260917,reviewed_260917,keep,,,reviewed,,,20150921_131346,a016,1,1,,20150921_131346_image226,reviewed_number_mask,psm_gt,,none,,
apple,20150921_131346_image226,reviewed_260917,reviewed_260917,keep,,,reviewed,,,20150921_131346,a016,1,1,,20150921_131346_image211|20150921_131346_image256,reviewed_number_mask,psm_gt,,none,,
apple,20150921_131346_image256,reviewed_260917,reviewed_260917,keep,,,reviewed,,,20150921_131346,a016,1,1,,20150921_131346_image226,reviewed_number_mask,psm_gt,ok_one_apple=1,psm_review_list,,
apple,20150921_131346_image276,-,-,excluded_duplicate,reviewed_duplicate,거의 같은 사진(대표 20150921_131346_image281 만 남김),ai,,,20150921_131346,a016,0,0,,,none,none,ok_one_apple=1,psm_review_list,,
apple,20150921_131346_image281,reviewed_260917,reviewed_260917,needs_human,,"라벨 안 된 열매 후보 1곳(x1,y1,x2,y2: 201,1632,255,1677) — 사과 전체를 다시 그리고 번호(N)를 붙일 것",ai,,,20150921_131346,a016,1,1,,,reviewed_number_mask,psm_gt,ok_one_apple=1,psm_review_list,,
apple,20150921_131346_image311,reviewed_260917,reviewed_260917,keep,,,reviewed,,,20150921_131346,a017,1,1,,,reviewed_number_mask,psm_gt,,none,,
apple,20150921_131346_image316,-,-,excluded_duplicate,reviewed_duplicate,거의 같은 사진(대표 20150921_131346_image311 만 남김),ai,,,20150921_131346,a017,0,0,,,none,none,,none,,
apple,20150921_131346_image341,reviewed_260917,reviewed_260917,keep,,,reviewed,,,20150921_131346,as0008,1,1,,,reviewed_number_mask,psm_gt,,none,,
apple,20150921_131346_image386,reviewed_260917,reviewed_260917,keep,,,reviewed,,,20150921_131346,a018,1,1,,,reviewed_number_mask,psm_gt,ok_one_apple=1,psm_review_list,,
apple,20150921_131346_image406,-,-,excluded_duplicate,reviewed_duplicate,거의 같은 사진(대표 20150921_131346_image386 만 남김),ai,,,20150921_131346,a018,0,0,,,none,none,,none,,
apple,20150921_131346_image411,-,-,excluded_duplicate,reviewed_duplicate,거의 같은 사진(대표 20150921_131346_image406 만 남김),ai,,,20150921_131346,a018,0,0,,,none,none,,none,,
apple,20150921_131346_image496,reviewed_260917,reviewed_260917,keep,,,reviewed,,,20150921_131346,as0009,1,1,,,reviewed_number_mask,psm_gt,,none,,
apple,20150921_131346_image541,reviewed_260917,reviewed_260917,keep,,,reviewed,,,20150921_131346,as0010,1,1,,,reviewed_number_mask,psm_gt,,none,,
apple,20150921_131346_image596,-,-,excluded_duplicate,reviewed_duplicate,거의 같은 사진(대표 20150921_131346_image601 만 남김),ai,,,20150921_131346,a019,0,0,,,none,none,,none,,
apple,20150921_131346_image601,reviewed_260917,reviewed_260917,needs_human,,"라벨 안 된 열매 후보 1곳(x1,y1,x2,y2: 926,565,974,607) — 그중 1곳은 어두워서 확대해 볼 것 — 사과 전체를 다시 그리고 번호(N)를 붙일 것",ai,,,20150921_131346,a019,1,1,,20150921_131346_image621,reviewed_number_mask,psm_gt,,none,,
apple,20150921_131346_image621,reviewed_260917,reviewed_260917,keep,,,reviewed,,,20150921_131346,a019,1,1,,20150921_131346_image601|20150921_131346_image631,reviewed_number_mask,psm_gt,,none,,
apple,20150921_131346_image631,reviewed_260917,reviewed_260917,keep,,,reviewed,,,20150921_131346,a019,1,1,,20150921_131346_image621,reviewed_number_mask,psm_gt,,none,,
apple,20150921_131346_image701,reviewed_260917,reviewed_260917,keep,,,reviewed,,,20150921_131346,a020,1,1,,,reviewed_number_mask,psm_gt,,none,,
apple,20150921_131346_image706,-,-,excluded_duplicate,reviewed_duplicate,거의 같은 사진(대표 20150921_131346_image701 만 남김),ai,,,20150921_131346,a020,0,0,,,none,none,,none,,
apple,20150921_131346_image711,-,-,excluded_duplicate,reviewed_duplicate,거의 같은 사진(대표 20150921_131346_image701 만 남김),ai,,,20150921_131346,a020,0,0,,,none,none,,none,,
apple,20150921_131346_image721,-,-,excluded_duplicate,reviewed_duplicate,거의 같은 사진(대표 20150921_131346_image701 만 남김),ai,,,20150921_131346,a020,0,0,,,none,none,,none,,
apple,20150921_131346_image736,reviewed_260917,reviewed_260917,keep,,,reviewed,,,20150921_131346,a020,1,1,,20150921_131346_image756|20150921_131346_image776,reviewed_number_mask,psm_gt,ok_one_apple=1,psm_review_list,,
apple,20150921_131346_image756,reviewed_260917,reviewed_260917,keep,,,reviewed,,,20150921_131346,a020,1,1,,20150921_131346_image736|20150921_131346_image776,reviewed_number_mask,psm_gt,,none,,
apple,20150921_131346_image776,reviewed_260917,reviewed_260917,keep,,,reviewed,,,20150921_131346,a020,1,1,,20150921_131346_image736|20150921_131346_image756,reviewed_number_mask,psm_gt,,none,,
apple,20150921_131346_image786,-,-,excluded_duplicate,reviewed_duplicate,거의 같은 사진(대표 20150921_131346_image776 만 남김),ai,,,20150921_131346,a020,0,0,,,none,none,,none,,
apple,20150921_131346_image816,reviewed_260917,reviewed_260917,keep,,,reviewed,,,20150921_131346,a014,1,1,,20150921_131346_image831|20150921_131346_image876,reviewed_number_mask,psm_gt,,none,,
apple,20150921_131346_image821,-,-,excluded_duplicate,reviewed_duplicate,거의 같은 사진(대표 20150921_131346_image816 만 남김),ai,,,20150921_131346,a014,0,0,,,none,none,unclear=1,psm_review_list,,
apple,20150921_131346_image831,reviewed_260917,reviewed_260917,keep,,,reviewed,,,20150921_131346,a014,1,1,,20150921_131346_image816|20150921_131346_image876,reviewed_number_mask,psm_gt,,none,,
apple,20150921_131346_image841,-,-,excluded_duplicate,reviewed_duplicate,거의 같은 사진(대표 20150921_131346_image831 만 남김),ai,,,20150921_131346,a014,0,0,,,none,none,,none,,
apple,20150921_131346_image846,-,-,excluded_duplicate,reviewed_duplicate,거의 같은 사진(대표 20150921_131346_image816 만 남김),ai,,,20150921_131346,a014,0,0,,,none,none,ok_one_apple=1,psm_review_list,,
apple,20150921_131346_image851,-,-,excluded_duplicate,reviewed_duplicate,거의 같은 사진(대표 20150921_131346_image846 만 남김),ai,,,20150921_131346,a014,0,0,,,none,none,,none,,
apple,20150921_131346_image856,-,-,excluded_duplicate,reviewed_duplicate,거의 같은 사진(대표 20150921_131346_image846 만 남김),ai,,,20150921_131346,a014,0,0,,,none,none,,none,,
apple,20150921_131346_image876,reviewed_260917,reviewed_260917,keep,,,reviewed,,,20150921_131346,a014,1,1,,20150921_131346_image816|20150921_131346_image831|20150921_131346_image891|20150921_131346_image906,reviewed_number_mask,psm_gt,ok_one_apple=1,psm_review_list,,
apple,20150921_131346_image881,-,-,excluded_duplicate,reviewed_duplicate,거의 같은 사진(대표 20150921_131346_image876 만 남김),ai,,,20150921_131346,a014,0,0,,,none,none,,none,,
apple,20150921_131346_image891,reviewed_260917,reviewed_260917,keep,,,reviewed,,,20150921_131346,a014,1,1,,20150921_131346_image876|20150921_131346_image906,reviewed_number_mask,psm_gt,,none,,
apple,20150921_131346_image906,reviewed_260917,reviewed_260917,needs_human,,"라벨 안 된 열매 후보 1곳(x1,y1,x2,y2: 436,929,476,976) — 사과 전체를 다시 그리고 번호(N)를 붙일 것",ai,,,20150921_131346,a014,1,1,,20150921_131346_image876|20150921_131346_image891,reviewed_number_mask,psm_gt,,none,,
apple,20150921_131346_image911,-,-,excluded_duplicate,reviewed_duplicate,거의 같은 사진(대표 20150921_131346_image906 만 남김),ai,,,20150921_131346,a014,0,0,,,none,none,,none,,
apple,20150921_131346_image926,-,-,excluded_duplicate,reviewed_duplicate,거의 같은 사진(대표 20150921_131346_image906 만 남김),ai,,,20150921_131346,a014,0,0,,,none,none,,none,,
apple,20150921_131346_image931,-,-,excluded_duplicate,reviewed_duplicate,거의 같은 사진(대표 20150921_131346_image926 만 남김),ai,,,20150921_131346,a014,0,0,,,none,none,,none,,
apple,20150921_131346_image936,-,-,excluded_duplicate,reviewed_duplicate,거의 같은 사진(대표 20150921_131346_image906 만 남김),ai,,,20150921_131346,a014,0,0,,,none,none,,none,,
apple,20150921_131346_image941,-,-,excluded_duplicate,reviewed_duplicate,거의 같은 사진(대표 20150921_131346_image936 만 남김),ai,,,20150921_131346,a014,0,0,,,none,none,ok_one_apple=1,psm_review_list,,
apple,20150921_131346_image946,reviewed_260917,reviewed_260917,keep,,,reviewed,,,20150921_131346,a014,1,1,,,reviewed_number_mask,psm_gt,ok_one_apple=1,psm_review_list,,
apple,20150921_131346_image951,-,-,excluded_duplicate,reviewed_duplicate,거의 같은 사진(대표 20150921_131346_image946 만 남김),ai,,,20150921_131346,a014,0,0,,,none,none,ok_one_apple=1,psm_review_list,,
apple,20150921_131346_image956,-,-,excluded_duplicate,reviewed_duplicate,거의 같은 사진(대표 20150921_131346_image946 만 남김),ai,,,20150921_131346,a014,0,0,,,none,none,ok_one_apple=1,psm_review_list,,
apple,20150921_131346_image961,-,-,excluded_duplicate,reviewed_duplicate,거의 같은 사진(대표 20150921_131346_image956 만 남김),ai,,,20150921_131346,a014,0,0,,,none,none,,none,,
apple,20150921_131346_image966,-,-,excluded_duplicate,reviewed_duplicate,거의 같은 사진(대표 20150921_131346_image946 만 남김),ai,,,20150921_131346,a014,0,0,,,none,none,,none,,
apple,20150921_131346_image971,-,-,excluded_duplicate,reviewed_duplicate,거의 같은 사진(대표 20150921_131346_image966 만 남김),ai,,,20150921_131346,a014,0,0,,,none,none,,none,,
apple,20150921_131346_image976,-,-,excluded_duplicate,reviewed_duplicate,거의 같은 사진(대표 20150921_131346_image956 만 남김),ai,,,20150921_131346,a014,0,0,,,none,none,,none,,
apple,20150921_131346_image981,-,-,excluded_duplicate,reviewed_duplicate,거의 같은 사진(대표 20150921_131346_image966 만 남김),ai,,,20150921_131346,a014,0,0,,,none,none,,none,,
apple,20150921_131346_image986,-,-,excluded_duplicate,reviewed_duplicate,거의 같은 사진(대표 20150921_131346_image966 만 남김),ai,,,20150921_131346,a014,0,0,,,none,none,,none,,
apple,20150921_131346_image991,-,-,excluded_duplicate,reviewed_duplicate,거의 같은 사진(대표 20150921_131346_image966 만 남김),ai,,,20150921_131346,a014,0,0,,,none,none,,none,,
apple,20150921_131346_image996,-,-,excluded_duplicate,reviewed_duplicate,거의 같은 사진(대표 20150921_131346_image966 만 남김),ai,,,20150921_131346,a014,0,0,,,none,none,,none,,bottom_5pct_ratio
apple,20150921_131346_image1001,-,-,excluded_duplicate,reviewed_duplicate,거의 같은 사진(대표 20150921_131346_image966 만 남김),ai,,,20150921_131346,a014,0,0,,,none,none,,none,,bottom_5pct_ratio
apple,20150921_131346_image1006,-,-,excluded_duplicate,reviewed_duplicate,거의 같은 사진(대표 20150921_131346_image966 만 남김),ai,,,20150921_131346,a014,0,0,,,none,none,,none,,bottom_5pct_ratio
apple,20150921_131346_image1011,-,-,excluded_duplicate,reviewed_duplicate,거의 같은 사진(대표 20150921_131346_image966 만 남김),ai,,,20150921_131346,a014,0,0,,,none,none,,none,,
apple,20150921_131346_image1016,-,-,excluded_duplicate,reviewed_duplicate,거의 같은 사진(대표 20150921_131346_image966 만 남김),ai,,,20150921_131346,a014,0,0,,,none,none,,none,,bottom_5pct_ratio
apple,20150921_131346_image1021,-,-,excluded_duplicate,reviewed_duplicate,거의 같은 사진(대표 20150921_131346_image966 만 남김),ai,,,20150921_131346,a014,0,0,,,none,none,,none,,bottom_5pct_ratio
apple,20150921_131346_image1026,-,-,excluded_duplicate,reviewed_duplicate,거의 같은 사진(대표 20150921_131346_image966 만 남김),ai,,,20150921_131346,a014,0,0,,,none,none,,none,,bottom_5pct_ratio
apple,20150921_131346_image1031,-,-,excluded_duplicate,reviewed_duplicate,거의 같은 사진(대표 20150921_131346_image966 만 남김),ai,,,20150921_131346,a014,0,0,,,none,none,,none,,bottom_5pct_ratio
apple,20150921_131346_image1036,-,-,excluded_duplicate,reviewed_duplicate,거의 같은 사진(대표 20150921_131346_image966 만 남김),ai,,,20150921_131346,a014,0,0,,,none,none,,none,,bottom_5pct_ratio
apple,20150921_131346_image1041,-,-,excluded_duplicate,reviewed_duplicate,거의 같은 사진(대표 20150921_131346_image966 만 남김),ai,,,20150921_131346,a014,0,0,,,none,none,,none,,
apple,20150921_131346_image1046,-,-,excluded_duplicate,reviewed_duplicate,거의 같은 사진(대표 20150921_131346_image966 만 남김),ai,,,20150921_131346,a014,0,0,,,none,none,,none,,
apple,20150921_131346_image1051,-,-,excluded_duplicate,reviewed_duplicate,거의 같은 사진(대표 20150921_131346_image966 만 남김),ai,,,20150921_131346,a014,0,0,,,none,none,,none,,bottom_5pct_ratio
apple,20150921_131346_image1056,-,-,excluded_duplicate,reviewed_duplicate,거의 같은 사진(대표 20150921_131346_image966 만 남김),ai,,,20150921_131346,a014,0,0,,,none,none,,none,,
apple,20150921_131346_image1061,-,-,excluded_duplicate,reviewed_duplicate,거의 같은 사진(대표 20150921_131346_image966 만 남김),ai,,,20150921_131346,a014,0,0,,,none,none,,none,,bottom_5pct_ratio
apple,20150921_131346_image1066,reviewed_260917,reviewed_260917,keep,,,reviewed,,,20150921_131346,a014,1,1,,,reviewed_number_mask,psm_gt,,none,,
apple,20150921_131346_image1071,-,-,excluded_duplicate,reviewed_duplicate,거의 같은 사진(대표 20150921_131346_image1066 만 남김),ai,,,20150921_131346,a014,0,0,,,none,none,,none,,
apple,20150921_131346_image1081,-,-,excluded_duplicate,reviewed_duplicate,거의 같은 사진(대표 20150921_131346_image1066 만 남김),ai,,,20150921_131346,a014,0,0,,,none,none,,none,,bottom_5pct_ratio
apple,20150921_131346_image1121,reviewed_260917,reviewed_260917,keep,,,reviewed,,,20150921_131346,a014,1,1,,,reviewed_number_mask,psm_gt,,none,,
apple,20150921_131346_image1126,-,-,excluded_duplicate,reviewed_duplicate,거의 같은 사진(대표 20150921_131346_image1121 만 남김),ai,,,20150921_131346,a014,0,0,,,none,none,ok_one_apple=2,psm_review_list,,
apple,20150921_131346_image1131,-,-,excluded_duplicate,reviewed_duplicate,거의 같은 사진(대표 20150921_131346_image1121 만 남김),ai,,,20150921_131346,a014,0,0,,,none,none,,none,,
apple,20150921_131346_image1136,-,-,excluded_duplicate,reviewed_duplicate,거의 같은 사진(대표 20150921_131346_image1121 만 남김),ai,,,20150921_131346,a014,0,0,,,none,none,,none,,
apple,20150921_131346_image1141,-,-,excluded_duplicate,reviewed_duplicate,거의 같은 사진(대표 20150921_131346_image1136 만 남김),ai,,,20150921_131346,a014,0,0,,,none,none,,none,,
apple,20150921_131346_image1146,-,-,excluded_duplicate,reviewed_duplicate,거의 같은 사진(대표 20150921_131346_image1136 만 남김),ai,,,20150921_131346,a014,0,0,,,none,none,,none,,
apple,20150921_131453_image1,reviewed_260917,reviewed_260917,keep,,,reviewed,,,20150921_131453,a021,1,1,,,reviewed_number_mask,psm_gt,,none,,
apple,20150921_131453_image6,-,-,excluded_duplicate,reviewed_duplicate,거의 같은 사진(대표 20150921_131453_image1 만 남김),ai,,,20150921_131453,a021,0,0,,,none,none,,none,,
apple,20150921_131453_image11,-,-,excluded_duplicate,reviewed_duplicate,거의 같은 사진(대표 20150921_131453_image1 만 남김),ai,,,20150921_131453,a021,0,0,,,none,none,,none,,
apple,20150921_131453_image16,-,-,excluded_duplicate,reviewed_duplicate,거의 같은 사진(대표 20150921_131453_image1 만 남김),ai,,,20150921_131453,a021,0,0,,,none,none,,none,,
apple,20150921_131453_image21,-,-,excluded_duplicate,reviewed_duplicate,거의 같은 사진(대표 20150921_131453_image1 만 남김),ai,,,20150921_131453,a021,0,0,,,none,none,,none,,
apple,20150921_131453_image26,reviewed_260917,reviewed_260917,keep,,,reviewed,,,20150921_131453,a021,1,1,,,reviewed_number_mask,psm_gt,,none,,
apple,20150921_131453_image31,-,-,excluded_duplicate,reviewed_duplicate,거의 같은 사진(대표 20150921_131453_image1 만 남김),ai,,,20150921_131453,a021,0,0,,,none,none,,none,,
apple,20150921_131453_image36,-,-,excluded_duplicate,reviewed_duplicate,거의 같은 사진(대표 20150921_131453_image26 만 남김),ai,,,20150921_131453,a021,0,0,,,none,none,,none,,
apple,20150921_131453_image41,-,-,excluded_duplicate,reviewed_duplicate,거의 같은 사진(대표 20150921_131453_image1 만 남김),ai,,,20150921_131453,a021,0,0,,,none,none,,none,,
apple,20150921_131453_image46,-,-,excluded_duplicate,reviewed_duplicate,거의 같은 사진(대표 20150921_131453_image36 만 남김),ai,,,20150921_131453,a021,0,0,,,none,none,,none,,
apple,20150921_131453_image66,reviewed_260917,reviewed_260917,keep,,,reviewed,,,20150921_131453,a021,1,1,,,reviewed_number_mask,psm_gt,ok_one_apple=1,psm_review_list,,
apple,20150921_131453_image76,-,-,excluded_duplicate,reviewed_duplicate,거의 같은 사진(대표 20150921_131453_image66 만 남김),ai,,,20150921_131453,a021,0,0,,,none,none,,none,,
apple,20150921_131453_image81,-,-,excluded_duplicate,reviewed_duplicate,거의 같은 사진(대표 20150921_131453_image66 만 남김),ai,,,20150921_131453,a021,0,0,,,none,none,,none,,
apple,20150921_131453_image86,-,-,excluded_duplicate,reviewed_duplicate,거의 같은 사진(대표 20150921_131453_image66 만 남김),ai,,,20150921_131453,a021,0,0,,,none,none,ok_one_apple=1,psm_review_list,,
apple,20150921_131453_image96,reviewed_260917,reviewed_260917,keep,,,reviewed,,,20150921_131453,a021,1,1,,,reviewed_number_mask,psm_gt,,none,,
apple,20150921_131453_image101,-,-,excluded_duplicate,reviewed_duplicate,거의 같은 사진(대표 20150921_131453_image96 만 남김),ai,,,20150921_131453,a021,0,0,,,none,none,ok_one_apple=3,psm_review_list,,
apple,20150921_131453_image106,-,-,excluded_duplicate,reviewed_duplicate,거의 같은 사진(대표 20150921_131453_image96 만 남김),ai,,,20150921_131453,a021,0,0,,,none,none,ok_one_apple=1,psm_review_list,,
apple,20150921_131453_image171,reviewed_260917,reviewed_260917,keep,,,reviewed,,,20150921_131453,a023,1,1,,,reviewed_number_mask,psm_gt,,none,,
apple,20150921_131453_image176,-,-,excluded_duplicate,reviewed_duplicate,거의 같은 사진(대표 20150921_131453_image171 만 남김),ai,,,20150921_131453,a023,0,0,,,none,none,,none,,
apple,20150921_131453_image181,-,-,excluded_duplicate,reviewed_duplicate,거의 같은 사진(대표 20150921_131453_image171 만 남김),ai,,,20150921_131453,a023,0,0,,,none,none,,none,,
apple,20150921_131453_image186,-,-,excluded_duplicate,reviewed_duplicate,거의 같은 사진(대표 20150921_131453_image171 만 남김),ai,,,20150921_131453,a023,0,0,,,none,none,ok_one_apple=1,psm_review_list,,
apple,20150921_131453_image196,-,-,excluded_duplicate,reviewed_duplicate,거의 같은 사진(대표 20150921_131453_image221 만 남김),ai,,,20150921_131453,a023,0,0,,,none,none,,none,,
apple,20150921_131453_image201,-,-,excluded_duplicate,reviewed_duplicate,거의 같은 사진(대표 20150921_131453_image196 만 남김),ai,,,20150921_131453,a023,0,0,,,none,none,,none,,
apple,20150921_131453_image211,-,-,excluded_duplicate,reviewed_duplicate,거의 같은 사진(대표 20150921_131453_image221 만 남김),ai,,,20150921_131453,a023,0,0,,,none,none,,none,,
apple,20150921_131453_image221,reviewed_260917,reviewed_260917,needs_human,,"라벨 안 된 열매 후보 1곳(x1,y1,x2,y2: 683,868,723,908) — 그중 1곳은 어두워서 확대해 볼 것 — 사과 전체를 다시 그리고 번호(N)를 붙일 것",ai,,,20150921_131453,a023,1,1,,20150921_131453_image236,reviewed_number_mask,psm_gt,,none,,
apple,20150921_131453_image231,-,-,excluded_duplicate,reviewed_duplicate,거의 같은 사진(대표 20150921_131453_image236 만 남김),ai,,,20150921_131453,a023,0,0,,,none,none,,none,,
apple,20150921_131453_image236,reviewed_260917,reviewed_260917,needs_human,,"라벨 안 된 열매 후보 1곳(x1,y1,x2,y2: 0,924,36,972) — 그중 1곳은 어두워서 확대해 볼 것 — 사과 전체를 다시 그리고 번호(N)를 붙일 것",ai,,,20150921_131453,a023,1,1,,20150921_131453_image221|20150921_131453_image251,reviewed_number_mask,psm_gt,,none,,
apple,20150921_131453_image251,reviewed_260917,reviewed_260917,keep,,,reviewed,,,20150921_131453,a023,1,1,,20150921_131453_image236|20150921_131453_image281,reviewed_number_mask,psm_gt,ok_one_apple=1,psm_review_list,,
apple,20150921_131453_image281,reviewed_260917,reviewed_260917,keep,,,reviewed,,,20150921_131453,a023,1,1,,20150921_131453_image251,reviewed_number_mask,psm_gt,ok_one_apple=1 unclear=1,psm_review_list,,
apple,20150921_131453_image391,-,-,excluded_duplicate,reviewed_duplicate,거의 같은 사진(대표 20150921_131453_image401 만 남김),ai,,,20150921_131453,a024,0,0,,,none,none,,none,,
apple,20150921_131453_image401,reviewed_260917,reviewed_260917,needs_human,,"라벨 안 된 열매 후보 1곳(x1,y1,x2,y2: 0,1711,31,1752) — 그중 1곳은 어두워서 확대해 볼 것 — 사과 전체를 다시 그리고 번호(N)를 붙일 것",ai,,,20150921_131453,a024,1,1,,,reviewed_number_mask,psm_gt,,none,,
apple,20150921_131453_image601,reviewed_260917,reviewed_260917,keep,,,reviewed,,,20150921_131453,a025,1,1,,20150921_131453_image661,reviewed_number_mask,psm_gt,ok_one_apple=1,psm_review_list,,
apple,20150921_131453_image611,-,-,excluded_duplicate,reviewed_duplicate,거의 같은 사진(대표 20150921_131453_image601 만 남김),ai,,,20150921_131453,a025,0,0,,,none,none,,none,,
apple,20150921_131453_image626,-,-,excluded_duplicate,reviewed_duplicate,거의 같은 사진(대표 20150921_131453_image601 만 남김),ai,,,20150921_131453,a025,0,0,,,none,none,,none,,
apple,20150921_131453_image631,reviewed_260917,reviewed_260917,keep,,,reviewed,,,20150921_131453,a025,1,1,,,reviewed_number_mask,psm_gt,,none,,
apple,20150921_131453_image636,-,-,excluded_duplicate,reviewed_duplicate,거의 같은 사진(대표 20150921_131453_image631 만 남김),ai,,,20150921_131453,a025,0,0,,,none,none,,none,,
apple,20150921_131453_image641,-,-,excluded_duplicate,reviewed_duplicate,거의 같은 사진(대표 20150921_131453_image631 만 남김),ai,,,20150921_131453,a025,0,0,,,none,none,ok_one_apple=1,psm_review_list,,
apple,20150921_131453_image646,-,-,excluded_duplicate,reviewed_duplicate,거의 같은 사진(대표 20150921_131453_image631 만 남김),ai,,,20150921_131453,a025,0,0,,,none,none,,none,,
apple,20150921_131453_image651,-,-,excluded_duplicate,reviewed_duplicate,거의 같은 사진(대표 20150921_131453_image646 만 남김),ai,,,20150921_131453,a025,0,0,,,none,none,,none,,
apple,20150921_131453_image661,reviewed_260917,reviewed_260917,keep,,,reviewed,,,20150921_131453,a025,1,1,,20150921_131453_image601|20150921_131453_image676|20150921_131453_image701,reviewed_number_mask,psm_gt,,none,,
apple,20150921_131453_image666,-,-,excluded_duplicate,reviewed_duplicate,거의 같은 사진(대표 20150921_131453_image661 만 남김),ai,,,20150921_131453,a025,0,0,,,none,none,,none,,
apple,20150921_131453_image671,-,-,excluded_duplicate,reviewed_duplicate,거의 같은 사진(대표 20150921_131453_image661 만 남김),ai,,,20150921_131453,a025,0,0,,,none,none,,none,,
apple,20150921_131453_image676,reviewed_260917,reviewed_260917,keep,,,reviewed,,,20150921_131453,a025,1,1,,20150921_131453_image661,reviewed_number_mask,psm_gt,,none,,
apple,20150921_131453_image681,-,-,excluded_duplicate,reviewed_duplicate,거의 같은 사진(대표 20150921_131453_image676 만 남김),ai,,,20150921_131453,a025,0,0,,,none,none,,none,,
apple,20150921_131453_image686,-,-,excluded_duplicate,reviewed_duplicate,거의 같은 사진(대표 20150921_131453_image676 만 남김),ai,,,20150921_131453,a025,0,0,,,none,none,,none,,
apple,20150921_131453_image691,-,-,excluded_duplicate,reviewed_duplicate,거의 같은 사진(대표 20150921_131453_image686 만 남김),ai,,,20150921_131453,a025,0,0,,,none,none,,none,,
apple,20150921_131453_image701,reviewed_260917,reviewed_260917,keep,,,reviewed,,,20150921_131453,a025,1,1,,20150921_131453_image661|20150921_131453_image711|20150921_131453_image746,reviewed_number_mask,psm_gt,,none,,
apple,20150921_131453_image711,reviewed_260917,reviewed_260917,keep,,,reviewed,,,20150921_131453,a025,1,1,,20150921_131453_image701,reviewed_number_mask,psm_gt,,none,,
apple,20150921_131453_image721,-,-,excluded_duplicate,reviewed_duplicate,거의 같은 사진(대표 20150921_131453_image701 만 남김),ai,,,20150921_131453,a025,0,0,,,none,none,,none,,
apple,20150921_131453_image731,-,-,excluded_duplicate,reviewed_duplicate,거의 같은 사진(대표 20150921_131453_image701 만 남김),ai,,,20150921_131453,a025,0,0,,,none,none,,none,,
apple,20150921_131453_image746,reviewed_260917,reviewed_260917,needs_human,,"라벨 안 된 열매 후보 2곳(x1,y1,x2,y2: 162,447,210,492 / 190,384,226,435) — 그중 1곳은 어두워서 확대해 볼 것 — 사과 전체를 다시 그리고 번호(N)를 붙일 것",ai,,,20150921_131453,a025,1,1,,20150921_131453_image701|20150921_131453_image801,reviewed_number_mask,psm_gt,,none,,
apple,20150921_131453_image801,reviewed_260917,reviewed_260917,needs_human,,"라벨 안 된 열매 후보 1곳(x1,y1,x2,y2: 290,1769,355,1819) — 그중 1곳은 어두워서 확대해 볼 것 — 사과 전체를 다시 그리고 번호(N)를 붙일 것",ai,,,20150921_131453,a025,1,1,,20150921_131453_image746|20150921_131453_image831,reviewed_number_mask,psm_gt,,none,,
apple,20150921_131453_image831,reviewed_260917,reviewed_260917,keep,,,reviewed,,,20150921_131453,a025,1,1,,20150921_131453_image801,reviewed_number_mask,psm_gt,,none,,
apple,20150921_131453_image841,-,-,excluded_duplicate,reviewed_duplicate,거의 같은 사진(대표 20150921_131453_image831 만 남김),ai,,,20150921_131453,a025,0,0,[flag 에서 내림] 고칠 수 없는 규칙 문제(낙과·뒷줄 / 같은 열매의 경계 / 마른 꽃부리)만 있음,,none,none,,none,,
apple,20150921_131453_image891,reviewed_260917,reviewed_260917,keep,,,reviewed,,,20150921_131453,as0011,1,1,,,reviewed_number_mask,psm_gt,,none,,
apple,20150921_131453_image936,reviewed_260917,reviewed_260917,keep,,,reviewed,,,20150921_131453,a022,1,1,,,reviewed_number_mask,psm_gt,,none,,
apple,20150921_131453_image946,-,-,excluded_duplicate,reviewed_duplicate,거의 같은 사진(대표 20150921_131453_image936 만 남김),ai,,,20150921_131453,a022,0,0,,,none,none,,none,,
apple,20150921_131453_image951,-,-,excluded_duplicate,reviewed_duplicate,거의 같은 사진(대표 20150921_131453_image936 만 남김),ai,,,20150921_131453,a022,0,0,,,none,none,ok_one_apple=1,psm_review_list,,
apple,20150921_131453_image966,reviewed_260917,reviewed_260917,keep,,,reviewed,,,20150921_131453,a022,1,1,,20150921_131453_image996,reviewed_number_mask,psm_gt,ok_one_apple=1,psm_review_list,,
apple,20150921_131453_image986,-,-,excluded_duplicate,reviewed_duplicate,거의 같은 사진(대표 20150921_131453_image966 만 남김),ai,,,20150921_131453,a022,0,0,,,none,none,ok_one_apple=1,psm_review_list,,
apple,20150921_131453_image991,-,-,excluded_duplicate,reviewed_duplicate,거의 같은 사진(대표 20150921_131453_image986 만 남김),ai,,,20150921_131453,a022,0,0,,,none,none,ok_one_apple=1,psm_review_list,,
apple,20150921_131453_image996,reviewed_260917,reviewed_260917,keep,,,reviewed,,,20150921_131453,a022,1,1,,20150921_131453_image966|20150921_131453_image1056,reviewed_number_mask,psm_gt,,none,,
apple,20150921_131453_image1021,-,-,excluded_duplicate,reviewed_duplicate,거의 같은 사진(대표 20150921_131453_image996 만 남김),ai,,,20150921_131453,a022,0,0,,,none,none,,none,,
apple,20150921_131453_image1056,reviewed_260917,reviewed_260917,keep,,,reviewed,,,20150921_131453,a022,1,1,,20150921_131453_image996|20150921_131453_image1066,reviewed_number_mask,psm_gt,,none,,
apple,20150921_131453_image1066,reviewed_260917,reviewed_260917,keep,,,reviewed,,,20150921_131453,a022,1,1,,20150921_131453_image1056,reviewed_number_mask,psm_gt,,none,,
apple,20150921_131453_image1071,-,-,excluded_duplicate,reviewed_duplicate,거의 같은 사진(대표 20150921_131453_image1066 만 남김),ai,,,20150921_131453,a022,0,0,,,none,none,ok_one_apple=1,psm_review_list,,
apple,20150921_131453_image1076,-,-,excluded_duplicate,reviewed_duplicate,거의 같은 사진(대표 20150921_131453_image1066 만 남김),ai,,,20150921_131453,a022,0,0,,,none,none,,none,,
apple,20150921_131453_image1081,-,-,excluded_duplicate,reviewed_duplicate,거의 같은 사진(대표 20150921_131453_image1076 만 남김),ai,,,20150921_131453,a022,0,0,,,none,none,,none,,
apple,20150921_131453_image1086,-,-,excluded_duplicate,reviewed_duplicate,거의 같은 사진(대표 20150921_131453_image1066 만 남김),ai,,,20150921_131453,a022,0,0,,,none,none,ok_one_apple=1,psm_review_list,,
apple,20150921_131453_image1096,reviewed_260917,reviewed_260917,keep,,,reviewed,,,20150921_131453,a022,1,1,,20150921_131453_image1111,reviewed_number_mask,psm_gt,,none,,
apple,20150921_131453_image1101,-,-,excluded_duplicate,reviewed_duplicate,거의 같은 사진(대표 20150921_131453_image1096 만 남김),ai,,,20150921_131453,a022,0,0,,,none,none,,none,,
apple,20150921_131453_image1111,reviewed_260917,reviewed_260917,keep,,,reviewed,,,20150921_131453,a022,1,1,,20150921_131453_image1096,reviewed_number_mask,psm_gt,,none,,
apple,20150921_131453_image1116,-,-,excluded_duplicate,reviewed_duplicate,거의 같은 사진(대표 20150921_131453_image1111 만 남김),ai,,,20150921_131453,a022,0,0,,,none,none,ok_one_apple=1,psm_review_list,,
apple,20150921_131453_image1121,-,-,excluded_duplicate,reviewed_duplicate,거의 같은 사진(대표 20150921_131453_image1111 만 남김),ai,,,20150921_131453,a022,0,0,,,none,none,,none,,
apple,20150921_131453_image1126,-,-,excluded_duplicate,reviewed_duplicate,거의 같은 사진(대표 20150921_131453_image1111 만 남김),ai,,,20150921_131453,a022,0,0,,,none,none,,none,,
apple,20150921_131453_image1141,-,-,excluded_duplicate,reviewed_duplicate,거의 같은 사진(대표 20150921_131453_image1111 만 남김),ai,,,20150921_131453,a022,0,0,,,none,none,,none,,
apple,20150921_131453_image1161,reviewed_260917,reviewed_260917,keep,,,reviewed,,,20150921_131453,a022,1,1,,20150921_131453_image1196,reviewed_number_mask,psm_gt,,none,,
apple,20150921_131453_image1196,reviewed_260917,reviewed_260917,keep,,,reviewed,,,20150921_131453,a022,1,1,,20150921_131453_image1161|20150921_131453_image1241,reviewed_number_mask,psm_gt,,none,,
apple,20150921_131453_image1201,-,-,excluded_duplicate,reviewed_duplicate,거의 같은 사진(대표 20150921_131453_image1196 만 남김),ai,,,20150921_131453,a022,0,0,,,none,none,,none,,
apple,20150921_131453_image1211,-,-,excluded_duplicate,reviewed_duplicate,거의 같은 사진(대표 20150921_131453_image1161 만 남김),ai,,,20150921_131453,a022,0,0,,,none,none,,none,,
apple,20150921_131453_image1241,reviewed_260917,reviewed_260917,keep,,,reviewed,,,20150921_131453,a022,1,1,,20150921_131453_image1196,reviewed_number_mask,psm_gt,,none,,
apple,20150921_131625_image1,reviewed_260917,reviewed_260917,keep,,,reviewed,,,20150921_131625,a026,1,1,,20150921_131625_image31,reviewed_number_mask,psm_gt,,none,,
apple,20150921_131625_image31,reviewed_260917,reviewed_260917,keep,,,reviewed,,,20150921_131625,a026,1,1,,20150921_131625_image1,reviewed_number_mask,psm_gt,ok_one_apple=1,psm_review_list,,
apple,20150921_131625_image76,reviewed_260917,reviewed_260917,keep,,,reviewed,,,20150921_131625,a026,1,1,,,reviewed_number_mask,psm_gt,,none,,
apple,20150921_131625_image91,-,-,excluded_duplicate,reviewed_duplicate,거의 같은 사진(대표 20150921_131625_image76 만 남김),ai,,,20150921_131625,a026,0,0,,,none,none,,none,,
apple,20150921_131625_image156,reviewed_260917,reviewed_260917,keep,,,reviewed,,,20150921_131625,a029,1,1,,,reviewed_number_mask,psm_gt,,none,,
apple,20150921_131625_image161,-,-,excluded_duplicate,reviewed_duplicate,거의 같은 사진(대표 20150921_131625_image156 만 남김),ai,,,20150921_131625,a029,0,0,,,none,none,,none,,
apple,20150921_131625_image186,-,-,excluded_duplicate,reviewed_duplicate,거의 같은 사진(대표 20150921_131625_image201 만 남김),ai,,,20150921_131625,a029,0,0,,,none,none,,none,,
apple,20150921_131625_image201,reviewed_260917,reviewed_260917,needs_human,,"라벨 안 된 열매 후보 1곳(x1,y1,x2,y2: 960,1131,1009,1175) — 그중 1곳은 어두워서 확대해 볼 것 — 사과 전체를 다시 그리고 번호(N)를 붙일 것",ai,,,20150921_131625,a029,1,1,,,reviewed_number_mask,psm_gt,,none,,
apple,20150921_131625_image226,-,-,excluded_duplicate,reviewed_duplicate,거의 같은 사진(대표 20150921_131625_image201 만 남김),ai,,,20150921_131625,a029,0,0,,,none,none,,none,,
apple,20150921_131625_image236,reviewed_260917,reviewed_260917,keep,,,reviewed,,,20150921_131625,a029,1,1,,,reviewed_number_mask,psm_gt,,none,,
apple,20150921_131625_image271,reviewed_260917,reviewed_260917,keep,,,reviewed,,,20150921_131625,a030,1,1,,,reviewed_number_mask,psm_gt,ok_one_apple=3,psm_review_list,,
apple,20150921_131625_image301,-,-,excluded_duplicate,reviewed_duplicate,거의 같은 사진(대표 20150921_131625_image306 만 남김),ai,,,20150921_131625,a030,0,0,,,none,none,,none,,
apple,20150921_131625_image306,reviewed_260917,reviewed_260917,needs_human,,"라벨 안 된 열매 후보 1곳(x1,y1,x2,y2: 488,1097,539,1137) — 사과 전체를 다시 그리고 번호(N)를 붙일 것",ai,,,20150921_131625,a030,1,1,,,reviewed_number_mask,psm_gt,,none,,
apple,20150921_131625_image336,reviewed_260917,reviewed_260917,keep,,,reviewed,,,20150921_131625,a030,1,1,,20150921_131625_image361,reviewed_number_mask,psm_gt,ok_one_apple=1,psm_review_list,,
apple,20150921_131625_image361,reviewed_260917,reviewed_260917,keep,,,reviewed,,,20150921_131625,a030,1,1,,20150921_131625_image336,reviewed_number_mask,psm_gt,,none,,
apple,20150921_131625_image441,reviewed_260917,reviewed_260917,keep,,,reviewed,,,20150921_131625,a031,1,1,,20150921_131625_image471,reviewed_number_mask,psm_gt,ok_one_apple=2,psm_review_list,,
apple,20150921_131625_image471,reviewed_260917,reviewed_260917,keep,,,reviewed,,,20150921_131625,a031,1,1,,20150921_131625_image441,reviewed_number_mask,psm_gt,,none,,
apple,20150921_131625_image501,reviewed_260917,reviewed_260917,needs_human,,"라벨 안 된 열매 후보 1곳(x1,y1,x2,y2: 519,1396,559,1431) — 그중 1곳은 어두워서 확대해 볼 것 — 사과 전체를 다시 그리고 번호(N)를 붙일 것",ai,,,20150921_131625,a032,1,1,,20150921_131625_image511,reviewed_number_mask,psm_gt,,none,,
apple,20150921_131625_image511,reviewed_260917,reviewed_260917,needs_human,,"라벨 안 된 열매 후보 1곳(x1,y1,x2,y2: 33,1445,80,1487) — 사과 전체를 다시 그리고 번호(N)를 붙일 것",ai,,,20150921_131625,a032,1,1,,20150921_131625_image501,reviewed_number_mask,psm_gt,ok_one_apple=1,psm_review_list,,
apple,20150921_131625_image546,reviewed_260917,reviewed_260917,needs_human,,"라벨 안 된 열매 후보 1곳(x1,y1,x2,y2: 292,627,331,664) — 그중 1곳은 어두워서 확대해 볼 것 — 사과 전체를 다시 그리고 번호(N)를 붙일 것",ai,,,20150921_131625,as0012,1,1,,,reviewed_number_mask,psm_gt,,none,,
apple,20150921_131625_image636,reviewed_260917,reviewed_260917,keep,,,reviewed,,,20150921_131625,a033,1,1,,20150921_131625_image646|20150921_131625_image656,reviewed_number_mask,psm_gt,,none,,
apple,20150921_131625_image641,-,-,excluded_duplicate,reviewed_duplicate,거의 같은 사진(대표 20150921_131625_image636 만 남김),ai,,,20150921_131625,a033,0,0,,,none,none,,none,,
apple,20150921_131625_image646,reviewed_260917,reviewed_260917,keep,,,reviewed,,,20150921_131625,a033,1,1,,20150921_131625_image636|20150921_131625_image656,reviewed_number_mask,psm_gt,,none,,
apple,20150921_131625_image651,-,-,excluded_duplicate,reviewed_duplicate,거의 같은 사진(대표 20150921_131625_image636 만 남김),ai,,,20150921_131625,a033,0,0,,,none,none,,none,,
apple,20150921_131625_image656,reviewed_260917,reviewed_260917,keep,,,reviewed,,,20150921_131625,a033,1,1,,20150921_131625_image636|20150921_131625_image646,reviewed_number_mask,psm_gt,,none,,
apple,20150921_131625_image661,-,-,excluded_duplicate,reviewed_duplicate,거의 같은 사진(대표 20150921_131625_image656 만 남김),ai,,,20150921_131625,a033,0,0,,,none,none,,none,,
apple,20150921_131625_image666,-,-,excluded_duplicate,reviewed_duplicate,거의 같은 사진(대표 20150921_131625_image656 만 남김),ai,,,20150921_131625,a033,0,0,[flag 에서 내림] 고칠 수 없는 규칙 문제(낙과·뒷줄 / 같은 열매의 경계 / 마른 꽃부리)만 있음,,none,none,,none,,
apple,20150921_131625_image671,-,-,excluded_duplicate,reviewed_duplicate,거의 같은 사진(대표 20150921_131625_image666 만 남김),ai,,,20150921_131625,a033,0,0,,,none,none,,none,,
apple,20150921_131625_image676,-,-,excluded_duplicate,reviewed_duplicate,거의 같은 사진(대표 20150921_131625_image666 만 남김),ai,,,20150921_131625,a033,0,0,,,none,none,,none,,
apple,20150921_131625_image681,reviewed_260917,reviewed_260917,keep,,,reviewed,,,20150921_131625,a033,1,1,,20150921_131625_image691|20150921_131625_image701,reviewed_number_mask,psm_gt,,none,,
apple,20150921_131625_image686,-,-,excluded_duplicate,reviewed_duplicate,거의 같은 사진(대표 20150921_131625_image681 만 남김),ai,,,20150921_131625,a033,0,0,,,none,none,,none,,
apple,20150921_131625_image691,reviewed_260917,reviewed_260917,keep,,,reviewed,,,20150921_131625,a033,1,1,,20150921_131625_image681|20150921_131625_image701,reviewed_number_mask,psm_gt,,none,,
apple,20150921_131625_image696,-,-,excluded_duplicate,reviewed_duplicate,거의 같은 사진(대표 20150921_131625_image691 만 남김),ai,,,20150921_131625,a033,0,0,,,none,none,,none,,
apple,20150921_131625_image701,reviewed_260917,reviewed_260917,keep,,,reviewed,,,20150921_131625,a033,1,1,,20150921_131625_image681|20150921_131625_image691|20150921_131625_image726|20150921_131625_image746,reviewed_number_mask,psm_gt,,none,,
apple,20150921_131625_image706,-,-,excluded_duplicate,reviewed_duplicate,거의 같은 사진(대표 20150921_131625_image701 만 남김),ai,,,20150921_131625,a033,0,0,,,none,none,,none,,
apple,20150921_131625_image711,-,-,excluded_duplicate,reviewed_duplicate,거의 같은 사진(대표 20150921_131625_image701 만 남김),ai,,,20150921_131625,a033,0,0,,,none,none,,none,,
apple,20150921_131625_image726,reviewed_260917,reviewed_260917,keep,,,reviewed,,,20150921_131625,a033,1,1,,20150921_131625_image701|20150921_131625_image746,reviewed_number_mask,psm_gt,,none,,
apple,20150921_131625_image746,reviewed_260917,reviewed_260917,needs_human,,"라벨 안 된 열매 후보 1곳(x1,y1,x2,y2: 954,834,999,876) — 사과 전체를 다시 그리고 번호(N)를 붙일 것 [거의 같은 20150921_131625_image751 의 메모: 라벨 안 된 열매 후보 1곳(x1,y1,x2,y2: 842,838,887,876) — 사과 전체를 다시 그리고 번호(N)를 붙일 것]",ai,,,20150921_131625,a033,1,1,,20150921_131625_image701|20150921_131625_image726,reviewed_number_mask,psm_gt,,none,,
apple,20150921_131625_image751,-,-,excluded_duplicate,reviewed_duplicate,거의 같은 사진(대표 20150921_131625_image746 만 남김),ai,,,20150921_131625,a033,0,0,,,none,none,,none,,
apple,20150921_131625_image801,reviewed_260917,reviewed_260917,keep,,,reviewed,,,20150921_131625,a033,1,1,,,reviewed_number_mask,psm_gt,,none,,
apple,20150921_131625_image806,-,-,excluded_duplicate,reviewed_duplicate,거의 같은 사진(대표 20150921_131625_image801 만 남김),ai,,,20150921_131625,a033,0,0,,,none,none,,none,,
apple,20150921_131625_image851,reviewed_260917,reviewed_260917,needs_human,,"라벨 안 된 열매 후보 1곳(x1,y1,x2,y2: 597,1457,638,1495) — 그중 1곳은 어두워서 확대해 볼 것 — 사과 전체를 다시 그리고 번호(N)를 붙일 것",ai,,,20150921_131625,as0013,1,1,,,reviewed_number_mask,psm_gt,ok_one_apple=1,psm_review_list,,
apple,20150921_131625_image881,reviewed_260917,reviewed_260917,keep,,,reviewed,,,20150921_131625,a034,1,1,,,reviewed_number_mask,psm_gt,,none,,
apple,20150921_131625_image906,-,-,excluded_duplicate,reviewed_duplicate,거의 같은 사진(대표 20150921_131625_image881 만 남김),ai,,,20150921_131625,a034,0,0,,,none,none,,none,,
apple,20150921_131625_image966,reviewed_260917,reviewed_260917,keep,,,reviewed,,,20150921_131625,a027,1,1,,20150921_131625_image1001,reviewed_number_mask,psm_gt,,none,,
apple,20150921_131625_image1001,reviewed_260917,reviewed_260917,keep,,,reviewed,,,20150921_131625,a027,1,1,,20150921_131625_image966,reviewed_number_mask,psm_gt,,none,,
apple,20150921_131625_image1051,-,-,excluded_duplicate,reviewed_duplicate,거의 같은 사진(대표 20150921_131625_image1001 만 남김),ai,,,20150921_131625,a027,0,0,,,none,none,ok_one_apple=1,psm_review_list,,
apple,20150921_131625_image1056,reviewed_260917,reviewed_260917,keep,,,reviewed,,,20150921_131625,a027,1,1,,,reviewed_number_mask,psm_gt,,none,,
apple,20150921_131625_image1091,reviewed_260917,reviewed_260917,keep,,,reviewed,,,20150921_131625,a028,1,1,,,reviewed_number_mask,psm_gt,,none,,
apple,20150921_131625_image1096,-,-,excluded_duplicate,reviewed_duplicate,거의 같은 사진(대표 20150921_131625_image1091 만 남김),ai,,,20150921_131625,a028,0,0,,,none,none,,none,,
apple,20150921_131625_image1101,-,-,excluded_duplicate,reviewed_duplicate,거의 같은 사진(대표 20150921_131625_image1091 만 남김),ai,,,20150921_131625,a028,0,0,,,none,none,,none,,
apple,20150921_131625_image1111,-,-,excluded_duplicate,reviewed_duplicate,거의 같은 사진(대표 20150921_131625_image1091 만 남김),ai,,,20150921_131625,a028,0,0,,,none,none,,none,,
apple,20150921_131729_image1,reviewed_260917,reviewed_260917,keep,,,reviewed,,,20150921_131729,a035,1,1,,,reviewed_number_mask,psm_gt,,none,,
apple,20150921_131729_image6,-,-,excluded_duplicate,reviewed_duplicate,거의 같은 사진(대표 20150921_131729_image1 만 남김),ai,,,20150921_131729,a035,0,0,,,none,none,,none,,
apple,20150921_131729_image11,-,-,excluded_duplicate,reviewed_duplicate,거의 같은 사진(대표 20150921_131729_image1 만 남김),ai,,,20150921_131729,a035,0,0,,,none,none,,none,,
apple,20150921_131729_image21,-,-,excluded_duplicate,reviewed_duplicate,거의 같은 사진(대표 20150921_131729_image1 만 남김),ai,,,20150921_131729,a035,0,0,,,none,none,,none,,
apple,20150921_131729_image71,reviewed_260917,reviewed_260917,keep,,,reviewed,,,20150921_131729,as0015,1,1,,,reviewed_number_mask,psm_gt,,none,,
apple,20150921_131729_image116,reviewed_260917,reviewed_260917,keep,,,reviewed,,,20150921_131729,as0014,1,1,,,reviewed_number_mask,psm_gt,,none,,
apple,20150921_131729_image166,reviewed_260917,reviewed_260917,keep,,,reviewed,,,20150921_131729,a036,1,1,,,reviewed_number_mask,psm_gt,,none,,
apple,20150921_131729_image171,-,-,excluded_duplicate,reviewed_duplicate,거의 같은 사진(대표 20150921_131729_image166 만 남김),ai,,,20150921_131729,a036,0,0,,,none,none,,none,,
apple,20150921_131729_image176,-,-,excluded_duplicate,reviewed_duplicate,거의 같은 사진(대표 20150921_131729_image166 만 남김),ai,,,20150921_131729,a036,0,0,,,none,none,,none,,
apple,20150921_131729_image251,reviewed_260917,reviewed_260917,keep,,,reviewed,,,20150921_131729,a037,1,1,,,reviewed_number_mask,psm_gt,,none,,
apple,20150921_131729_image256,-,-,excluded_duplicate,reviewed_duplicate,거의 같은 사진(대표 20150921_131729_image251 만 남김),ai,,,20150921_131729,a037,0,0,,,none,none,ok_one_apple=1,psm_review_list,,
apple,20150921_131729_image281,reviewed_260917,reviewed_260917,keep,,,reviewed,,,20150921_131729,a038,1,1,,,reviewed_number_mask,psm_gt,,none,,
apple,20150921_131729_image286,-,-,excluded_duplicate,reviewed_duplicate,거의 같은 사진(대표 20150921_131729_image281 만 남김),ai,,,20150921_131729,a038,0,0,,,none,none,,none,,
apple,20150921_131729_image291,-,-,excluded_duplicate,reviewed_duplicate,거의 같은 사진(대표 20150921_131729_image281 만 남김),ai,,,20150921_131729,a038,0,0,,,none,none,,none,,
apple,20150921_131729_image306,reviewed_260917,reviewed_260917,keep,,,reviewed,,,20150921_131729,a038,1,1,,,reviewed_number_mask,psm_gt,,none,,
apple,20150921_131729_image311,-,-,excluded_duplicate,reviewed_duplicate,거의 같은 사진(대표 20150921_131729_image306 만 남김),ai,,,20150921_131729,a038,0,0,,,none,none,,none,,
apple,20150921_131729_image366,reviewed_260917,reviewed_260917,keep,,,reviewed,,,20150921_131729,a039,1,1,,20150921_131729_image391,reviewed_number_mask,psm_gt,,none,,
apple,20150921_131729_image391,reviewed_260917,reviewed_260917,keep,,,reviewed,,,20150921_131729,a039,1,1,,20150921_131729_image366|20150921_131729_image421,reviewed_number_mask,psm_gt,,none,,
apple,20150921_131729_image396,-,-,excluded_duplicate,reviewed_duplicate,거의 같은 사진(대표 20150921_131729_image391 만 남김),ai,,,20150921_131729,a039,0,0,,,none,none,,none,,
apple,20150921_131729_image421,reviewed_260917,reviewed_260917,keep,,,reviewed,,,20150921_131729,a039,1,1,,20150921_131729_image391|20150921_131729_image451,reviewed_number_mask,psm_gt,,none,,
apple,20150921_131729_image426,-,-,excluded_duplicate,reviewed_duplicate,거의 같은 사진(대표 20150921_131729_image421 만 남김),ai,,,20150921_131729,a039,0,0,,,none,none,,none,,
apple,20150921_131729_image451,reviewed_260917,reviewed_260917,keep,,,reviewed,,,20150921_131729,a039,1,1,,20150921_131729_image421|20150921_131729_image471,reviewed_number_mask,psm_gt,,none,,
apple,20150921_131729_image471,reviewed_260917,reviewed_260917,keep,,,reviewed,,,20150921_131729,a039,1,1,,20150921_131729_image451|20150921_131729_image501,reviewed_number_mask,psm_gt,,none,,
apple,20150921_131729_image486,-,-,excluded_duplicate,reviewed_duplicate,거의 같은 사진(대표 20150921_131729_image471 만 남김),ai,,,20150921_131729,a039,0,0,,,none,none,ok_one_apple=2,psm_review_list,,
apple,20150921_131729_image491,-,-,excluded_duplicate,reviewed_duplicate,거의 같은 사진(대표 20150921_131729_image471 만 남김),ai,,,20150921_131729,a039,0,0,,,none,none,,none,,
apple,20150921_131729_image501,reviewed_260917,reviewed_260917,keep,,,reviewed,,,20150921_131729,a039,1,1,,20150921_131729_image471|20150921_131729_image551,reviewed_number_mask,psm_gt,,none,,
apple,20150921_131729_image551,reviewed_260917,reviewed_260917,keep,,,reviewed,,,20150921_131729,a039,1,1,,20150921_131729_image501,reviewed_number_mask,psm_gt,,none,,
apple,20150921_131729_image556,-,-,excluded_duplicate,reviewed_duplicate,거의 같은 사진(대표 20150921_131729_image551 만 남김),ai,,,20150921_131729,a039,0,0,,,none,none,,none,,
apple,20150921_131729_image656,reviewed_260917,reviewed_260917,keep,,,reviewed,,,20150921_131729,a040,1,1,,,reviewed_number_mask,psm_gt,,none,,
apple,20150921_131729_image661,-,-,excluded_duplicate,reviewed_duplicate,거의 같은 사진(대표 20150921_131729_image656 만 남김),ai,,,20150921_131729,a040,0,0,,,none,none,,none,,
apple,20150921_131729_image676,-,-,excluded_duplicate,reviewed_duplicate,거의 같은 사진(대표 20150921_131729_image656 만 남김),ai,,,20150921_131729,a040,0,0,,,none,none,,none,,
apple,20150921_131729_image771,reviewed_260917,reviewed_260917,keep,,,reviewed,,,20150921_131729,a041,1,1,,20150921_131729_image806,reviewed_number_mask,psm_gt,,none,,
apple,20150921_131729_image806,reviewed_260917,reviewed_260917,keep,,,reviewed,,,20150921_131729,a041,1,1,,20150921_131729_image771,reviewed_number_mask,psm_gt,,none,,
apple,20150921_131729_image826,-,-,excluded_duplicate,reviewed_duplicate,거의 같은 사진(대표 20150921_131729_image806 만 남김),ai,,,20150921_131729,a041,0,0,,,none,none,ok_one_apple=1,psm_review_list,,
apple,20150921_131833_image1,reviewed_260917,reviewed_260917,keep,,,reviewed,,,20150921_131833,a042,1,1,,,reviewed_number_mask,psm_gt,,none,,
apple,20150921_131833_image6,-,-,excluded_duplicate,reviewed_duplicate,거의 같은 사진(대표 20150921_131833_image1 만 남김),ai,,,20150921_131833,a042,0,0,,,none,none,,none,,
apple,20150921_131833_image11,-,-,excluded_duplicate,reviewed_duplicate,거의 같은 사진(대표 20150921_131833_image1 만 남김),ai,,,20150921_131833,a042,0,0,,,none,none,,none,,
apple,20150921_131833_image16,-,-,excluded_duplicate,reviewed_duplicate,거의 같은 사진(대표 20150921_131833_image1 만 남김),ai,,,20150921_131833,a042,0,0,,,none,none,,none,,
apple,20150921_131833_image21,-,-,excluded_duplicate,reviewed_duplicate,거의 같은 사진(대표 20150921_131833_image16 만 남김),ai,,,20150921_131833,a042,0,0,,,none,none,,none,,
apple,20150921_131833_image26,reviewed_260917,reviewed_260917,keep,,,reviewed,,,20150921_131833,a042,1,1,,,reviewed_number_mask,psm_gt,,none,,
apple,20150921_131833_image31,-,-,excluded_duplicate,reviewed_duplicate,거의 같은 사진(대표 20150921_131833_image26 만 남김),ai,,,20150921_131833,a042,0,0,,,none,none,,none,,
apple,20150921_131833_image36,-,-,excluded_duplicate,reviewed_duplicate,거의 같은 사진(대표 20150921_131833_image26 만 남김),ai,,,20150921_131833,a042,0,0,,,none,none,,none,,
apple,20150921_131833_image41,-,-,excluded_duplicate,reviewed_duplicate,거의 같은 사진(대표 20150921_131833_image26 만 남김),ai,,,20150921_131833,a042,0,0,,,none,none,,none,,
apple,20150921_131833_image46,-,-,excluded_duplicate,reviewed_duplicate,거의 같은 사진(대표 20150921_131833_image26 만 남김),ai,,,20150921_131833,a042,0,0,,,none,none,ok_one_apple=1,psm_review_list,,
apple,20150921_131833_image51,-,-,excluded_duplicate,reviewed_duplicate,거의 같은 사진(대표 20150921_131833_image26 만 남김),ai,,,20150921_131833,a042,0,0,,,none,none,,none,,
apple,20150921_131833_image56,reviewed_260917,reviewed_260917,keep,,,reviewed,,,20150921_131833,a042,1,1,,,reviewed_number_mask,psm_gt,,none,,
apple,20150921_131833_image61,-,-,excluded_duplicate,reviewed_duplicate,거의 같은 사진(대표 20150921_131833_image56 만 남김),ai,,,20150921_131833,a042,0,0,,,none,none,,none,,
apple,20150921_131833_image66,-,-,excluded_duplicate,reviewed_duplicate,거의 같은 사진(대표 20150921_131833_image56 만 남김),ai,,,20150921_131833,a042,0,0,,,none,none,,none,,
apple,20150921_131833_image71,-,-,excluded_duplicate,reviewed_duplicate,거의 같은 사진(대표 20150921_131833_image56 만 남김),ai,,,20150921_131833,a042,0,0,,,none,none,,none,,
apple,20150921_131833_image76,-,-,excluded_duplicate,reviewed_duplicate,거의 같은 사진(대표 20150921_131833_image56 만 남김),ai,,,20150921_131833,a042,0,0,,,none,none,,none,,
apple,20150921_131833_image81,-,-,excluded_duplicate,reviewed_duplicate,거의 같은 사진(대표 20150921_131833_image56 만 남김),ai,,,20150921_131833,a042,0,0,,,none,none,,none,,
apple,20150921_131833_image86,reviewed_260917,reviewed_260917,keep,,,reviewed,,,20150921_131833,a042,1,1,,20150921_131833_image106|20150921_131833_image116,reviewed_number_mask,psm_gt,,none,,
apple,20150921_131833_image91,-,-,excluded_duplicate,reviewed_duplicate,거의 같은 사진(대표 20150921_131833_image86 만 남김),ai,,,20150921_131833,a042,0,0,,,none,none,,none,,
apple,20150921_131833_image96,-,-,excluded_duplicate,reviewed_duplicate,거의 같은 사진(대표 20150921_131833_image86 만 남김),ai,,,20150921_131833,a042,0,0,,,none,none,,none,,
apple,20150921_131833_image101,-,-,excluded_duplicate,reviewed_duplicate,거의 같은 사진(대표 20150921_131833_image96 만 남김),ai,,,20150921_131833,a042,0,0,,,none,none,,none,,
apple,20150921_131833_image106,reviewed_260917,reviewed_260917,keep,,,reviewed,,,20150921_131833,a042,1,1,,20150921_131833_image86|20150921_131833_image116,reviewed_number_mask,psm_gt,,none,,
apple,20150921_131833_image111,-,-,excluded_duplicate,reviewed_duplicate,거의 같은 사진(대표 20150921_131833_image106 만 남김),ai,,,20150921_131833,a042,0,0,,,none,none,,none,,
apple,20150921_131833_image116,reviewed_260917,reviewed_260917,keep,,,reviewed,,,20150921_131833,a042,1,1,,20150921_131833_image86|20150921_131833_image106,reviewed_number_mask,psm_gt,,none,,
apple,20150921_131833_image121,-,-,excluded_duplicate,reviewed_duplicate,거의 같은 사진(대표 20150921_131833_image116 만 남김),ai,,,20150921_131833,a042,0,0,,,none,none,,none,,
apple,20150921_131833_image126,-,-,excluded_duplicate,reviewed_duplicate,거의 같은 사진(대표 20150921_131833_image106 만 남김),ai,,,20150921_131833,a042,0,0,,,none,none,,none,,bottom_5pct_ratio
apple,20150921_131833_image131,-,-,excluded_duplicate,reviewed_duplicate,거의 같은 사진(대표 20150921_131833_image126 만 남김),ai,,,20150921_131833,a042,0,0,,,none,none,,none,,bottom_5pct_ratio
apple,20150921_131833_image136,-,-,excluded_duplicate,reviewed_duplicate,거의 같은 사진(대표 20150921_131833_image116 만 남김),ai,,,20150921_131833,a042,0,0,,,none,none,,none,,
apple,20150921_131833_image141,-,-,excluded_duplicate,reviewed_duplicate,거의 같은 사진(대표 20150921_131833_image136 만 남김),ai,,,20150921_131833,a042,0,0,,,none,none,,none,,
apple,20150921_131833_image146,-,-,excluded_duplicate,reviewed_duplicate,거의 같은 사진(대표 20150921_131833_image156 만 남김),ai,,,20150921_131833,a042,0,0,,,none,none,,none,,
apple,20150921_131833_image151,-,-,excluded_duplicate,reviewed_duplicate,거의 같은 사진(대표 20150921_131833_image146 만 남김),ai,,,20150921_131833,a042,0,0,,,none,none,,none,,
apple,20150921_131833_image156,reviewed_260917,reviewed_260917,keep,,,reviewed,,,20150921_131833,a042,1,1,,20150921_131833_image166,reviewed_number_mask,psm_gt,,none,,
apple,20150921_131833_image161,-,-,excluded_duplicate,reviewed_duplicate,거의 같은 사진(대표 20150921_131833_image156 만 남김),ai,,,20150921_131833,a042,0,0,,,none,none,ok_one_apple=1,psm_review_list,,
apple,20150921_131833_image166,reviewed_260917,reviewed_260917,needs_human,,"라벨 안 된 열매 후보 1곳(x1,y1,x2,y2: 994,647,1040,687) — 사과 전체를 다시 그리고 번호(N)를 붙일 것",ai,,,20150921_131833,a042,1,1,,20150921_131833_image156,reviewed_number_mask,psm_gt,,none,,
apple,20150921_131833_image171,-,-,excluded_duplicate,reviewed_duplicate,거의 같은 사진(대표 20150921_131833_image166 만 남김),ai,,,20150921_131833,a042,0,0,,,none,none,,none,,
apple,20150921_131833_image181,-,-,excluded_duplicate,reviewed_duplicate,거의 같은 사진(대표 20150921_131833_image166 만 남김),ai,,,20150921_131833,a042,0,0,,,none,none,border_artifact=2 · 확정오류 1,psm_review_list+confirmed_errors,,
apple,20150921_131833_image186,-,-,excluded_duplicate,reviewed_duplicate,거의 같은 사진(대표 20150921_131833_image181 만 남김),ai,,,20150921_131833,a042,0,0,,,none,none,,none,,
apple,20150921_131833_image191,reviewed_260917,reviewed_260917,keep,,,reviewed,,,20150921_131833,a042,1,1,,,reviewed_number_mask,psm_gt,,none,,
apple,20150921_131833_image196,-,-,excluded_duplicate,reviewed_duplicate,거의 같은 사진(대표 20150921_131833_image191 만 남김),ai,,,20150921_131833,a042,0,0,,,none,none,ok_one_apple=1,psm_review_list,,
apple,20150921_131833_image201,-,-,excluded_duplicate,reviewed_duplicate,거의 같은 사진(대표 20150921_131833_image181 만 남김),ai,,,20150921_131833,a042,0,0,,,none,none,,none,,
apple,20150921_131833_image216,-,-,excluded_duplicate,reviewed_duplicate,거의 같은 사진(대표 20150921_131833_image181 만 남김),ai,,,20150921_131833,a042,0,0,,,none,none,,none,,
apple,20150921_131833_image221,reviewed_260917,reviewed_260917,keep,,,reviewed,,,20150921_131833,a042,1,1,,,reviewed_number_mask,psm_gt,,none,,
apple,20150921_131833_image241,-,-,excluded_duplicate,reviewed_duplicate,거의 같은 사진(대표 20150921_131833_image221 만 남김),ai,,,20150921_131833,a042,0,0,,,none,none,,none,,
apple,20150921_131833_image246,-,-,excluded_duplicate,reviewed_duplicate,거의 같은 사진(대표 20150921_131833_image241 만 남김),ai,,,20150921_131833,a042,0,0,,,none,none,,none,,
apple,20150921_131833_image266,-,-,excluded_duplicate,reviewed_duplicate,거의 같은 사진(대표 20150921_131833_image241 만 남김),ai,,,20150921_131833,a042,0,0,,,none,none,,none,,
apple,20150921_131833_image271,-,-,excluded_duplicate,reviewed_duplicate,거의 같은 사진(대표 20150921_131833_image241 만 남김),ai,,,20150921_131833,a042,0,0,,,none,none,,none,,
apple,20150921_131833_image276,-,-,excluded_duplicate,reviewed_duplicate,거의 같은 사진(대표 20150921_131833_image241 만 남김),ai,,,20150921_131833,a042,0,0,,,none,none,,none,,
apple,20150921_131833_image281,reviewed_260917,reviewed_260917,keep,,,reviewed,,,20150921_131833,a042,1,1,,,reviewed_number_mask,psm_gt,,none,,
apple,20150921_131833_image286,-,-,excluded_duplicate,reviewed_duplicate,거의 같은 사진(대표 20150921_131833_image281 만 남김),ai,,,20150921_131833,a042,0,0,,,none,none,,none,,
apple,20150921_131833_image296,-,-,excluded_duplicate,reviewed_duplicate,거의 같은 사진(대표 20150921_131833_image281 만 남김),ai,,,20150921_131833,a042,0,0,,,none,none,,none,,
apple,20150921_131833_image311,reviewed_260917,reviewed_260917,needs_human,,"라벨 안 된 열매 후보 1곳(x1,y1,x2,y2: 312,1396,357,1446) — 사과 전체를 다시 그리고 번호(N)를 붙일 것",ai,,,20150921_131833,a042,1,1,,20150921_131833_image331,reviewed_number_mask,psm_gt,,none,,
apple,20150921_131833_image316,-,-,excluded_duplicate,reviewed_duplicate,거의 같은 사진(대표 20150921_131833_image311 만 남김),ai,,,20150921_131833,a042,0,0,,,none,none,,none,,
apple,20150921_131833_image321,-,-,excluded_duplicate,reviewed_duplicate,거의 같은 사진(대표 20150921_131833_image311 만 남김),ai,,,20150921_131833,a042,0,0,,,none,none,,none,,
apple,20150921_131833_image326,-,-,excluded_duplicate,reviewed_duplicate,거의 같은 사진(대표 20150921_131833_image321 만 남김),ai,,,20150921_131833,a042,0,0,,,none,none,,none,,
apple,20150921_131833_image331,reviewed_260917,reviewed_260917,keep,,,reviewed,,,20150921_131833,a042,1,1,,20150921_131833_image311|20150921_131833_image346,reviewed_number_mask,psm_gt,,none,,
apple,20150921_131833_image336,-,-,excluded_duplicate,reviewed_duplicate,거의 같은 사진(대표 20150921_131833_image331 만 남김),ai,,,20150921_131833,a042,0,0,,,none,none,,none,,
apple,20150921_131833_image341,-,-,excluded_duplicate,reviewed_duplicate,거의 같은 사진(대표 20150921_131833_image331 만 남김),ai,,,20150921_131833,a042,0,0,,,none,none,,none,,
apple,20150921_131833_image346,reviewed_260917,reviewed_260917,keep,,,reviewed,,,20150921_131833,a042,1,1,,20150921_131833_image331,reviewed_number_mask,psm_gt,,none,,
apple,20150921_131833_image351,-,-,excluded_duplicate,reviewed_duplicate,거의 같은 사진(대표 20150921_131833_image346 만 남김),ai,,,20150921_131833,a042,0,0,,,none,none,ok_one_apple=1,psm_review_list,,
apple,20150921_131833_image356,-,-,excluded_duplicate,reviewed_duplicate,거의 같은 사진(대표 20150921_131833_image346 만 남김),ai,,,20150921_131833,a042,0,0,,,none,none,,none,,
apple,20150921_131833_image366,-,-,excluded_duplicate,reviewed_duplicate,거의 같은 사진(대표 20150921_131833_image346 만 남김),ai,,,20150921_131833,a042,0,0,,,none,none,,none,,
apple,20150921_131833_image371,-,-,excluded_duplicate,reviewed_duplicate,거의 같은 사진(대표 20150921_131833_image346 만 남김),ai,,,20150921_131833,a042,0,0,,,none,none,,none,,
apple,20150921_131833_image381,reviewed_260917,reviewed_260917,keep,,,reviewed,,,20150921_131833,a042,1,1,,,reviewed_number_mask,psm_gt,,none,,
apple,20150921_131833_image386,-,-,excluded_duplicate,reviewed_duplicate,거의 같은 사진(대표 20150921_131833_image381 만 남김),ai,,,20150921_131833,a042,0,0,,,none,none,,none,,
apple,20150921_131833_image391,-,-,excluded_duplicate,reviewed_duplicate,거의 같은 사진(대표 20150921_131833_image381 만 남김),ai,,,20150921_131833,a042,0,0,,,none,none,,none,,
apple,20150921_131833_image396,-,-,excluded_duplicate,reviewed_duplicate,거의 같은 사진(대표 20150921_131833_image381 만 남김),ai,,,20150921_131833,a042,0,0,,,none,none,,none,,
apple,20150921_131833_image401,-,-,excluded_duplicate,reviewed_duplicate,거의 같은 사진(대표 20150921_131833_image396 만 남김),ai,,,20150921_131833,a042,0,0,,,none,none,,none,,
apple,20150921_131833_image406,reviewed_260917,reviewed_260917,keep,,,reviewed,,,20150921_131833,a042,1,1,,,reviewed_number_mask,psm_gt,,none,,
apple,20150921_131833_image411,-,-,excluded_duplicate,reviewed_duplicate,거의 같은 사진(대표 20150921_131833_image406 만 남김),ai,,,20150921_131833,a042,0,0,,,none,none,,none,,
apple,20150921_131833_image416,-,-,excluded_duplicate,reviewed_duplicate,거의 같은 사진(대표 20150921_131833_image406 만 남김),ai,,,20150921_131833,a042,0,0,,,none,none,,none,,
apple,20150921_131833_image421,-,-,excluded_duplicate,reviewed_duplicate,거의 같은 사진(대표 20150921_131833_image416 만 남김),ai,,,20150921_131833,a042,0,0,,,none,none,,none,,
apple,20150921_131833_image431,reviewed_260917,reviewed_260917,keep,,,reviewed,,,20150921_131833,a042,1,1,,,reviewed_number_mask,psm_gt,,none,,
apple,20150921_131833_image436,-,-,excluded_duplicate,reviewed_duplicate,거의 같은 사진(대표 20150921_131833_image431 만 남김),ai,,,20150921_131833,a042,0,0,,,none,none,,none,,
apple,20150921_131833_image446,-,-,excluded_duplicate,reviewed_duplicate,거의 같은 사진(대표 20150921_131833_image431 만 남김),ai,,,20150921_131833,a042,0,0,,,none,none,,none,,
apple,20150921_131833_image451,-,-,excluded_duplicate,reviewed_duplicate,거의 같은 사진(대표 20150921_131833_image431 만 남김),ai,,,20150921_131833,a042,0,0,,,none,none,,none,,
apple,20150921_131833_image466,reviewed_260917,reviewed_260917,keep,,,reviewed,,,20150921_131833,a042,1,1,,,reviewed_number_mask,psm_gt,,none,,
apple,20150921_131833_image471,-,-,excluded_duplicate,reviewed_duplicate,거의 같은 사진(대표 20150921_131833_image466 만 남김),ai,,,20150921_131833,a042,0,0,,,none,none,,none,,
apple,20150921_131833_image511,reviewed_260917,reviewed_260917,keep,,,reviewed,,,20150921_131833,a042,1,1,,,reviewed_number_mask,psm_gt,,none,,
apple,20150921_131833_image516,-,-,excluded_duplicate,reviewed_duplicate,거의 같은 사진(대표 20150921_131833_image511 만 남김),ai,,,20150921_131833,a042,0,0,,,none,none,,none,,
apple,20150921_131833_image521,-,-,excluded_duplicate,reviewed_duplicate,거의 같은 사진(대표 20150921_131833_image511 만 남김),ai,,,20150921_131833,a042,0,0,,,none,none,,none,,
apple,20150921_131833_image526,-,-,excluded_duplicate,reviewed_duplicate,거의 같은 사진(대표 20150921_131833_image511 만 남김),ai,,,20150921_131833,a042,0,0,,,none,none,,none,,
apple,20150921_131833_image536,reviewed_260917,reviewed_260917,keep,,,reviewed,,,20150921_131833,a042,1,1,,,reviewed_number_mask,psm_gt,ok_one_apple=1,psm_review_list,,
apple,20150921_131833_image541,-,-,excluded_duplicate,reviewed_duplicate,거의 같은 사진(대표 20150921_131833_image536 만 남김),ai,,,20150921_131833,a042,0,0,,,none,none,,none,,
apple,20150921_131833_image546,-,-,excluded_duplicate,reviewed_duplicate,거의 같은 사진(대표 20150921_131833_image536 만 남김),ai,,,20150921_131833,a042,0,0,,,none,none,ok_one_apple=2,psm_review_list,,
apple,20150921_132038_image1,reviewed_260917,reviewed_260917,keep,,,reviewed,,,20150921_132038,a043,1,1,,,reviewed_number_mask,psm_gt,,none,,
apple,20150921_132038_image6,-,-,excluded_duplicate,reviewed_duplicate,거의 같은 사진(대표 20150921_132038_image1 만 남김),ai,,,20150921_132038,a043,0,0,,,none,none,,none,,
apple,20150921_132038_image11,-,-,excluded_duplicate,reviewed_duplicate,거의 같은 사진(대표 20150921_132038_image1 만 남김),ai,,,20150921_132038,a043,0,0,,,none,none,,none,,
apple,20150921_132038_image16,-,-,excluded_duplicate,reviewed_duplicate,거의 같은 사진(대표 20150921_132038_image1 만 남김),ai,,,20150921_132038,a043,0,0,,,none,none,,none,,
apple,20150921_132038_image21,-,-,excluded_duplicate,reviewed_duplicate,거의 같은 사진(대표 20150921_132038_image1 만 남김),ai,,,20150921_132038,a043,0,0,,,none,none,,none,,
apple,20150921_132038_image26,-,-,excluded_duplicate,reviewed_duplicate,거의 같은 사진(대표 20150921_132038_image1 만 남김),ai,,,20150921_132038,a043,0,0,,,none,none,,none,,
apple,20150921_132038_image31,-,-,excluded_duplicate,reviewed_duplicate,거의 같은 사진(대표 20150921_132038_image1 만 남김),ai,,,20150921_132038,a043,0,0,,,none,none,,none,,
apple,20150921_132038_image36,-,-,excluded_duplicate,reviewed_duplicate,거의 같은 사진(대표 20150921_132038_image1 만 남김),ai,,,20150921_132038,a043,0,0,,,none,none,,none,,
apple,20150921_132038_image41,-,-,excluded_duplicate,reviewed_duplicate,거의 같은 사진(대표 20150921_132038_image1 만 남김),ai,,,20150921_132038,a043,0,0,,,none,none,,none,,
apple,20150921_132038_image46,-,-,excluded_duplicate,reviewed_duplicate,거의 같은 사진(대표 20150921_132038_image1 만 남김),ai,,,20150921_132038,a043,0,0,,,none,none,,none,,
apple,20150921_132038_image51,-,-,excluded_duplicate,reviewed_duplicate,거의 같은 사진(대표 20150921_132038_image1 만 남김),ai,,,20150921_132038,a043,0,0,,,none,none,,none,,
apple,20150921_132038_image56,-,-,excluded_duplicate,reviewed_duplicate,거의 같은 사진(대표 20150921_132038_image1 만 남김),ai,,,20150921_132038,a043,0,0,,,none,none,ok_one_apple=1,psm_review_list,,
apple,20150921_132038_image61,reviewed_260917,reviewed_260917,keep,,,reviewed,,,20150921_132038,a043,1,1,,20150921_132038_image71,reviewed_number_mask,psm_gt,ok_one_apple=3,psm_review_list,,
apple,20150921_132038_image66,-,-,excluded_duplicate,reviewed_duplicate,거의 같은 사진(대표 20150921_132038_image61 만 남김),ai,,,20150921_132038,a043,0,0,,,none,none,,none,,
apple,20150921_132038_image71,reviewed_260917,reviewed_260917,keep,,,reviewed,,,20150921_132038,a043,1,1,,20150921_132038_image61,reviewed_number_mask,psm_gt,ok_one_apple=1,psm_review_list,,
apple,20150921_132038_image76,-,-,excluded_duplicate,reviewed_duplicate,거의 같은 사진(대표 20150921_132038_image61 만 남김),ai,,,20150921_132038,a043,0,0,,,none,none,ok_one_apple=1,psm_review_list,,
apple,20150921_132038_image81,-,-,excluded_duplicate,reviewed_duplicate,거의 같은 사진(대표 20150921_132038_image61 만 남김),ai,,,20150921_132038,a043,0,0,,,none,none,ok_one_apple=1,psm_review_list,,
apple,20150921_132038_image86,-,-,excluded_duplicate,reviewed_duplicate,거의 같은 사진(대표 20150921_132038_image81 만 남김),ai,,,20150921_132038,a043,0,0,,,none,none,,none,,
apple,20150921_132038_image91,-,-,excluded_duplicate,reviewed_duplicate,거의 같은 사진(대표 20150921_132038_image71 만 남김),ai,,,20150921_132038,a043,0,0,,,none,none,,none,,
apple,20150921_132038_image96,-,-,excluded_duplicate,reviewed_duplicate,거의 같은 사진(대표 20150921_132038_image91 만 남김),ai,,,20150921_132038,a043,0,0,,,none,none,ok_one_apple=1,psm_review_list,,
apple,20150921_132038_image101,reviewed_260917,reviewed_260917,keep,,,reviewed,,,20150921_132038,a043,1,1,,,reviewed_number_mask,psm_gt,,none,,
apple,20150921_132038_image106,-,-,excluded_duplicate,reviewed_duplicate,거의 같은 사진(대표 20150921_132038_image101 만 남김),ai,,,20150921_132038,a043,0,0,,,none,none,,none,,
apple,20150921_132038_image111,-,-,excluded_duplicate,reviewed_duplicate,거의 같은 사진(대표 20150921_132038_image101 만 남김),ai,,,20150921_132038,a043,0,0,,,none,none,ok_one_apple=2,psm_review_list,,
apple,20150921_132038_image116,-,-,excluded_duplicate,reviewed_duplicate,거의 같은 사진(대표 20150921_132038_image111 만 남김),ai,,,20150921_132038,a043,0,0,,,none,none,ok_one_apple=1,psm_review_list,,
apple,20150921_132038_image121,-,-,excluded_duplicate,reviewed_duplicate,거의 같은 사진(대표 20150921_132038_image111 만 남김),ai,,,20150921_132038,a043,0,0,,,none,none,ok_one_apple=2,psm_review_list,,
apple,20150921_132038_image126,-,-,excluded_duplicate,reviewed_duplicate,거의 같은 사진(대표 20150921_132038_image111 만 남김),ai,,,20150921_132038,a043,0,0,,,none,none,ok_one_apple=1,psm_review_list,,
apple,20150921_132038_image131,reviewed_260917,reviewed_260917,keep,,,reviewed,,,20150921_132038,a043,1,1,,,reviewed_number_mask,psm_gt,ok_one_apple=2,psm_review_list,,
apple,20150921_132038_image136,-,-,excluded_duplicate,reviewed_duplicate,거의 같은 사진(대표 20150921_132038_image131 만 남김),ai,,,20150921_132038,a043,0,0,,,none,none,ok_one_apple=2,psm_review_list,,
apple,20150921_132038_image141,-,-,excluded_duplicate,reviewed_duplicate,거의 같은 사진(대표 20150921_132038_image131 만 남김),ai,,,20150921_132038,a043,0,0,,,none,none,ok_one_apple=5,psm_review_list,,
apple,20150921_132038_image146,-,-,excluded_duplicate,reviewed_duplicate,거의 같은 사진(대표 20150921_132038_image141 만 남김),ai,,,20150921_132038,a043,0,0,,,none,none,ok_one_apple=6 two_apples_one_id=1 · 확정오류 1,psm_review_list+confirmed_errors,,
apple,20150921_132038_image151,-,-,excluded_duplicate,reviewed_duplicate,거의 같은 사진(대표 20150921_132038_image141 만 남김),ai,,,20150921_132038,a043,0,0,,,none,none,ok_one_apple=1,psm_review_list,,
apple,20150921_132038_image156,-,-,excluded_duplicate,reviewed_duplicate,거의 같은 사진(대표 20150921_132038_image141 만 남김),ai,,,20150921_132038,a043,0,0,,,none,none,ok_one_apple=1 unclear=1,psm_review_list,,
apple,20150921_132038_image161,reviewed_260917,reviewed_260917,keep,,,reviewed,,,20150921_132038,a043,1,1,,,reviewed_number_mask,psm_gt,ok_one_apple=1,psm_review_list,,
apple,20150921_132038_image166,-,-,excluded_duplicate,reviewed_duplicate,거의 같은 사진(대표 20150921_132038_image161 만 남김),ai,,,20150921_132038,a043,0,0,,,none,none,ok_one_apple=1,psm_review_list,,
apple,20150921_132038_image171,-,-,excluded_duplicate,reviewed_duplicate,거의 같은 사진(대표 20150921_132038_image161 만 남김),ai,,,20150921_132038,a043,0,0,,,none,none,,none,,
apple,20150921_132038_image176,-,-,excluded_duplicate,reviewed_duplicate,거의 같은 사진(대표 20150921_132038_image171 만 남김),ai,,,20150921_132038,a043,0,0,,,none,none,,none,,
apple,20150921_132038_image261,reviewed_260917,reviewed_260917,keep,,,reviewed,,,20150921_132038,a049,1,1,,,reviewed_number_mask,psm_gt,,none,,
apple,20150921_132038_image266,-,-,excluded_duplicate,reviewed_duplicate,거의 같은 사진(대표 20150921_132038_image261 만 남김),ai,,,20150921_132038,a049,0,0,,,none,none,,none,,
apple,20150921_132038_image271,-,-,excluded_duplicate,reviewed_duplicate,거의 같은 사진(대표 20150921_132038_image261 만 남김),ai,,,20150921_132038,a049,0,0,,,none,none,ok_one_apple=1,psm_review_list,,
apple,20150921_132038_image276,-,-,excluded_duplicate,reviewed_duplicate,거의 같은 사진(대표 20150921_132038_image271 만 남김),ai,,,20150921_132038,a049,0,0,,,none,none,,none,,
apple,20150921_132038_image281,-,-,excluded_duplicate,reviewed_duplicate,거의 같은 사진(대표 20150921_132038_image261 만 남김),ai,,,20150921_132038,a049,0,0,,,none,none,ok_one_apple=1,psm_review_list,,
apple,20150921_132038_image286,-,-,excluded_duplicate,reviewed_duplicate,거의 같은 사진(대표 20150921_132038_image281 만 남김),ai,,,20150921_132038,a049,0,0,,,none,none,,none,,
apple,20150921_132038_image336,reviewed_260917,reviewed_260917,keep,,,reviewed,,,20150921_132038,a050,1,1,,,reviewed_number_mask,psm_gt,,none,,
apple,20150921_132038_image341,-,-,excluded_duplicate,reviewed_duplicate,거의 같은 사진(대표 20150921_132038_image336 만 남김),ai,,,20150921_132038,a050,0,0,,,none,none,,none,,
apple,20150921_132038_image361,reviewed_260917,reviewed_260917,keep,,,reviewed,,,20150921_132038,a050,1,1,,,reviewed_number_mask,psm_gt,duplicate_polygon=3 ok_one_apple=1 one_apple_two_ids=1 · 확정오류 3,psm_review_list+confirmed_errors,,
apple,20150921_132038_image391,reviewed_260917,reviewed_260917,keep,,,reviewed,,,20150921_132038,as0017,1,1,,,reviewed_number_mask,psm_gt,,none,,
apple,20150921_132038_image431,reviewed_260917,reviewed_260917,keep,,,reviewed,,,20150921_132038,as0018,1,1,,,reviewed_number_mask,psm_gt,ok_one_apple=1,psm_review_list,,
apple,20150921_132038_image496,reviewed_260917,reviewed_260917,keep,,,reviewed,,,20150921_132038,as0019,1,1,,,reviewed_number_mask,psm_gt,,none,,
apple,20150921_132038_image551,reviewed_260917,reviewed_260917,keep,,,reviewed,,,20150921_132038,as0020,1,1,,,reviewed_number_mask,psm_gt,,none,,
apple,20150921_132038_image636,reviewed_260917,reviewed_260917,keep,,,reviewed,,,20150921_132038,as0021,1,1,,,reviewed_number_mask,psm_gt,,none,,
apple,20150921_132038_image666,reviewed_260917,reviewed_260917,keep,,,reviewed,,,20150921_132038,a051,1,1,,20150921_132038_image686,reviewed_number_mask,psm_gt,,none,,
apple,20150921_132038_image686,reviewed_260917,reviewed_260917,keep,,,reviewed,,,20150921_132038,a051,1,1,,20150921_132038_image666,reviewed_number_mask,psm_gt,,none,,
apple,20150921_132038_image796,reviewed_260917,reviewed_260917,keep,,,reviewed,,,20150921_132038,as0022,1,1,,,reviewed_number_mask,psm_gt,,none,,
apple,20150921_132038_image856,reviewed_260917,reviewed_260917,keep,,,reviewed,,,20150921_132038,a052,1,1,,20150921_132038_image871,reviewed_number_mask,psm_gt,,none,,
apple,20150921_132038_image871,reviewed_260917,reviewed_260917,keep,,,reviewed,,,20150921_132038,a052,1,1,,20150921_132038_image856,reviewed_number_mask,psm_gt,,none,,
apple,20150921_132038_image891,-,-,excluded_duplicate,reviewed_duplicate,거의 같은 사진(대표 20150921_132038_image871 만 남김),ai,,,20150921_132038,a052,0,0,,,none,none,,none,,
apple,20150921_132038_image896,reviewed_260917,reviewed_260917,keep,,,reviewed,,,20150921_132038,a052,1,1,,20150921_132038_image906,reviewed_number_mask,psm_gt,,none,,
apple,20150921_132038_image901,-,-,excluded_duplicate,reviewed_duplicate,거의 같은 사진(대표 20150921_132038_image896 만 남김),ai,,,20150921_132038,a052,0,0,,,none,none,,none,,
apple,20150921_132038_image906,reviewed_260917,reviewed_260917,keep,,,reviewed,,,20150921_132038,a052,1,1,,20150921_132038_image896|20150921_132038_image926,reviewed_number_mask,psm_gt,ok_one_apple=1,psm_review_list,,
apple,20150921_132038_image911,-,-,excluded_duplicate,reviewed_duplicate,거의 같은 사진(대표 20150921_132038_image906 만 남김),ai,,,20150921_132038,a052,0,0,,,none,none,ok_one_apple=1,psm_review_list,,
apple,20150921_132038_image916,-,-,excluded_duplicate,reviewed_duplicate,거의 같은 사진(대표 20150921_132038_image906 만 남김),ai,,,20150921_132038,a052,0,0,,,none,none,,none,,
apple,20150921_132038_image921,-,-,excluded_duplicate,reviewed_duplicate,거의 같은 사진(대표 20150921_132038_image916 만 남김),ai,,,20150921_132038,a052,0,0,,,none,none,,none,,
apple,20150921_132038_image926,reviewed_260917,reviewed_260917,keep,,,reviewed,,,20150921_132038,a052,1,1,,20150921_132038_image906,reviewed_number_mask,psm_gt,,none,,
apple,20150921_132038_image931,-,-,excluded_duplicate,reviewed_duplicate,거의 같은 사진(대표 20150921_132038_image926 만 남김),ai,,,20150921_132038,a052,0,0,,,none,none,,none,,
apple,20150921_132038_image971,reviewed_260917,reviewed_260917,keep,,,reviewed,,,20150921_132038,a052,1,1,,,reviewed_number_mask,psm_gt,,none,,
apple,20150921_132038_image996,reviewed_260917,reviewed_260917,keep,,,reviewed,,,20150921_132038,a044,1,1,,,reviewed_number_mask,psm_gt,,none,,
apple,20150921_132038_image1001,-,-,excluded_duplicate,reviewed_duplicate,거의 같은 사진(대표 20150921_132038_image996 만 남김),ai,,,20150921_132038,a044,0,0,,,none,none,,none,,
apple,20150921_132038_image1006,-,-,excluded_duplicate,reviewed_duplicate,거의 같은 사진(대표 20150921_132038_image996 만 남김),ai,,,20150921_132038,a044,0,0,,,none,none,,none,,
apple,20150921_132038_image1011,-,-,excluded_duplicate,reviewed_duplicate,거의 같은 사진(대표 20150921_132038_image1006 만 남김),ai,,,20150921_132038,a044,0,0,,,none,none,,none,,
apple,20150921_132038_image1056,reviewed_260917,reviewed_260917,keep,,,reviewed,,,20150921_132038,a045,1,1,,20150921_132038_image1076,reviewed_number_mask,psm_gt,,none,,
apple,20150921_132038_image1076,reviewed_260917,reviewed_260917,keep,,,reviewed,,,20150921_132038,a045,1,1,,20150921_132038_image1056|20150921_132038_image1101,reviewed_number_mask,psm_gt,,none,,
apple,20150921_132038_image1101,reviewed_260917,reviewed_260917,keep,,,reviewed,,,20150921_132038,a045,1,1,,20150921_132038_image1076,reviewed_number_mask,psm_gt,,none,,
apple,20150921_132038_image1161,reviewed_260917,reviewed_260917,keep,,,reviewed,,,20150921_132038,a046,1,1,,20150921_132038_image1191,reviewed_number_mask,psm_gt,,none,,
apple,20150921_132038_image1191,reviewed_260917,reviewed_260917,keep,,,reviewed,,,20150921_132038,a046,1,1,,20150921_132038_image1161|20150921_132038_image1206,reviewed_number_mask,psm_gt,,none,,
apple,20150921_132038_image1196,-,-,excluded_duplicate,reviewed_duplicate,거의 같은 사진(대표 20150921_132038_image1191 만 남김),ai,,,20150921_132038,a046,0,0,,,none,none,,none,,
apple,20150921_132038_image1206,reviewed_260917,reviewed_260917,keep,,,reviewed,,,20150921_132038,a046,1,1,,20150921_132038_image1191|20150921_132038_image1241,reviewed_number_mask,psm_gt,unclear=1,psm_review_list,,
apple,20150921_132038_image1241,reviewed_260917,reviewed_260917,keep,,,reviewed,,,20150921_132038,a046,1,1,,20150921_132038_image1206,reviewed_number_mask,psm_gt,,none,,
apple,20150921_132038_image1256,-,-,excluded_duplicate,reviewed_duplicate,거의 같은 사진(대표 20150921_132038_image1241 만 남김),ai,,,20150921_132038,a046,0,0,,,none,none,,none,,
apple,20150921_132038_image1306,reviewed_260917,reviewed_260917,keep,,,reviewed,,,20150921_132038,as0016,1,1,,,reviewed_number_mask,psm_gt,,none,,
apple,20150921_132038_image1371,reviewed_260917,reviewed_260917,keep,,,reviewed,,,20150921_132038,a047,1,1,,,reviewed_number_mask,psm_gt,,none,,
apple,20150921_132038_image1386,-,-,excluded_duplicate,reviewed_duplicate,거의 같은 사진(대표 20150921_132038_image1371 만 남김),ai,,,20150921_132038,a047,0,0,,,none,none,,none,,
apple,20150921_132038_image1441,reviewed_260917,reviewed_260917,keep,,,reviewed,,,20150921_132038,a048,1,1,,,reviewed_number_mask,psm_gt,,none,,
apple,20150921_132038_image1446,-,-,excluded_duplicate,reviewed_duplicate,거의 같은 사진(대표 20150921_132038_image1441 만 남김),ai,,,20150921_132038,a048,0,0,,,none,none,,none,,
apple,20150921_132245_image1,reviewed_260917,reviewed_260917,keep,,,reviewed,,,20150921_132245,a053,1,1,,20150921_132245_image46,reviewed_number_mask,psm_gt,,none,,
apple,20150921_132245_image46,reviewed_260917,reviewed_260917,keep,,,reviewed,,,20150921_132245,a053,1,1,,20150921_132245_image1,reviewed_number_mask,psm_gt,,none,,
apple,20150921_132245_image101,reviewed_260917,reviewed_260917,keep,,,reviewed,,,20150921_132245,as0024,1,1,,,reviewed_number_mask,psm_gt,,none,,
apple,20150921_132245_image201,reviewed_260917,reviewed_260917,keep,,,reviewed,,,20150921_132245,as0027,1,1,,,reviewed_number_mask,psm_gt,,none,,
apple,20150921_132245_image261,reviewed_260917,reviewed_260917,keep,,,reviewed,,,20150921_132245,as0028,1,1,,,reviewed_number_mask,psm_gt,,none,,
apple,20150921_132245_image301,reviewed_260917,reviewed_260917,keep,,,reviewed,,,20150921_132245,as0029,1,1,,,reviewed_number_mask,psm_gt,,none,,
apple,20150921_132245_image396,reviewed_260917,reviewed_260917,keep,,,reviewed,,,20150921_132245,a054,1,1,,,reviewed_number_mask,psm_gt,,none,,
apple,20150921_132245_image401,-,-,excluded_duplicate,reviewed_duplicate,거의 같은 사진(대표 20150921_132245_image396 만 남김),ai,,,20150921_132245,a054,0,0,,,none,none,,none,,
apple,20150921_132245_image446,reviewed_260917,reviewed_260917,keep,,,reviewed,,,20150921_132245,a055,1,1,,20150921_132245_image501,reviewed_number_mask,psm_gt,,none,,
apple,20150921_132245_image501,reviewed_260917,reviewed_260917,keep,,,reviewed,,,20150921_132245,a055,1,1,,20150921_132245_image446|20150921_132245_image531,reviewed_number_mask,psm_gt,,none,,
apple,20150921_132245_image531,reviewed_260917,reviewed_260917,keep,,,reviewed,,,20150921_132245,a055,1,1,[fallen_labeled_inconsistent] 132245_image531 — 바닥 낙과 1개를 라벨함,20150921_132245_image501,reviewed_number_mask,psm_gt,ok_one_apple=1,psm_review_list,,
apple,20150921_132245_image601,reviewed_260917,reviewed_260917,keep,,,reviewed,,,20150921_132245,as0030,1,1,,,reviewed_number_mask,psm_gt,,none,,
apple,20150921_132245_image656,reviewed_260917,reviewed_260917,keep,,,reviewed,,,20150921_132245,as0031,1,1,,,reviewed_number_mask,psm_gt,,none,,
apple,20150921_132245_image701,reviewed_260917,reviewed_260917,keep,,,reviewed,,,20150921_132245,a056,1,1,,20150921_132245_image751,reviewed_number_mask,psm_gt,,none,,bottom_5pct_ratio
apple,20150921_132245_image751,reviewed_260917,reviewed_260917,keep,,,reviewed,,,20150921_132245,a056,1,1,,20150921_132245_image701|20150921_132245_image786,reviewed_number_mask,psm_gt,,none,,
apple,20150921_132245_image786,reviewed_260917,reviewed_260917,keep,,,reviewed,,,20150921_132245,a056,1,1,,20150921_132245_image751,reviewed_number_mask,psm_gt,,none,,
apple,20150921_132245_image801,-,-,excluded_duplicate,reviewed_duplicate,거의 같은 사진(대표 20150921_132245_image786 만 남김),ai,,,20150921_132245,a056,0,0,,,none,none,,none,,
apple,20150921_132245_image836,reviewed_260917,reviewed_260917,keep,,,reviewed,,,20150921_132245,as0032,1,1,,,reviewed_number_mask,psm_gt,,none,,
apple,20150921_132245_image901,reviewed_260917,reviewed_260917,keep,,,reviewed,,,20150921_132245,as0033,1,1,,,reviewed_number_mask,psm_gt,,none,,
apple,20150921_132245_image976,reviewed_260917,reviewed_260917,keep,,,reviewed,,,20150921_132245,as0034,1,1,,,reviewed_number_mask,psm_gt,,none,,
apple,20150921_132245_image1001,reviewed_260917,reviewed_260917,keep,,,reviewed,,,20150921_132245,as0023,1,1,,,reviewed_number_mask,psm_gt,ok_one_apple=1,psm_review_list,,
apple,20150921_132245_image1101,reviewed_260917,reviewed_260917,keep,,,reviewed,,,20150921_132245,as0025,1,1,,,reviewed_number_mask,psm_gt,,none,,
apple,20150921_132245_image1166,reviewed_260917,reviewed_260917,keep,,,reviewed,,,20150921_132245,as0026,1,1,,,reviewed_number_mask,psm_gt,,none,,
apple,dataset1_back_1,reviewed_260917,reviewed_260917,keep,,,reviewed,,,dataset1_back,a057,1,1,,dataset1_back_61,reviewed_number_mask,psm_gt,ok_one_apple=1,psm_review_list,,
apple,dataset1_back_31,-,-,excluded_duplicate,reviewed_duplicate,거의 같은 사진(대표 dataset1_back_1 만 남김),ai,,,dataset1_back,a057,0,0,,,none,none,,none,,
apple,dataset1_back_61,reviewed_260917,reviewed_260917,keep,,,reviewed,,,dataset1_back,a057,1,1,,dataset1_back_1,reviewed_number_mask,psm_gt,duplicate_polygon=1 · 확정오류 1,psm_review_list+confirmed_errors,,
apple,dataset1_back_91,-,-,excluded_duplicate,reviewed_duplicate,거의 같은 사진(대표 dataset1_back_151 만 남김),ai,,,dataset1_back,a057,0,0,,,none,none,,none,,
apple,dataset1_back_121,-,-,excluded_duplicate,reviewed_duplicate,거의 같은 사진(대표 dataset1_back_61 만 남김),ai,,,dataset1_back,a057,0,0,,,none,none,,none,,
apple,dataset1_back_151,reviewed_260917,reviewed_260917,needs_human,,"라벨 안 된 열매 후보 1곳(x1,y1,x2,y2: 649,160,695,205) — 사과 전체를 다시 그리고 번호(N)를 붙일 것",ai,,,dataset1_back,a057,1,1,,,reviewed_number_mask,psm_gt,,none,,
apple,dataset1_back_181,-,-,excluded_duplicate,reviewed_duplicate,거의 같은 사진(대표 dataset1_back_151 만 남김),ai,,,dataset1_back,a057,0,0,,,none,none,,none,,
apple,dataset1_back_241,reviewed_260917,reviewed_260917,needs_human,,"라벨 안 된 열매 후보 2곳(x1,y1,x2,y2: 516,169,580,228 / 605,0,667,48) — 사과 전체를 다시 그리고 번호(N)를 붙일 것",ai,,,dataset1_back,a057,1,1,,dataset1_back_271,reviewed_number_mask,psm_gt,ok_one_apple=1,psm_review_list,,
apple,dataset1_back_271,reviewed_260917,reviewed_260917,keep,,,reviewed,,,dataset1_back,a057,1,1,,dataset1_back_241,reviewed_number_mask,psm_gt,ok_one_apple=5,psm_review_list,,
apple,dataset1_back_301,-,-,excluded_duplicate,reviewed_duplicate,거의 같은 사진(대표 dataset1_back_241 만 남김),ai,,,dataset1_back,a057,0,0,,,none,none,ok_one_apple=1,psm_review_list,,
apple,dataset1_back_331,-,-,excluded_duplicate,reviewed_duplicate,거의 같은 사진(대표 dataset1_back_271 만 남김),ai,,,dataset1_back,a057,0,0,,,none,none,,none,,
apple,dataset1_back_361,reviewed_260917,reviewed_260917,needs_human,,"라벨 안 된 열매 후보 1곳(x1,y1,x2,y2: 21,1315,65,1371) — 사과 전체를 다시 그리고 번호(N)를 붙일 것",ai,,,dataset1_back,a057,1,1,,dataset1_back_391|dataset1_back_421,reviewed_number_mask,psm_gt,ok_one_apple=1,psm_review_list,,
apple,dataset1_back_391,reviewed_260917,reviewed_260917,keep,,,reviewed,,,dataset1_back,a057,1,1,,dataset1_back_361|dataset1_back_421,reviewed_number_mask,psm_gt,ok_one_apple=1,psm_review_list,,
apple,dataset1_back_421,reviewed_260917,reviewed_260917,keep,,,reviewed,,,dataset1_back,a057,1,1,,dataset1_back_361|dataset1_back_391,reviewed_number_mask,psm_gt,ok_one_apple=1,psm_review_list,,
apple,dataset1_back_451,-,-,excluded_duplicate,reviewed_duplicate,거의 같은 사진(대표 dataset1_back_421 만 남김),ai,,,dataset1_back,a057,0,0,,,none,none,,none,,
apple,dataset1_back_481,-,-,excluded_duplicate,reviewed_duplicate,거의 같은 사진(대표 dataset1_back_541 만 남김),ai,,,dataset1_back,a057,0,0,,,none,none,duplicate_polygon=1 · 확정오류 1,psm_confirmed_errors,,
apple,dataset1_back_511,-,-,excluded_duplicate,reviewed_duplicate,거의 같은 사진(대표 dataset1_back_421 만 남김),ai,,,dataset1_back,a057,0,0,,,none,none,ok_one_apple=2,psm_review_list,,
apple,dataset1_back_541,reviewed_260917,reviewed_260917,needs_human,,"라벨 안 된 열매 후보 1곳(x1,y1,x2,y2: 849,524,895,571) — 사과 전체를 다시 그리고 번호(N)를 붙일 것",ai,,,dataset1_back,a057,1,1,,dataset1_back_601,reviewed_number_mask,psm_gt,,none,,
apple,dataset1_back_571,-,-,excluded_duplicate,reviewed_duplicate,거의 같은 사진(대표 dataset1_back_541 만 남김),ai,,,dataset1_back,a057,0,0,,,none,none,,none,,
apple,dataset1_back_601,reviewed_260917,reviewed_260917,keep,,,reviewed,,,dataset1_back,a057,1,1,,dataset1_back_541|dataset1_back_631|dataset1_back_691,reviewed_number_mask,psm_gt,,none,,
apple,dataset1_back_631,reviewed_260917,reviewed_260917,keep,,,reviewed,,,dataset1_back,a057,1,1,,dataset1_back_601|dataset1_back_691|dataset1_back_781,reviewed_number_mask,psm_gt,,none,,
apple,dataset1_back_661,-,-,excluded_duplicate,reviewed_duplicate,거의 같은 사진(대표 dataset1_back_631 만 남김),ai,,,dataset1_back,a057,0,0,,,none,none,ok_one_apple=1,psm_review_list,,
apple,dataset1_back_691,reviewed_260917,reviewed_260917,keep,,,reviewed,,,dataset1_back,a057,1,1,,dataset1_back_601|dataset1_back_631,reviewed_number_mask,psm_gt,,none,,
apple,dataset1_back_721,-,-,excluded_duplicate,reviewed_duplicate,거의 같은 사진(대표 dataset1_back_691 만 남김),ai,,,dataset1_back,a057,0,0,[flag 에서 내림] 고칠 수 없는 규칙 문제(낙과·뒷줄 / 같은 열매의 경계 / 마른 꽃부리)만 있음,,none,none,,none,,
apple,dataset1_back_751,-,-,excluded_duplicate,reviewed_duplicate,거의 같은 사진(대표 dataset1_back_601 만 남김),ai,,,dataset1_back,a057,0,0,,,none,none,ok_one_apple=1,psm_review_list,,
apple,dataset1_back_781,reviewed_260917,reviewed_260917,keep,,,reviewed,,,dataset1_back,a057,1,1,,dataset1_back_631,reviewed_number_mask,psm_gt,,none,,
apple,dataset1_back_811,-,-,excluded_duplicate,reviewed_duplicate,거의 같은 사진(대표 dataset1_back_781 만 남김),ai,,,dataset1_back,a057,0,0,,,none,none,,none,,
apple,dataset1_back_841,-,-,excluded_duplicate,reviewed_duplicate,거의 같은 사진(대표 dataset1_back_781 만 남김),ai,,,dataset1_back,a057,0,0,,,none,none,ok_one_apple=1,psm_review_list,,
apple,dataset1_back_871,reviewed_260917,reviewed_260917,keep,,,reviewed,,,dataset1_back,a057,1,1,,,reviewed_number_mask,psm_gt,,none,,
apple,dataset1_back_901,-,-,excluded_duplicate,reviewed_duplicate,거의 같은 사진(대표 dataset1_back_961 만 남김),ai,,,dataset1_back,a057,0,0,,,none,none,ok_one_apple=1,psm_review_list,,
apple,dataset1_back_931,-,-,excluded_duplicate,reviewed_duplicate,거의 같은 사진(대표 dataset1_back_901 만 남김),ai,,,dataset1_back,a057,0,0,,,none,none,ok_one_apple=1,psm_review_list,,
apple,dataset1_back_961,reviewed_260917,reviewed_260917,needs_human,,"라벨 안 된 열매 후보 1곳(x1,y1,x2,y2: 390,1496,438,1547) — 그중 1곳은 어두워서 확대해 볼 것 — 사과 전체를 다시 그리고 번호(N)를 붙일 것",ai,,,dataset1_back,a057,1,1,,dataset1_back_1021,reviewed_number_mask,psm_gt,ok_one_apple=1,psm_review_list,,
apple,dataset1_back_991,-,-,excluded_duplicate,reviewed_duplicate,거의 같은 사진(대표 dataset1_back_961 만 남김),ai,,,dataset1_back,a057,0,0,,,none,none,,none,,
apple,dataset1_back_1021,reviewed_260917,reviewed_260917,keep,,,reviewed,,,dataset1_back,a057,1,1,,dataset1_back_961|dataset1_back_1051,reviewed_number_mask,psm_gt,ok_one_apple=1,psm_review_list,,
apple,dataset1_back_1051,reviewed_260917,reviewed_260917,keep,,,reviewed,,,dataset1_back,a057,1,1,,dataset1_back_1021,reviewed_number_mask,psm_gt,,none,,
apple,dataset1_back_1081,-,-,excluded_duplicate,reviewed_duplicate,거의 같은 사진(대표 dataset1_back_1051 만 남김),ai,,,dataset1_back,a057,0,0,,,none,none,ok_one_apple=1,psm_review_list,,
apple,dataset1_back_1111,-,-,excluded_duplicate,reviewed_duplicate,거의 같은 사진(대표 dataset1_back_1051 만 남김),ai,,,dataset1_back,a057,0,0,,,none,none,,none,,
apple,dataset1_back_1141,-,-,excluded_duplicate,reviewed_duplicate,거의 같은 사진(대표 dataset1_back_1051 만 남김),ai,,,dataset1_back,a057,0,0,,,none,none,ok_one_apple=1,psm_review_list,,
apple,dataset1_back_1171,reviewed_260917,reviewed_260917,keep,,,reviewed,,,dataset1_back,a057,1,1,,,reviewed_number_mask,psm_gt,,none,,
apple,dataset1_back_1201,-,-,excluded_duplicate,reviewed_duplicate,거의 같은 사진(대표 dataset1_back_1021 만 남김),ai,,,dataset1_back,a057,0,0,,,none,none,one_apple_two_ids=1 · 확정오류 1,psm_review_list+confirmed_errors,,
apple,dataset1_front_1,reviewed_260917,reviewed_260917,keep,,,reviewed,,,dataset1_front,a058,1,1,,dataset1_front_61,reviewed_number_mask,psm_gt,,none,,
apple,dataset1_front_31,-,-,excluded_duplicate,reviewed_duplicate,거의 같은 사진(대표 dataset1_front_1 만 남김),ai,,,dataset1_front,a058,0,0,[flag 에서 내림] 고칠 수 없는 규칙 문제(낙과·뒷줄 / 같은 열매의 경계 / 마른 꽃부리)만 있음,,none,none,,none,,
apple,dataset1_front_61,reviewed_260917,reviewed_260917,keep,,,reviewed,,,dataset1_front,a058,1,1,,dataset1_front_1|dataset1_front_91|dataset1_front_121,reviewed_number_mask,psm_gt,ok_one_apple=1,psm_review_list,,
apple,dataset1_front_91,reviewed_260917,reviewed_260917,keep,,,reviewed,,,dataset1_front,a058,1,1,,dataset1_front_61|dataset1_front_121|dataset1_front_181,reviewed_number_mask,psm_gt,,none,,
apple,dataset1_front_121,reviewed_260917,reviewed_260917,keep,,,reviewed,,,dataset1_front,a058,1,1,,dataset1_front_61|dataset1_front_91,reviewed_number_mask,psm_gt,ok_one_apple=1,psm_review_list,,
apple,dataset1_front_151,-,-,excluded_duplicate,reviewed_duplicate,거의 같은 사진(대표 dataset1_front_121 만 남김),ai,,,dataset1_front,a058,0,0,,,none,none,,none,,
apple,dataset1_front_181,reviewed_260917,reviewed_260917,keep,,,reviewed,,,dataset1_front,a058,1,1,,dataset1_front_91,reviewed_number_mask,psm_gt,,none,,
apple,dataset1_front_211,-,-,excluded_duplicate,reviewed_duplicate,거의 같은 사진(대표 dataset1_front_181 만 남김),ai,,,dataset1_front,a058,0,0,,,none,none,,none,,
apple,dataset1_front_241,-,-,excluded_duplicate,reviewed_duplicate,거의 같은 사진(대표 dataset1_front_211 만 남김),ai,,,dataset1_front,a058,0,0,,,none,none,ok_one_apple=2,psm_review_list,,
apple,dataset1_front_271,reviewed_260917,reviewed_260917,keep,,,reviewed,,,dataset1_front,a058,1,1,,dataset1_front_301,reviewed_number_mask,psm_gt,ok_one_apple=3,psm_review_list,,
apple,dataset1_front_301,reviewed_260917,reviewed_260917,needs_human,,"라벨 안 된 열매 후보 1곳(x1,y1,x2,y2: 44,0,90,51) — 사과 전체를 다시 그리고 번호(N)를 붙일 것",ai,,,dataset1_front,a058,1,1,,dataset1_front_271,reviewed_number_mask,psm_gt,,none,,
apple,dataset1_front_331,-,-,excluded_duplicate,reviewed_duplicate,거의 같은 사진(대표 dataset1_front_301 만 남김),ai,,,dataset1_front,a058,0,0,,,none,none,ok_one_apple=1,psm_review_list,,
apple,dataset1_front_361,reviewed_260917,reviewed_260917,needs_human,,"라벨 안 된 열매 후보 1곳(x1,y1,x2,y2: 456,1560,507,1610) — 사과 전체를 다시 그리고 번호(N)를 붙일 것",ai,,,dataset1_front,a058,1,1,,dataset1_front_391,reviewed_number_mask,psm_gt,ok_one_apple=2,psm_review_list,,
apple,dataset1_front_391,reviewed_260917,reviewed_260917,keep,,,reviewed,,,dataset1_front,a058,1,1,,dataset1_front_361|dataset1_front_421,reviewed_number_mask,psm_gt,ok_one_apple=2,psm_review_list,,
apple,dataset1_front_421,reviewed_260917,reviewed_260917,keep,,,reviewed,,,dataset1_front,a058,1,1,[fallen_labeled_inconsistent] dataset1_front_421 — 낙과 일부 라벨함,dataset1_front_391|dataset1_front_481,reviewed_number_mask,psm_gt,,none,,
apple,dataset1_front_451,-,-,excluded_duplicate,reviewed_duplicate,거의 같은 사진(대표 dataset1_front_391 만 남김),ai,,,dataset1_front,a058,0,0,,,none,none,ok_one_apple=1,psm_review_list,,
apple,dataset1_front_481,reviewed_260917,reviewed_260917,keep,,,reviewed,,,dataset1_front,a058,1,1,,dataset1_front_421,reviewed_number_mask,psm_gt,ok_one_apple=1,psm_review_list,,
apple,dataset1_front_511,-,-,excluded_duplicate,reviewed_duplicate,거의 같은 사진(대표 dataset1_front_481 만 남김),ai,,,dataset1_front,a058,0,0,,,none,none,,none,,
apple,dataset1_front_541,-,-,excluded_duplicate,reviewed_duplicate,거의 같은 사진(대표 dataset1_front_601 만 남김),ai,,,dataset1_front,a058,0,0,,,none,none,ok_one_apple=1,psm_review_list,,
apple,dataset1_front_571,-,-,excluded_duplicate,reviewed_duplicate,거의 같은 사진(대표 dataset1_front_601 만 남김),ai,,,dataset1_front,a058,0,0,,,none,none,,none,,
apple,dataset1_front_601,reviewed_260917,reviewed_260917,needs_human,,"라벨 안 된 열매 후보 2곳(x1,y1,x2,y2: 436,1856,479,1910 / 442,1658,480,1710) — 사과 전체를 다시 그리고 번호(N)를 붙일 것",ai,,,dataset1_front,a058,1,1,,dataset1_front_631,reviewed_number_mask,psm_gt,ok_one_apple=2,psm_review_list,,
apple,dataset1_front_631,reviewed_260917,reviewed_260917,keep,,,reviewed,,,dataset1_front,a058,1,1,,dataset1_front_601|dataset1_front_691,reviewed_number_mask,psm_gt,ok_one_apple=3,psm_review_list,,
apple,dataset1_front_661,-,-,excluded_duplicate,reviewed_duplicate,거의 같은 사진(대표 dataset1_front_631 만 남김),ai,,,dataset1_front,a058,0,0,,,none,none,ok_one_apple=1,psm_review_list,,
apple,dataset1_front_691,reviewed_260917,reviewed_260917,keep,,,reviewed,,,dataset1_front,a058,1,1,,dataset1_front_631|dataset1_front_721|dataset1_front_811,reviewed_number_mask,psm_gt,ok_one_apple=4,psm_review_list,,
apple,dataset1_front_721,reviewed_260917,reviewed_260917,keep,,,reviewed,,,dataset1_front,a058,1,1,,dataset1_front_691|dataset1_front_841,reviewed_number_mask,psm_gt,,none,,
apple,dataset1_front_751,-,-,excluded_duplicate,reviewed_duplicate,거의 같은 사진(대표 dataset1_front_721 만 남김),ai,,,dataset1_front,a058,0,0,,,none,none,ok_one_apple=1,psm_review_list,,
apple,dataset1_front_781,-,-,excluded_duplicate,reviewed_duplicate,거의 같은 사진(대표 dataset1_front_691 만 남김),ai,,,dataset1_front,a058,0,0,,,none,none,ok_one_apple=1,psm_review_list,,
apple,dataset1_front_811,reviewed_260917,reviewed_260917,keep,,,reviewed,,,dataset1_front,a058,1,1,,dataset1_front_691|dataset1_front_841,reviewed_number_mask,psm_gt,,none,,
apple,dataset1_front_841,reviewed_260917,reviewed_260917,keep,,,reviewed,,,dataset1_front,a058,1,1,,dataset1_front_721|dataset1_front_811|dataset1_front_931|dataset1_front_961,reviewed_number_mask,psm_gt,ok_one_apple=1,psm_review_list,,
apple,dataset1_front_871,-,-,excluded_duplicate,reviewed_duplicate,거의 같은 사진(대표 dataset1_front_841 만 남김),ai,,,dataset1_front,a058,0,0,,,none,none,ok_one_apple=1,psm_review_list,,
apple,dataset1_front_901,-,-,excluded_duplicate,reviewed_duplicate,거의 같은 사진(대표 dataset1_front_841 만 남김),ai,,,dataset1_front,a058,0,0,,,none,none,ok_one_apple=1,psm_review_list,,
apple,dataset1_front_931,reviewed_260917,reviewed_260917,keep,,,reviewed,,,dataset1_front,a058,1,1,,dataset1_front_841|dataset1_front_961,reviewed_number_mask,psm_gt,,none,,
apple,dataset1_front_961,reviewed_260917,reviewed_260917,keep,,,reviewed,,,dataset1_front,a058,1,1,,dataset1_front_841|dataset1_front_931,reviewed_number_mask,psm_gt,ok_one_apple=1,psm_review_list,,
apple,dataset1_front_991,-,-,excluded_duplicate,reviewed_duplicate,거의 같은 사진(대표 dataset1_front_961 만 남김),ai,,,dataset1_front,a058,0,0,,,none,none,,none,,
apple,dataset1_front_1021,-,-,excluded_duplicate,reviewed_duplicate,거의 같은 사진(대표 dataset1_front_961 만 남김),ai,,,dataset1_front,a058,0,0,,,none,none,ok_one_apple=2,psm_review_list,,
apple,dataset1_front_1051,reviewed_260917,reviewed_260917,keep,,,reviewed,,,dataset1_front,a058,1,1,,dataset1_front_1081,reviewed_number_mask,psm_gt,ok_one_apple=3,psm_review_list,,
apple,dataset1_front_1081,reviewed_260917,reviewed_260917,keep,,,reviewed,,,dataset1_front,a058,1,1,,dataset1_front_1051|dataset1_front_1141,reviewed_number_mask,psm_gt,ok_one_apple=1,psm_review_list,,
apple,dataset1_front_1111,-,-,excluded_duplicate,reviewed_duplicate,거의 같은 사진(대표 dataset1_front_1081 만 남김),ai,,,dataset1_front,a058,0,0,,,none,none,,none,,
apple,dataset1_front_1141,reviewed_260917,reviewed_260917,keep,,,reviewed,,,dataset1_front,a058,1,1,[flag 에서 내림] 고칠 수 없는 규칙 문제(낙과·뒷줄 / 같은 열매의 경계 / 마른 꽃부리)만 있음,dataset1_front_1081|dataset1_front_1231|dataset1_front_1291,reviewed_number_mask,psm_gt,,none,,
apple,dataset1_front_1171,-,-,excluded_duplicate,reviewed_duplicate,거의 같은 사진(대표 dataset1_front_1141 만 남김),ai,,,dataset1_front,a058,0,0,,,none,none,ok_one_apple=4,psm_review_list,,
apple,dataset1_front_1201,-,-,excluded_duplicate,reviewed_duplicate,거의 같은 사진(대표 dataset1_front_1021 만 남김),ai,,,dataset1_front,a058,0,0,,,none,none,,none,,
apple,dataset1_front_1231,reviewed_260917,reviewed_260917,keep,,,reviewed,,,dataset1_front,a058,1,1,,dataset1_front_1141|dataset1_front_1291|dataset1_front_1321|dataset1_front_1381,reviewed_number_mask,psm_gt,,none,,
apple,dataset1_front_1261,-,-,excluded_duplicate,reviewed_duplicate,거의 같은 사진(대표 dataset1_front_1231 만 남김),ai,,,dataset1_front,a058,0,0,,,none,none,ok_one_apple=3,psm_review_list,,
apple,dataset1_front_1291,reviewed_260917,reviewed_260917,keep,,,reviewed,,,dataset1_front,a058,1,1,,dataset1_front_1141|dataset1_front_1231|dataset1_front_1321|dataset1_front_1381,reviewed_number_mask,psm_gt,ok_one_apple=1,psm_review_list,,
apple,dataset1_front_1321,reviewed_260917,reviewed_260917,keep,,,reviewed,,,dataset1_front,a058,1,1,,dataset1_front_1231|dataset1_front_1291|dataset1_front_1381,reviewed_number_mask,psm_gt,ok_one_apple=2,psm_review_list,,
apple,dataset1_front_1351,-,-,excluded_duplicate,reviewed_duplicate,거의 같은 사진(대표 dataset1_front_1321 만 남김),ai,,,dataset1_front,a058,0,0,,,none,none,,none,,
apple,dataset1_front_1381,reviewed_260917,reviewed_260917,keep,,,reviewed,,,dataset1_front,a058,1,1,,dataset1_front_1231|dataset1_front_1291|dataset1_front_1321,reviewed_number_mask,psm_gt,ok_one_apple=1,psm_review_list,,
apple,dataset1_front_1411,-,-,excluded_duplicate,reviewed_duplicate,거의 같은 사진(대표 dataset1_front_1321 만 남김),ai,,,dataset1_front,a058,0,0,,,none,none,ok_one_apple=2,psm_review_list,,
apple,dataset1_front_1441,-,-,excluded_duplicate,reviewed_duplicate,거의 같은 사진(대표 dataset1_front_1531 만 남김),ai,,,dataset1_front,a058,0,0,,,none,none,,none,,
apple,dataset1_front_1471,-,-,excluded_duplicate,reviewed_duplicate,거의 같은 사진(대표 dataset1_front_1531 만 남김),ai,,,dataset1_front,a058,0,0,,,none,none,,none,,
apple,dataset1_front_1501,-,-,excluded_duplicate,reviewed_duplicate,거의 같은 사진(대표 dataset1_front_1531 만 남김),ai,,,dataset1_front,a058,0,0,,,none,none,,none,,
apple,dataset1_front_1531,reviewed_260917,reviewed_260917,needs_human,,"라벨 안 된 열매 후보 1곳(x1,y1,x2,y2: 683,467,735,515) — 사과 전체를 다시 그리고 번호(N)를 붙일 것 / 추가 후보(x1,y1,x2,y2: 708,1009,762,1059) / 추가 후보(x1,y1,x2,y2: 236,268,281,318) / 추가 후보(x1,y1,x2,y2: 148,837,193,882)",ai,,,dataset1_front,a058,1,1,,,reviewed_number_mask,psm_gt,ok_one_apple=1,psm_review_list,,
apple,dataset1_front_1561,-,-,excluded_duplicate,reviewed_duplicate,거의 같은 사진(대표 dataset1_front_1531 만 남김),ai,,,dataset1_front,a058,0,0,,,none,none,,none,,
apple,dataset1_front_1651,-,-,excluded_duplicate,reviewed_duplicate,거의 같은 사진(대표 dataset1_front_1561 만 남김),ai,,,dataset1_front,a058,0,0,,,none,none,,none,,
apple,dataset2_back_0,reviewed_260917,reviewed_260917,keep,,,reviewed,,,dataset2_back,a059,1,1,,dataset2_back_90,reviewed_number_mask,psm_gt,ok_one_apple=1,psm_review_list,,bottom_5pct_ratio
apple,dataset2_back_30,-,-,excluded_duplicate,reviewed_duplicate,거의 같은 사진(대표 dataset2_back_0 만 남김),ai,,,dataset2_back,a059,0,0,,,none,none,ok_one_apple=1,psm_review_list,,bottom_5pct_ratio
apple,dataset2_back_60,-,-,excluded_duplicate,reviewed_duplicate,거의 같은 사진(대표 dataset2_back_0 만 남김),ai,,,dataset2_back,a059,0,0,,,none,none,,none,,
apple,dataset2_back_90,reviewed_260917,reviewed_260917,keep,,,reviewed,,,dataset2_back,a059,1,1,,dataset2_back_0|dataset2_back_120,reviewed_number_mask,psm_gt,,none,,
apple,dataset2_back_120,reviewed_260917,reviewed_260917,keep,,,reviewed,,,dataset2_back,a059,1,1,,dataset2_back_90,reviewed_number_mask,psm_gt,,none,,
apple,dataset2_back_150,-,-,excluded_duplicate,reviewed_duplicate,거의 같은 사진(대표 dataset2_back_90 만 남김),ai,,,dataset2_back,a059,0,0,,,none,none,,none,,
apple,dataset2_back_180,-,-,excluded_duplicate,reviewed_duplicate,거의 같은 사진(대표 dataset2_back_150 만 남김),ai,,,dataset2_back,a059,0,0,,,none,none,,none,,
apple,dataset2_back_210,-,-,excluded_duplicate,reviewed_duplicate,거의 같은 사진(대표 dataset2_back_150 만 남김),ai,,,dataset2_back,a059,0,0,,,none,none,,none,,
apple,dataset2_back_240,reviewed_260917,reviewed_260917,keep,,,reviewed,,,dataset2_back,a059,1,1,,dataset2_back_300,reviewed_number_mask,psm_gt,ok_one_apple=1,psm_review_list,,
apple,dataset2_back_270,-,-,excluded_duplicate,reviewed_duplicate,거의 같은 사진(대표 dataset2_back_240 만 남김),ai,,,dataset2_back,a059,0,0,,,none,none,,none,,
apple,dataset2_back_300,reviewed_260917,reviewed_260917,keep,,,reviewed,,,dataset2_back,a059,1,1,,dataset2_back_240|dataset2_back_360,reviewed_number_mask,psm_gt,,none,,
apple,dataset2_back_330,-,-,excluded_duplicate,reviewed_duplicate,거의 같은 사진(대표 dataset2_back_300 만 남김),ai,,,dataset2_back,a059,0,0,,,none,none,,none,,
apple,dataset2_back_360,reviewed_260917,reviewed_260917,keep,,,reviewed,,,dataset2_back,a059,1,1,,dataset2_back_300|dataset2_back_390,reviewed_number_mask,psm_gt,,none,,
apple,dataset2_back_390,reviewed_260917,reviewed_260917,keep,,,reviewed,,,dataset2_back,a059,1,1,,dataset2_back_360,reviewed_number_mask,psm_gt,,none,,
apple,dataset2_back_420,-,-,excluded_duplicate,reviewed_duplicate,거의 같은 사진(대표 dataset2_back_390 만 남김),ai,,,dataset2_back,a059,0,0,,,none,none,ok_one_apple=1,psm_review_list,,
apple,dataset2_back_450,-,-,excluded_duplicate,reviewed_duplicate,거의 같은 사진(대표 dataset2_back_390 만 남김),ai,,,dataset2_back,a059,0,0,,,none,none,ok_one_apple=3,psm_review_list,,
apple,dataset2_back_480,reviewed_260917,reviewed_260917,keep,,,reviewed,,,dataset2_back,a059,1,1,,dataset2_back_510,reviewed_number_mask,psm_gt,,none,,
apple,dataset2_back_510,reviewed_260917,reviewed_260917,keep,,,reviewed,,,dataset2_back,a059,1,1,,dataset2_back_480,reviewed_number_mask,psm_gt,ok_one_apple=2,psm_review_list,,
apple,dataset2_back_540,-,-,excluded_duplicate,reviewed_duplicate,거의 같은 사진(대표 dataset2_back_480 만 남김),ai,,,dataset2_back,a059,0,0,,,none,none,ok_one_apple=1,psm_review_list,,
apple,dataset2_back_570,reviewed_260917,reviewed_260917,needs_human,,"라벨 안 된 열매 후보 1곳(x1,y1,x2,y2: 167,1002,244,1059) — 사과 전체를 다시 그리고 번호(N)를 붙일 것",ai,,,dataset2_back,a059,1,1,,dataset2_back_600,reviewed_number_mask,psm_gt,ok_one_apple=1,psm_review_list,,
apple,dataset2_back_600,reviewed_260917,reviewed_260917,keep,,,reviewed,,,dataset2_back,a059,1,1,,dataset2_back_570,reviewed_number_mask,psm_gt,,none,,
apple,dataset2_back_630,-,-,excluded_duplicate,reviewed_duplicate,거의 같은 사진(대표 dataset2_back_600 만 남김),ai,,,dataset2_back,a059,0,0,,,none,none,,none,,
apple,dataset2_back_660,reviewed_260917,reviewed_260917,keep,,,reviewed,,,dataset2_back,a059,1,1,,dataset2_back_720,reviewed_number_mask,psm_gt,ok_one_apple=1,psm_review_list,,
apple,dataset2_back_690,-,-,excluded_duplicate,reviewed_duplicate,거의 같은 사진(대표 dataset2_back_660 만 남김),ai,,,dataset2_back,a059,0,0,,,none,none,ok_one_apple=1,psm_review_list,,
apple,dataset2_back_720,reviewed_260917,reviewed_260917,keep,,,reviewed,,,dataset2_back,a059,1,1,,dataset2_back_660|dataset2_back_780,reviewed_number_mask,psm_gt,,none,,
apple,dataset2_back_750,-,-,excluded_duplicate,reviewed_duplicate,거의 같은 사진(대표 dataset2_back_720 만 남김),ai,,,dataset2_back,a059,0,0,,,none,none,ok_one_apple=2,psm_review_list,,
apple,dataset2_back_780,reviewed_260917,reviewed_260917,needs_human,,"라벨 안 된 열매 후보 1곳(x1,y1,x2,y2: 721,672,764,733) — 사과 전체를 다시 그리고 번호(N)를 붙일 것",ai,,,dataset2_back,a059,1,1,,dataset2_back_720|dataset2_back_810|dataset2_back_840,reviewed_number_mask,psm_gt,,none,,
apple,dataset2_back_810,reviewed_260917,reviewed_260917,keep,,,reviewed,,,dataset2_back,a059,1,1,,dataset2_back_780|dataset2_back_840,reviewed_number_mask,psm_gt,,none,,
apple,dataset2_back_840,reviewed_260917,reviewed_260917,needs_human,,"[사진 단위] 사진 전체 저라벨 — 앞나무 붉은 사과 다수 미라벨(상자 없음, 사진 단위 flag 로 타당)",ai,,,dataset2_back,a059,1,1,,dataset2_back_780|dataset2_back_810|dataset2_back_900,reviewed_number_mask,psm_gt,,none,,
apple,dataset2_back_870,-,-,excluded_duplicate,reviewed_duplicate,거의 같은 사진(대표 dataset2_back_900 만 남김),ai,,,dataset2_back,a059,0,0,,,none,none,,none,,
apple,dataset2_back_900,reviewed_260917,reviewed_260917,needs_human,,[사진 단위] 사진 전체 저라벨 — 앞 덤불 열매·낙과 통째 미라벨(타당),ai,,,dataset2_back,a059,1,1,,dataset2_back_840|dataset2_back_930|dataset2_back_960,reviewed_number_mask,psm_gt,,none,,bottom_5pct_ratio
apple,dataset2_back_930,reviewed_260917,reviewed_260917,keep,,,reviewed,,,dataset2_back,a059,1,1,[rule_undecided_fallen] dataset2_back_930: 낙과·뒷줄만 있음,dataset2_back_900|dataset2_back_960|dataset2_back_990,reviewed_number_mask,psm_gt,,none,,bottom_5pct_ratio
apple,dataset2_back_960,reviewed_260917,reviewed_260917,keep,,,reviewed,,,dataset2_back,a059,1,1,,dataset2_back_900|dataset2_back_930|dataset2_back_990,reviewed_number_mask,psm_gt,,none,,bottom_5pct_ratio
apple,dataset2_back_990,reviewed_260917,reviewed_260917,keep,,,reviewed,,,dataset2_back,a059,1,1,,dataset2_back_930|dataset2_back_960,reviewed_number_mask,psm_gt,,none,,
apple,dataset2_back_1020,-,-,excluded_duplicate,reviewed_duplicate,거의 같은 사진(대표 dataset2_back_990 만 남김),ai,,,dataset2_back,a059,0,0,,,none,none,ok_one_apple=2,psm_review_list,,
apple,dataset2_back_1050,-,-,excluded_duplicate,reviewed_duplicate,거의 같은 사진(대표 dataset2_back_990 만 남김),ai,,,dataset2_back,a059,0,0,,,none,none,,none,,
apple,dataset2_back_1080,reviewed_260917,reviewed_260917,keep,,,reviewed,,,dataset2_back,a060,1,1,,,reviewed_number_mask,psm_gt,,none,,
apple,dataset2_back_1110,-,-,excluded_duplicate,reviewed_duplicate,거의 같은 사진(대표 dataset2_back_1080 만 남김),ai,,,dataset2_back,a060,0,0,,,none,none,,none,,
apple,dataset2_back_1140,reviewed_260917,reviewed_260917,keep,,,reviewed,,,dataset2_back,a060,1,1,,,reviewed_number_mask,psm_gt,ok_one_apple=1,psm_review_list,,
apple,dataset2_back_1170,-,-,excluded_duplicate,reviewed_duplicate,거의 같은 사진(대표 dataset2_back_1140 만 남김),ai,,,dataset2_back,a060,0,0,,,none,none,,none,,
apple,dataset2_back_1200,reviewed_260917,reviewed_260917,keep,,,reviewed,,,dataset2_back,a060,1,1,,dataset2_back_1260,reviewed_number_mask,psm_gt,,none,,
apple,dataset2_back_1230,-,-,excluded_duplicate,reviewed_duplicate,거의 같은 사진(대표 dataset2_back_1200 만 남김),ai,,,dataset2_back,a060,0,0,,,none,none,ok_one_apple=1,psm_review_list,,
apple,dataset2_back_1260,reviewed_260917,reviewed_260917,keep,,,reviewed,,,dataset2_back,a060,1,1,,dataset2_back_1200,reviewed_number_mask,psm_gt,,none,,
apple,dataset2_back_1290,-,-,excluded_duplicate,reviewed_duplicate,거의 같은 사진(대표 dataset2_back_1260 만 남김),ai,,,dataset2_back,a060,0,0,,,none,none,,none,,
apple,dataset2_back_1320,reviewed_260917,reviewed_260917,keep,,,reviewed,,,dataset2_back,a060,1,1,,,reviewed_number_mask,psm_gt,ok_one_apple=1,psm_review_list,,
apple,dataset2_back_1350,-,-,excluded_duplicate,reviewed_duplicate,거의 같은 사진(대표 dataset2_back_1320 만 남김),ai,,,dataset2_back,a060,0,0,,,none,none,,none,,bottom_5pct_ratio
apple,dataset2_back_1380,reviewed_260917,reviewed_260917,keep,,,reviewed,,,dataset2_back,a060,1,1,[flag 에서 내림] 고칠 수 없는 규칙 문제(낙과·뒷줄 / 같은 열매의 경계 / 마른 꽃부리)만 있음,dataset2_back_1410|dataset2_back_1440,reviewed_number_mask,psm_gt,,none,,
apple,dataset2_back_1410,reviewed_260917,reviewed_260917,keep,,,reviewed,,,dataset2_back,a060,1,1,,dataset2_back_1380|dataset2_back_1440,reviewed_number_mask,psm_gt,,none,,
apple,dataset2_back_1440,reviewed_260917,reviewed_260917,keep,,,reviewed,,,dataset2_back,a060,1,1,,dataset2_back_1380|dataset2_back_1410,reviewed_number_mask,psm_gt,,none,,
apple,dataset2_back_1470,-,-,excluded_duplicate,reviewed_duplicate,거의 같은 사진(대표 dataset2_back_1440 만 남김),ai,,,dataset2_back,a060,0,0,,,none,none,,none,,
apple,dataset2_back_1500,-,-,excluded_duplicate,reviewed_duplicate,거의 같은 사진(대표 dataset2_back_1470 만 남김),ai,,,dataset2_back,a060,0,0,,,none,none,ok_one_apple=1,psm_review_list,,
apple,dataset2_front_0,reviewed_260917,reviewed_260917,keep,,,reviewed,,,dataset2_front,a061,1,1,,dataset2_front_60,reviewed_number_mask,psm_gt,ok_one_apple=3,psm_review_list,,
apple,dataset2_front_30,-,-,excluded_duplicate,reviewed_duplicate,거의 같은 사진(대표 dataset2_front_0 만 남김),ai,,,dataset2_front,a061,0,0,,,none,none,,none,,
apple,dataset2_front_60,reviewed_260917,reviewed_260917,keep,,,reviewed,,,dataset2_front,a061,1,1,,dataset2_front_0|dataset2_front_90|dataset2_front_120,reviewed_number_mask,psm_gt,,none,,
apple,dataset2_front_90,reviewed_260917,reviewed_260917,keep,,,reviewed,,,dataset2_front,a061,1,1,,dataset2_front_60|dataset2_front_120,reviewed_number_mask,psm_gt,,none,,
apple,dataset2_front_120,reviewed_260917,reviewed_260917,keep,,,reviewed,,,dataset2_front,a061,1,1,,dataset2_front_60|dataset2_front_90,reviewed_number_mask,psm_gt,,none,,
apple,dataset2_front_150,-,-,excluded_duplicate,reviewed_duplicate,거의 같은 사진(대표 dataset2_front_120 만 남김),ai,,,dataset2_front,a061,0,0,,,none,none,,none,,
apple,dataset2_front_180,-,-,excluded_duplicate,reviewed_duplicate,거의 같은 사진(대표 dataset2_front_150 만 남김),ai,,,dataset2_front,a061,0,0,,,none,none,,none,,
apple,dataset2_front_210,reviewed_260917,reviewed_260917,keep,,,reviewed,,,dataset2_front,a061,1,1,,dataset2_front_270,reviewed_number_mask,psm_gt,,none,,
apple,dataset2_front_240,-,-,excluded_duplicate,reviewed_duplicate,거의 같은 사진(대표 dataset2_front_210 만 남김),ai,,,dataset2_front,a061,0,0,,,none,none,,none,,
apple,dataset2_front_270,reviewed_260917,reviewed_260917,keep,,,reviewed,,,dataset2_front,a061,1,1,,dataset2_front_210|dataset2_front_330|dataset2_front_360,reviewed_number_mask,psm_gt,,none,,
apple,dataset2_front_300,-,-,excluded_duplicate,reviewed_duplicate,거의 같은 사진(대표 dataset2_front_270 만 남김),ai,,,dataset2_front,a061,0,0,,,none,none,,none,,
apple,dataset2_front_330,reviewed_260917,reviewed_260917,keep,,,reviewed,,,dataset2_front,a061,1,1,,dataset2_front_270|dataset2_front_360,reviewed_number_mask,psm_gt,,none,,
apple,dataset2_front_360,reviewed_260917,reviewed_260917,keep,,,reviewed,,,dataset2_front,a061,1,1,,dataset2_front_270|dataset2_front_330|dataset2_front_390|dataset2_front_450,reviewed_number_mask,psm_gt,,none,,
apple,dataset2_front_390,reviewed_260917,reviewed_260917,keep,,,reviewed,,,dataset2_front,a061,1,1,,dataset2_front_360|dataset2_front_450,reviewed_number_mask,psm_gt,,none,,
apple,dataset2_front_420,-,-,excluded_duplicate,reviewed_duplicate,거의 같은 사진(대표 dataset2_front_360 만 남김),ai,,,dataset2_front,a061,0,0,,,none,none,,none,,
apple,dataset2_front_450,reviewed_260917,reviewed_260917,keep,,,reviewed,,,dataset2_front,a061,1,1,,dataset2_front_360|dataset2_front_390|dataset2_front_570,reviewed_number_mask,psm_gt,,none,,
apple,dataset2_front_480,-,-,excluded_duplicate,reviewed_duplicate,거의 같은 사진(대표 dataset2_front_450 만 남김),ai,,,dataset2_front,a061,0,0,,,none,none,,none,,
apple,dataset2_front_510,-,-,excluded_duplicate,reviewed_duplicate,거의 같은 사진(대표 dataset2_front_480 만 남김),ai,,,dataset2_front,a061,0,0,,,none,none,,none,,
apple,dataset2_front_540,reviewed_260917,reviewed_260917,keep,,,reviewed,,,dataset2_front,a061,1,1,,dataset2_front_570|dataset2_front_600,reviewed_number_mask,psm_gt,,none,,
apple,dataset2_front_570,reviewed_260917,reviewed_260917,keep,,,reviewed,,,dataset2_front,a061,1,1,,dataset2_front_450|dataset2_front_540|dataset2_front_600|dataset2_front_630|dataset2_front_660,reviewed_number_mask,psm_gt,,none,,
apple,dataset2_front_600,reviewed_260917,reviewed_260917,keep,,,reviewed,,,dataset2_front,a061,1,1,,dataset2_front_540|dataset2_front_570|dataset2_front_630|dataset2_front_660|dataset2_front_690,reviewed_number_mask,psm_gt,,none,,
apple,dataset2_front_630,reviewed_260917,reviewed_260917,needs_human,,"라벨 안 된 열매 후보 2곳(x1,y1,x2,y2: 155,825,194,870 / 226,1196,271,1236) — 그중 1곳은 어두워서 확대해 볼 것 — 사과 전체를 다시 그리고 번호(N)를 붙일 것",ai,,,dataset2_front,a061,1,1,,dataset2_front_570|dataset2_front_600|dataset2_front_660|dataset2_front_690,reviewed_number_mask,psm_gt,,none,,bottom_5pct_ratio
apple,dataset2_front_660,reviewed_260917,reviewed_260917,needs_human,,"라벨 안 된 열매 후보 1곳(x1,y1,x2,y2: 784,1019,818,1063) — 사과 전체를 다시 그리고 번호(N)를 붙일 것",ai,,,dataset2_front,a061,1,1,,dataset2_front_570|dataset2_front_600|dataset2_front_630|dataset2_front_690,reviewed_number_mask,psm_gt,,none,,bottom_5pct_ratio
apple,dataset2_front_690,reviewed_260917,reviewed_260917,keep,,,reviewed,,,dataset2_front,a061,1,1,,dataset2_front_600|dataset2_front_630|dataset2_front_660|dataset2_front_750,reviewed_number_mask,psm_gt,,none,,
apple,dataset2_front_720,-,-,excluded_duplicate,reviewed_duplicate,거의 같은 사진(대표 dataset2_front_660 만 남김),ai,,,dataset2_front,a061,0,0,,,none,none,,none,,
apple,dataset2_front_750,reviewed_260917,reviewed_260917,needs_human,,"라벨 안 된 열매 후보 1곳(x1,y1,x2,y2: 149,1001,182,1044) — 사과 전체를 다시 그리고 번호(N)를 붙일 것",ai,,,dataset2_front,a061,1,1,,dataset2_front_690|dataset2_front_780|dataset2_front_810|dataset2_front_840,reviewed_number_mask,psm_gt,,none,,
apple,dataset2_front_780,reviewed_260917,reviewed_260917,keep,,,reviewed,,,dataset2_front,a061,1,1,,dataset2_front_750|dataset2_front_810|dataset2_front_840,reviewed_number_mask,psm_gt,,none,,
apple,dataset2_front_810,reviewed_260917,reviewed_260917,keep,,,reviewed,,,dataset2_front,a061,1,1,,dataset2_front_750|dataset2_front_780|dataset2_front_840|dataset2_front_900,reviewed_number_mask,psm_gt,ok_one_apple=1,psm_review_list,,
apple,dataset2_front_840,reviewed_260917,reviewed_260917,keep,,,reviewed,,,dataset2_front,a061,1,1,,dataset2_front_750|dataset2_front_780|dataset2_front_810|dataset2_front_900,reviewed_number_mask,psm_gt,,none,,
apple,dataset2_front_870,-,-,excluded_duplicate,reviewed_duplicate,거의 같은 사진(대표 dataset2_front_840 만 남김),ai,,,dataset2_front,a061,0,0,,,none,none,,none,,
apple,dataset2_front_900,reviewed_260917,reviewed_260917,keep,,,reviewed,,,dataset2_front,a061,1,1,,dataset2_front_810|dataset2_front_840|dataset2_front_1020,reviewed_number_mask,psm_gt,ok_one_apple=1,psm_review_list,,
apple,dataset2_front_930,-,-,excluded_duplicate,reviewed_duplicate,거의 같은 사진(대표 dataset2_front_900 만 남김),ai,,,dataset2_front,a061,0,0,,,none,none,,none,,
apple,dataset2_front_960,-,-,excluded_duplicate,reviewed_duplicate,거의 같은 사진(대표 dataset2_front_900 만 남김),ai,,,dataset2_front,a061,0,0,,,none,none,ok_one_apple=1,psm_review_list,,
apple,dataset2_front_990,-,-,excluded_duplicate,reviewed_duplicate,거의 같은 사진(대표 dataset2_front_900 만 남김),ai,,,dataset2_front,a061,0,0,[fallen_labeled_inconsistent] dataset2_front_990 — 낙과를 라벨함,,none,none,ok_one_apple=3,psm_review_list,,
apple,dataset2_front_1020,reviewed_260917,reviewed_260917,keep,,,reviewed,,,dataset2_front,a061,1,1,,dataset2_front_900|dataset2_front_1080,reviewed_number_mask,psm_gt,ok_one_apple=1,psm_review_list,,
apple,dataset2_front_1050,-,-,excluded_duplicate,reviewed_duplicate,거의 같은 사진(대표 dataset2_front_1020 만 남김),ai,,,dataset2_front,a061,0,0,,,none,none,ok_one_apple=1,psm_review_list,,
apple,dataset2_front_1080,reviewed_260917,reviewed_260917,keep,,,reviewed,,,dataset2_front,a061,1,1,,dataset2_front_1020,reviewed_number_mask,psm_gt,,none,,
apple,dataset2_front_1110,-,-,excluded_duplicate,reviewed_duplicate,거의 같은 사진(대표 dataset2_front_1080 만 남김),ai,,,dataset2_front,a061,0,0,,,none,none,ok_one_apple=2,psm_review_list,,
apple,dataset2_front_1140,-,-,excluded_duplicate,reviewed_duplicate,거의 같은 사진(대표 dataset2_front_1200 만 남김),ai,,,dataset2_front,a061,0,0,,,none,none,,none,,
apple,dataset2_front_1170,-,-,excluded_duplicate,reviewed_duplicate,거의 같은 사진(대표 dataset2_front_1140 만 남김),ai,,,dataset2_front,a061,0,0,,,none,none,ok_one_apple=1,psm_review_list,,
apple,dataset2_front_1200,reviewed_260917,reviewed_260917,needs_human,,"라벨 안 된 열매 후보 1곳(x1,y1,x2,y2: 983,460,1050,495) — 사과 전체를 다시 그리고 번호(N)를 붙일 것",ai,,,dataset2_front,a061,1,1,,dataset2_front_1230,reviewed_number_mask,psm_gt,ok_one_apple=1,psm_review_list,,
apple,dataset2_front_1230,reviewed_260917,reviewed_260917,needs_human,,"라벨 안 된 열매 후보 2곳(x1,y1,x2,y2: 438,589,478,632 / 97,1143,134,1189) — 그중 1곳은 어두워서 확대해 볼 것 — 사과 전체를 다시 그리고 번호(N)를 붙일 것",ai,,,dataset2_front,a061,1,1,,dataset2_front_1200|dataset2_front_1260,reviewed_number_mask,psm_gt,duplicate_polygon=1 · 확정오류 1,psm_review_list+confirmed_errors,,
apple,dataset2_front_1260,reviewed_260917,reviewed_260917,keep,,,reviewed,,,dataset2_front,a061,1,1,,dataset2_front_1230|dataset2_front_1320,reviewed_number_mask,psm_gt,,none,,
apple,dataset2_front_1290,-,-,excluded_duplicate,reviewed_duplicate,거의 같은 사진(대표 dataset2_front_1260 만 남김),ai,,,dataset2_front,a061,0,0,,,none,none,ok_one_apple=1,psm_review_list,,
apple,dataset2_front_1320,reviewed_260917,reviewed_260917,keep,,,reviewed,,,dataset2_front,a061,1,1,,dataset2_front_1260|dataset2_front_1350,reviewed_number_mask,psm_gt,ok_one_apple=2 unclear=1,psm_review_list,,
apple,dataset2_front_1350,reviewed_260917,reviewed_260917,keep,,,reviewed,,,dataset2_front,a061,1,1,,dataset2_front_1320|dataset2_front_1410,reviewed_number_mask,psm_gt,ok_one_apple=1,psm_review_list,,
apple,dataset2_front_1380,-,-,excluded_duplicate,reviewed_duplicate,거의 같은 사진(대표 dataset2_front_1350 만 남김),ai,,,dataset2_front,a061,0,0,,,none,none,ok_one_apple=1,psm_review_list,,
apple,dataset2_front_1410,reviewed_260917,reviewed_260917,keep,,,reviewed,,,dataset2_front,a061,1,1,,dataset2_front_1350|dataset2_front_1440,reviewed_number_mask,psm_gt,,none,,
apple,dataset2_front_1440,reviewed_260917,reviewed_260917,keep,,,reviewed,,,dataset2_front,a061,1,1,,dataset2_front_1410,reviewed_number_mask,psm_gt,,none,,
apple,dataset2_front_1470,-,-,excluded_duplicate,reviewed_duplicate,거의 같은 사진(대표 dataset2_front_1440 만 남김),ai,,,dataset2_front,a061,0,0,,,none,none,,none,,
apple,dataset2_front_1500,-,-,excluded_duplicate,reviewed_duplicate,거의 같은 사진(대표 dataset2_front_1440 만 남김),ai,,,dataset2_front,a061,0,0,,,none,none,ok_one_apple=1,psm_review_list,,
apple,dataset3_back_0,reviewed_260917,reviewed_260917,keep,,,reviewed,,,dataset3_back,a062,1,1,,,reviewed_number_mask,psm_gt,duplicate_polygon=1 · 확정오류 1,psm_confirmed_errors,,
apple,dataset3_back_30,-,-,excluded_duplicate,reviewed_duplicate,거의 같은 사진(대표 dataset3_back_0 만 남김),ai,,,dataset3_back,a062,0,0,[fallen_labeled_inconsistent] dataset3_back_30 — 바닥 낙과 일부를 라벨함(규칙 불일치 근거),,none,none,ok_one_apple=2,psm_review_list,,
apple,dataset3_back_60,-,-,excluded_duplicate,reviewed_duplicate,거의 같은 사진(대표 dataset3_back_0 만 남김),ai,,,dataset3_back,a062,0,0,,,none,none,ok_one_apple=1,psm_review_list,,
apple,dataset3_back_90,reviewed_260917,reviewed_260917,keep,,,reviewed,,,dataset3_back,a062,1,1,,,reviewed_number_mask,psm_gt,ok_one_apple=2,psm_review_list,,
apple,dataset3_back_120,-,-,excluded_duplicate,reviewed_duplicate,거의 같은 사진(대표 dataset3_back_0 만 남김),ai,,,dataset3_back,a062,0,0,,,none,none,duplicate_polygon=1 ok_one_apple=1 · 확정오류 1,psm_review_list+confirmed_errors,,
apple,dataset3_back_150,-,-,excluded_duplicate,reviewed_duplicate,거의 같은 사진(대표 dataset3_back_90 만 남김),ai,,,dataset3_back,a062,0,0,,,none,none,ok_one_apple=3,psm_review_list,,
apple,dataset3_back_180,-,-,excluded_duplicate,reviewed_duplicate,거의 같은 사진(대표 dataset3_back_150 만 남김),ai,,,dataset3_back,a062,0,0,,,none,none,duplicate_polygon=1 ok_one_apple=3 · 확정오류 1,psm_review_list+confirmed_errors,,
apple,dataset3_back_210,-,-,excluded_duplicate,reviewed_duplicate,거의 같은 사진(대표 dataset3_back_270 만 남김),ai,,,dataset3_back,a062,0,0,,,none,none,,none,,
apple,dataset3_back_240,-,-,excluded_duplicate,reviewed_duplicate,거의 같은 사진(대표 dataset3_back_270 만 남김),ai,,,dataset3_back,a062,0,0,,,none,none,ok_one_apple=1,psm_review_list,,
apple,dataset3_back_270,reviewed_260917,reviewed_260917,needs_human,,"라벨 안 된 열매 후보 1곳(x1,y1,x2,y2: 743,312,785,357) — 사과 전체를 다시 그리고 번호(N)를 붙일 것",ai,,,dataset3_back,a062,1,1,,dataset3_back_300,reviewed_number_mask,psm_gt,ok_one_apple=1 · 확정오류 1,psm_review_list+confirmed_errors,,
apple,dataset3_back_300,reviewed_260917,reviewed_260917,keep,,,reviewed,,,dataset3_back,a062,1,1,,dataset3_back_270,reviewed_number_mask,psm_gt,,none,,
apple,dataset3_back_330,-,-,excluded_duplicate,reviewed_duplicate,거의 같은 사진(대표 dataset3_back_300 만 남김),ai,,,dataset3_back,a062,0,0,,,none,none,ok_one_apple=2,psm_review_list,,
apple,dataset3_back_360,reviewed_260917,reviewed_260917,keep,,,reviewed,,,dataset3_back,a063,1,1,,,reviewed_number_mask,psm_gt,ok_one_apple=1,psm_review_list,,
apple,dataset3_back_390,-,-,excluded_duplicate,reviewed_duplicate,거의 같은 사진(대표 dataset3_back_360 만 남김),ai,,,dataset3_back,a063,0,0,,,none,none,ok_one_apple=2,psm_review_list,,
apple,dataset3_back_420,reviewed_260917,reviewed_260917,keep,,,reviewed,,,dataset3_back,a063,1,1,,,reviewed_number_mask,psm_gt,ok_one_apple=1 · 확정오류 1,psm_review_list+confirmed_errors,,
apple,dataset3_back_450,-,-,excluded_duplicate,reviewed_duplicate,거의 같은 사진(대표 dataset3_back_420 만 남김),ai,,,dataset3_back,a063,0,0,,,none,none,ok_one_apple=2 · 확정오류 1,psm_review_list+confirmed_errors,,
apple,dataset3_back_480,-,-,excluded_duplicate,reviewed_duplicate,거의 같은 사진(대표 dataset3_back_420 만 남김),ai,,,dataset3_back,a063,0,0,,,none,none,ok_one_apple=5,psm_review_list,,
apple,dataset3_back_510,-,-,excluded_duplicate,reviewed_duplicate,거의 같은 사진(대표 dataset3_back_480 만 남김),ai,,,dataset3_back,a063,0,0,,,none,none,ok_one_apple=1,psm_review_list,,
apple,dataset3_back_540,reviewed_260917,reviewed_260917,keep,,,reviewed,,,dataset3_back,a063,1,1,,,reviewed_number_mask,psm_gt,ok_one_apple=1,psm_review_list,,
apple,dataset3_back_570,-,-,excluded_duplicate,reviewed_duplicate,거의 같은 사진(대표 dataset3_back_540 만 남김),ai,,,dataset3_back,a063,0,0,,,none,none,,none,,
apple,dataset3_back_600,-,-,excluded_duplicate,reviewed_duplicate,거의 같은 사진(대표 dataset3_back_540 만 남김),ai,,,dataset3_back,a063,0,0,,,none,none,ok_one_apple=2,psm_review_list,,
apple,dataset3_back_630,reviewed_260917,reviewed_260917,keep,,,reviewed,,,dataset3_back,a063,1,1,,,reviewed_number_mask,psm_gt,ok_one_apple=6,psm_review_list,,
apple,dataset3_back_660,-,-,excluded_duplicate,reviewed_duplicate,거의 같은 사진(대표 dataset3_back_630 만 남김),ai,,,dataset3_back,a063,0,0,,,none,none,,none,,
apple,dataset3_back_690,reviewed_260917,reviewed_260917,keep,,,reviewed,,,dataset3_back,a063,1,1,,dataset3_back_1320,reviewed_number_mask,psm_gt,ok_one_apple=1,psm_review_list,,
apple,dataset3_back_720,-,-,excluded_duplicate,reviewed_duplicate,거의 같은 사진(대표 dataset3_back_690 만 남김),ai,,,dataset3_back,a063,0,0,,,none,none,ok_one_apple=3 · 확정오류 1,psm_review_list+confirmed_errors,,
apple,dataset3_back_750,-,-,excluded_duplicate,reviewed_duplicate,거의 같은 사진(대표 dataset3_back_690 만 남김),ai,,,dataset3_back,a063,0,0,,,none,none,duplicate_polygon=1 ok_one_apple=2 · 확정오류 1,psm_review_list+confirmed_errors,,
apple,dataset3_back_780,-,-,excluded_duplicate,reviewed_duplicate,거의 같은 사진(대표 dataset3_back_750 만 남김),ai,,,dataset3_back,a063,0,0,,,none,none,duplicate_polygon=4 ok_one_apple=2 · 확정오류 3,psm_review_list+confirmed_errors,,
apple,dataset3_back_810,reviewed_260917,reviewed_260917,keep,,,reviewed,,,dataset3_back,a063,1,1,,dataset3_back_870,reviewed_number_mask,psm_gt,unclear=1,psm_review_list,,
apple,dataset3_back_840,-,-,excluded_duplicate,reviewed_duplicate,거의 같은 사진(대표 dataset3_back_810 만 남김),ai,,,dataset3_back,a063,0,0,,,none,none,duplicate_polygon=1 · 확정오류 1,psm_review_list+confirmed_errors,,
apple,dataset3_back_870,reviewed_260917,reviewed_260917,keep,,,reviewed,,,dataset3_back,a063,1,1,,dataset3_back_810|dataset3_back_930,reviewed_number_mask,psm_gt,,none,,
apple,dataset3_back_900,-,-,excluded_duplicate,reviewed_duplicate,거의 같은 사진(대표 dataset3_back_870 만 남김),ai,,,dataset3_back,a063,0,0,,,none,none,,none,,
apple,dataset3_back_930,reviewed_260917,reviewed_260917,keep,,,reviewed,,,dataset3_back,a063,1,1,,dataset3_back_870|dataset3_back_990|dataset3_back_1110,reviewed_number_mask,psm_gt,ok_one_apple=3,psm_review_list,,
apple,dataset3_back_960,-,-,excluded_duplicate,reviewed_duplicate,거의 같은 사진(대표 dataset3_back_930 만 남김),ai,,,dataset3_back,a063,0,0,,,none,none,ok_one_apple=1,psm_review_list,,
apple,dataset3_back_990,reviewed_260917,reviewed_260917,keep,,,reviewed,,,dataset3_back,a063,1,1,,dataset3_back_930|dataset3_back_1020,reviewed_number_mask,psm_gt,ok_one_apple=7 unclear=1 · 확정오류 2,psm_review_list+confirmed_errors,,
apple,dataset3_back_1020,reviewed_260917,reviewed_260917,keep,,,reviewed,,,dataset3_back,a063,1,1,,dataset3_back_990|dataset3_back_1080,reviewed_number_mask,psm_gt,duplicate_polygon=1 ok_one_apple=5 · 확정오류 1,psm_review_list+confirmed_errors,,
apple,dataset3_back_1050,-,-,excluded_duplicate,reviewed_duplicate,거의 같은 사진(대표 dataset3_back_990 만 남김),ai,,,dataset3_back,a063,0,0,,,none,none,duplicate_polygon=1 ok_one_apple=6 · 확정오류 1,psm_review_list+confirmed_errors,,
apple,dataset3_back_1080,reviewed_260917,reviewed_260917,keep,,,reviewed,,,dataset3_back,a063,1,1,,dataset3_back_1020|dataset3_back_1110|dataset3_back_1140|dataset3_back_1200,reviewed_number_mask,psm_gt,ok_one_apple=1,psm_review_list,,
apple,dataset3_back_1110,reviewed_260917,reviewed_260917,keep,,,reviewed,,,dataset3_back,a063,1,1,,dataset3_back_930|dataset3_back_1080|dataset3_back_1140|dataset3_back_1200,reviewed_number_mask,psm_gt,ok_one_apple=4,psm_review_list,,
apple,dataset3_back_1140,reviewed_260917,reviewed_260917,keep,,,reviewed,,,dataset3_back,a063,1,1,,dataset3_back_1080|dataset3_back_1110|dataset3_back_1200,reviewed_number_mask,psm_gt,ok_one_apple=2,psm_review_list,,
apple,dataset3_back_1170,-,-,excluded_duplicate,reviewed_duplicate,거의 같은 사진(대표 dataset3_back_1140 만 남김),ai,,,dataset3_back,a063,0,0,,,none,none,ok_one_apple=5 two_apples_one_id=1 · 확정오류 2,psm_review_list+confirmed_errors,,
apple,dataset3_back_1200,reviewed_260917,reviewed_260917,keep,,,reviewed,,,dataset3_back,a063,1,1,,dataset3_back_1080|dataset3_back_1110|dataset3_back_1140,reviewed_number_mask,psm_gt,ok_one_apple=4,psm_review_list,,
apple,dataset3_back_1230,-,-,excluded_duplicate,reviewed_duplicate,거의 같은 사진(대표 dataset3_back_1200 만 남김),ai,,,dataset3_back,a063,0,0,,,none,none,ok_one_apple=2,psm_review_list,,
apple,dataset3_back_1260,-,-,excluded_duplicate,reviewed_duplicate,거의 같은 사진(대표 dataset3_back_1200 만 남김),ai,,,dataset3_back,a063,0,0,,,none,none,ok_one_apple=2,psm_review_list,,
apple,dataset3_back_1290,-,-,excluded_duplicate,reviewed_duplicate,거의 같은 사진(대표 dataset3_back_1260 만 남김),ai,,,dataset3_back,a063,0,0,,,none,none,duplicate_polygon=1 ok_one_apple=2 · 확정오류 1,psm_review_list+confirmed_errors,,
apple,dataset3_back_1320,reviewed_260917,reviewed_260917,keep,,,reviewed,,,dataset3_back,a063,1,1,,dataset3_back_690,reviewed_number_mask,psm_gt,ok_one_apple=1 · 확정오류 1,psm_review_list+confirmed_errors,,
apple,dataset3_front_0,reviewed_260917,reviewed_260917,keep,,,reviewed,,,dataset3_front,a064,1,1,,dataset3_front_90,reviewed_number_mask,psm_gt,,none,,
apple,dataset3_front_30,-,-,excluded_duplicate,reviewed_duplicate,거의 같은 사진(대표 dataset3_front_0 만 남김),ai,,,dataset3_front,a064,0,0,,,none,none,,none,,
apple,dataset3_front_60,-,-,excluded_duplicate,reviewed_duplicate,거의 같은 사진(대표 dataset3_front_0 만 남김),ai,,,dataset3_front,a064,0,0,,,none,none,,none,,
apple,dataset3_front_90,reviewed_260917,reviewed_260917,keep,,,reviewed,,,dataset3_front,a064,1,1,,dataset3_front_0|dataset3_front_150,reviewed_number_mask,psm_gt,ok_one_apple=1,psm_review_list,,
apple,dataset3_front_120,-,-,excluded_duplicate,reviewed_duplicate,거의 같은 사진(대표 dataset3_front_90 만 남김),ai,,,dataset3_front,a064,0,0,[flag 에서 내림] 고칠 수 없는 규칙 문제(낙과·뒷줄 / 같은 열매의 경계 / 마른 꽃부리)만 있음,,none,none,,none,,
apple,dataset3_front_150,reviewed_260917,reviewed_260917,keep,,,reviewed,,,dataset3_front,a064,1,1,,dataset3_front_90|dataset3_front_180,reviewed_number_mask,psm_gt,,none,,
apple,dataset3_front_180,reviewed_260917,reviewed_260917,keep,,,reviewed,,,dataset3_front,a064,1,1,[fallen_labeled_inconsistent] dataset3_front_180 — 낙과를 라벨함,dataset3_front_150|dataset3_front_210,reviewed_number_mask,psm_gt,ok_one_apple=1,psm_review_list,,
apple,dataset3_front_210,reviewed_260917,reviewed_260917,keep,,,reviewed,,,dataset3_front,a064,1,1,[flag 에서 내림] 고칠 수 없는 규칙 문제(낙과·뒷줄 / 같은 열매의 경계 / 마른 꽃부리)만 있음,dataset3_front_180|dataset3_front_270,reviewed_number_mask,psm_gt,ok_one_apple=1,psm_review_list,,
apple,dataset3_front_240,-,-,excluded_duplicate,reviewed_duplicate,거의 같은 사진(대표 dataset3_front_210 만 남김),ai,,,dataset3_front,a064,0,0,[flag 에서 내림] 고칠 수 없는 규칙 문제(낙과·뒷줄 / 같은 열매의 경계 / 마른 꽃부리)만 있음,,none,none,ok_one_apple=1,psm_review_list,,
apple,dataset3_front_270,reviewed_260917,reviewed_260917,keep,,,reviewed,,,dataset3_front,a064,1,1,[flag 에서 내림] 고칠 수 없는 규칙 문제(낙과·뒷줄 / 같은 열매의 경계 / 마른 꽃부리)만 있음,dataset3_front_210|dataset3_front_360|dataset3_front_390,reviewed_number_mask,psm_gt,,none,,
apple,dataset3_front_300,-,-,excluded_duplicate,reviewed_duplicate,거의 같은 사진(대표 dataset3_front_270 만 남김),ai,,,dataset3_front,a064,0,0,,,none,none,ok_one_apple=1,psm_review_list,,
apple,dataset3_front_330,-,-,excluded_duplicate,reviewed_duplicate,거의 같은 사진(대표 dataset3_front_270 만 남김),ai,,,dataset3_front,a064,0,0,,,none,none,,none,,
apple,dataset3_front_360,reviewed_260917,reviewed_260917,keep,,,reviewed,,,dataset3_front,a064,1,1,,dataset3_front_270|dataset3_front_390|dataset3_front_420,reviewed_number_mask,psm_gt,,none,,
apple,dataset3_front_390,reviewed_260917,reviewed_260917,keep,,,reviewed,,,dataset3_front,a064,1,1,,dataset3_front_270|dataset3_front_360|dataset3_front_420,reviewed_number_mask,psm_gt,,none,,
apple,dataset3_front_420,reviewed_260917,reviewed_260917,keep,,,reviewed,,,dataset3_front,a064,1,1,,dataset3_front_360|dataset3_front_390|dataset3_front_480,reviewed_number_mask,psm_gt,ok_one_apple=1,psm_review_list,,
apple,dataset3_front_450,-,-,excluded_duplicate,reviewed_duplicate,거의 같은 사진(대표 dataset3_front_420 만 남김),ai,,,dataset3_front,a064,0,0,,,none,none,ok_one_apple=1,psm_review_list,,
apple,dataset3_front_480,reviewed_260917,reviewed_260917,keep,,,reviewed,,,dataset3_front,a064,1,1,,dataset3_front_420|dataset3_front_540,reviewed_number_mask,psm_gt,ok_one_apple=2,psm_review_list,,
apple,dataset3_front_510,-,-,excluded_duplicate,reviewed_duplicate,거의 같은 사진(대표 dataset3_front_480 만 남김),ai,,,dataset3_front,a064,0,0,,,none,none,ok_one_apple=1,psm_review_list,,
apple,dataset3_front_540,reviewed_260917,reviewed_260917,keep,,,reviewed,,,dataset3_front,a064,1,1,,dataset3_front_480,reviewed_number_mask,psm_gt,,none,,
apple,dataset3_front_570,-,-,excluded_duplicate,reviewed_duplicate,거의 같은 사진(대표 dataset3_front_540 만 남김),ai,,,dataset3_front,a064,0,0,,,none,none,,none,,
apple,dataset3_front_600,-,-,excluded_duplicate,reviewed_duplicate,거의 같은 사진(대표 dataset3_front_480 만 남김),ai,,,dataset3_front,a064,0,0,,,none,none,,none,,
apple,dataset3_front_630,reviewed_260917,reviewed_260917,keep,,,reviewed,,,dataset3_front,a064,1,1,,dataset3_front_660,reviewed_number_mask,psm_gt,,none,,
apple,dataset3_front_660,reviewed_260917,reviewed_260917,keep,,,reviewed,,,dataset3_front,a064,1,1,,dataset3_front_630|dataset3_front_720|dataset3_front_780,reviewed_number_mask,psm_gt,,none,,
apple,dataset3_front_690,-,-,excluded_duplicate,reviewed_duplicate,거의 같은 사진(대표 dataset3_front_630 만 남김),ai,,,dataset3_front,a064,0,0,,,none,none,,none,,
apple,dataset3_front_720,reviewed_260917,reviewed_260917,keep,,,reviewed,,,dataset3_front,a064,1,1,,dataset3_front_660,reviewed_number_mask,psm_gt,,none,,
apple,dataset3_front_750,-,-,excluded_duplicate,reviewed_duplicate,거의 같은 사진(대표 dataset3_front_720 만 남김),ai,,,dataset3_front,a064,0,0,,,none,none,,none,,
apple,dataset3_front_780,reviewed_260917,reviewed_260917,needs_human,,"라벨 안 된 열매 후보 1곳(x1,y1,x2,y2: 868,1808,930,1859) — 사과 전체를 다시 그리고 번호(N)를 붙일 것 [거의 같은 dataset3_front_870 의 메모: 라벨 안 된 열매 후보 1곳(x1,y1,x2,y2: 267,780,314,833) — 사과 전체를 다시 그리고 번호(N)를 붙일 것]",ai,,,dataset3_front,a064,1,1,,dataset3_front_660,reviewed_number_mask,psm_gt,,none,,
apple,dataset3_front_810,-,-,excluded_duplicate,reviewed_duplicate,거의 같은 사진(대표 dataset3_front_780 만 남김),ai,,,dataset3_front,a064,0,0,[flag 에서 내림] 고칠 수 없는 규칙 문제(낙과·뒷줄 / 같은 열매의 경계 / 마른 꽃부리)만 있음,,none,none,,none,,
apple,dataset3_front_840,reviewed_260917,reviewed_260917,keep,,,reviewed,,,dataset3_front,a064,1,1,,,reviewed_number_mask,psm_gt,,none,,
apple,dataset3_front_870,-,-,excluded_duplicate,reviewed_duplicate,거의 같은 사진(대표 dataset3_front_780 만 남김),ai,,,dataset3_front,a064,0,0,,,none,none,ok_one_apple=1,psm_review_list,,
apple,dataset3_front_900,-,-,excluded_duplicate,reviewed_duplicate,거의 같은 사진(대표 dataset3_front_840 만 남김),ai,,,dataset3_front,a064,0,0,,,none,none,,none,,
apple,dataset3_front_930,reviewed_260917,reviewed_260917,keep,,,reviewed,,,dataset3_front,a064,1,1,,dataset3_front_960,reviewed_number_mask,psm_gt,,none,,
apple,dataset3_front_960,reviewed_260917,reviewed_260917,needs_human,,"라벨 안 된 열매 후보 3곳(x1,y1,x2,y2: 409,563,454,618 / 752,1382,785,1443 / 276,1397,324,1438) — 사과 전체를 다시 그리고 번호(N)를 붙일 것",ai,,,dataset3_front,a064,1,1,,dataset3_front_930,reviewed_number_mask,psm_gt,,none,,
apple,dataset3_front_990,-,-,excluded_duplicate,reviewed_duplicate,거의 같은 사진(대표 dataset3_front_960 만 남김),ai,,,dataset3_front,a064,0,0,,,none,none,,none,,
apple,dataset3_front_1020,-,-,excluded_duplicate,reviewed_duplicate,거의 같은 사진(대표 dataset3_front_990 만 남김),ai,,,dataset3_front,a064,0,0,,,none,none,,none,,
apple,dataset3_front_1050,-,-,excluded_duplicate,reviewed_duplicate,거의 같은 사진(대표 dataset3_front_990 만 남김),ai,,,dataset3_front,a064,0,0,,,none,none,,none,,
apple,dataset3_front_1080,reviewed_260917,reviewed_260917,needs_human,,"라벨 안 된 열매 후보 2곳(x1,y1,x2,y2: 743,1585,781,1646 / 207,5,251,49) — 사과 전체를 다시 그리고 번호(N)를 붙일 것",ai,,,dataset3_front,a064,1,1,,dataset3_front_1140,reviewed_number_mask,psm_gt,,none,,
apple,dataset3_front_1110,-,-,excluded_duplicate,reviewed_duplicate,거의 같은 사진(대표 dataset3_front_1080 만 남김),ai,,,dataset3_front,a064,0,0,,,none,none,duplicate_polygon=1 · 확정오류 1,psm_confirmed_errors,,
apple,dataset3_front_1140,reviewed_260917,reviewed_260917,needs_human,,"라벨 안 된 열매 후보 1곳(x1,y1,x2,y2: 0,366,42,416) — 사과 전체를 다시 그리고 번호(N)를 붙일 것",ai,,,dataset3_front,a064,1,1,,dataset3_front_1080,reviewed_number_mask,psm_gt,unclear=1,psm_review_list,,
apple,dataset3_front_1170,-,-,excluded_duplicate,reviewed_duplicate,거의 같은 사진(대표 dataset3_front_1140 만 남김),ai,,,dataset3_front,a064,0,0,,,none,none,,none,,
apple,dataset3_front_1200,reviewed_260917,reviewed_260917,needs_human,,"라벨 안 된 열매 후보 1곳(x1,y1,x2,y2: 610,1336,659,1377) — 그중 1곳은 어두워서 확대해 볼 것 — 사과 전체를 다시 그리고 번호(N)를 붙일 것",ai,,,dataset3_front,a064,1,1,,dataset3_front_1230,reviewed_number_mask,psm_gt,ok_one_apple=2,psm_review_list,,
apple,dataset3_front_1230,reviewed_260917,reviewed_260917,needs_human,,"라벨 안 된 열매 후보 1곳(x1,y1,x2,y2: 343,1476,402,1519) — 그중 1곳은 어두워서 확대해 볼 것 — 사과 전체를 다시 그리고 번호(N)를 붙일 것",ai,,,dataset3_front,a064,1,1,,dataset3_front_1200,reviewed_number_mask,psm_gt,,none,,
apple,dataset3_front_1260,-,-,excluded_duplicate,reviewed_duplicate,거의 같은 사진(대표 dataset3_front_1230 만 남김),ai,,,dataset3_front,a064,0,0,,,none,none,ok_one_apple=1,psm_review_list,,
apple,dataset3_front_1290,-,-,excluded_duplicate,reviewed_duplicate,거의 같은 사진(대표 dataset3_front_1260 만 남김),ai,,,dataset3_front,a064,0,0,,,none,none,,none,,
apple,dataset3_front_1320,-,-,excluded_duplicate,reviewed_duplicate,거의 같은 사진(대표 dataset3_front_1350 만 남김),ai,,,dataset3_front,a064,0,0,,,none,none,,none,,
apple,dataset3_front_1350,reviewed_260917,reviewed_260917,needs_human,,"라벨 안 된 열매 후보 1곳(x1,y1,x2,y2: 14,1415,51,1457) — 그중 1곳은 어두워서 확대해 볼 것 — 사과 전체를 다시 그리고 번호(N)를 붙일 것",ai,,,dataset3_front,a064,1,1,,,reviewed_number_mask,psm_gt,,none,,
apple,dataset3_front_1380,-,-,excluded_duplicate,reviewed_duplicate,거의 같은 사진(대표 dataset3_front_1350 만 남김),ai,,,dataset3_front,a064,0,0,,,none,none,,none,,
apple,dataset3_front_1410,-,-,excluded_duplicate,reviewed_duplicate,거의 같은 사진(대표 dataset3_front_1350 만 남김),ai,,,dataset3_front,a064,0,0,,,none,none,ok_one_apple=1,psm_review_list,,
apple,dataset4_front_0,reviewed_260917,reviewed_260917,keep,,,reviewed,,,dataset4_front,a065,1,1,[flag 에서 내림] 고칠 수 없는 규칙 문제(낙과·뒷줄 / 같은 열매의 경계 / 마른 꽃부리)만 있음,dataset4_front_60|dataset4_front_90,reviewed_number_mask,psm_gt,,none,,
apple,dataset4_front_30,-,-,excluded_duplicate,reviewed_duplicate,거의 같은 사진(대표 dataset4_front_0 만 남김),ai,,,dataset4_front,a065,0,0,,,none,none,,none,,
apple,dataset4_front_60,reviewed_260917,reviewed_260917,keep,,,reviewed,,,dataset4_front,a065,1,1,,dataset4_front_0|dataset4_front_90|dataset4_front_180,reviewed_number_mask,psm_gt,,none,,
apple,dataset4_front_90,reviewed_260917,reviewed_260917,keep,,,reviewed,,,dataset4_front,a065,1,1,,dataset4_front_0|dataset4_front_60|dataset4_front_180,reviewed_number_mask,psm_gt,,none,,
apple,dataset4_front_120,-,-,excluded_duplicate,reviewed_duplicate,거의 같은 사진(대표 dataset4_front_180 만 남김),ai,,,dataset4_front,a065,0,0,,,none,none,,none,,
apple,dataset4_front_150,-,-,excluded_duplicate,reviewed_duplicate,거의 같은 사진(대표 dataset4_front_180 만 남김),ai,,,dataset4_front,a065,0,0,,,none,none,,none,,
apple,dataset4_front_180,reviewed_260917,reviewed_260917,needs_human,,"라벨 안 된 열매 후보 1곳(x1,y1,x2,y2: 0,1252,48,1314) — 그중 1곳은 어두워서 확대해 볼 것 — 사과 전체를 다시 그리고 번호(N)를 붙일 것",ai,,,dataset4_front,a065,1,1,,dataset4_front_60|dataset4_front_90|dataset4_front_210|dataset4_front_240,reviewed_number_mask,psm_gt,,none,,
apple,dataset4_front_210,reviewed_260917,reviewed_260917,keep,,,reviewed,,,dataset4_front,a065,1,1,,dataset4_front_180|dataset4_front_240,reviewed_number_mask,psm_gt,,none,,
apple,dataset4_front_240,reviewed_260917,reviewed_260917,keep,,,reviewed,,,dataset4_front,a065,1,1,,dataset4_front_180|dataset4_front_210,reviewed_number_mask,psm_gt,,none,,
apple,dataset4_front_270,-,-,excluded_duplicate,reviewed_duplicate,거의 같은 사진(대표 dataset4_front_240 만 남김),ai,,,dataset4_front,a065,0,0,,,none,none,,none,,
apple,dataset4_front_300,-,-,excluded_duplicate,reviewed_duplicate,거의 같은 사진(대표 dataset4_front_240 만 남김),ai,,,dataset4_front,a065,0,0,,,none,none,one_apple_two_ids=1 · 확정오류 1,psm_review_list+confirmed_errors,,
apple,dataset4_front_330,reviewed_260917,reviewed_260917,keep,,,reviewed,,,dataset4_front,a065,1,1,[flag 에서 내림] 고칠 수 없는 규칙 문제(낙과·뒷줄 / 같은 열매의 경계 / 마른 꽃부리)만 있음,dataset4_front_390,reviewed_number_mask,psm_gt,,none,,
apple,dataset4_front_360,-,-,excluded_duplicate,reviewed_duplicate,거의 같은 사진(대표 dataset4_front_330 만 남김),ai,,,dataset4_front,a065,0,0,,,none,none,,none,,
apple,dataset4_front_390,reviewed_260917,reviewed_260917,keep,,,reviewed,,,dataset4_front,a065,1,1,,dataset4_front_330,reviewed_number_mask,psm_gt,,none,,
apple,dataset4_front_420,-,-,excluded_duplicate,reviewed_duplicate,거의 같은 사진(대표 dataset4_front_390 만 남김),ai,,,dataset4_front,a065,0,0,,,none,none,,none,,
apple,dataset4_front_450,-,-,excluded_duplicate,reviewed_duplicate,거의 같은 사진(대표 dataset4_front_390 만 남김),ai,,,dataset4_front,a065,0,0,,,none,none,,none,,
apple,dataset4_front_480,-,-,excluded_duplicate,reviewed_duplicate,거의 같은 사진(대표 dataset4_front_390 만 남김),ai,,,dataset4_front,a065,0,0,,,none,none,ok_one_apple=1 unclear=1,psm_review_list,,
apple,dataset4_front_510,reviewed_260917,reviewed_260917,keep,,,reviewed,,,dataset4_front,a065,1,1,,,reviewed_number_mask,psm_gt,,none,,
apple,dataset4_front_540,-,-,excluded_duplicate,reviewed_duplicate,거의 같은 사진(대표 dataset4_front_510 만 남김),ai,,,dataset4_front,a065,0,0,,,none,none,,none,,
apple,dataset4_front_570,-,-,excluded_duplicate,reviewed_duplicate,거의 같은 사진(대표 dataset4_front_540 만 남김),ai,,,dataset4_front,a065,0,0,,,none,none,,none,,
apple,dataset4_front_600,-,-,excluded_duplicate,reviewed_duplicate,거의 같은 사진(대표 dataset4_front_630 만 남김),ai,,,dataset4_front,a065,0,0,,,none,none,ok_one_apple=1,psm_review_list,,
apple,dataset4_front_630,reviewed_260917,reviewed_260917,needs_human,,"라벨 안 된 열매 후보 1곳(x1,y1,x2,y2: 170,1508,211,1552) — 그중 1곳은 어두워서 확대해 볼 것 — 사과 전체를 다시 그리고 번호(N)를 붙일 것",ai,,,dataset4_front,a065,1,1,,dataset4_front_660,reviewed_number_mask,psm_gt,,none,,
apple,dataset4_front_660,reviewed_260917,reviewed_260917,needs_human,,"라벨 안 된 열매 후보 2곳(x1,y1,x2,y2: 497,1110,544,1162 / 503,1353,551,1389) — 사과 전체를 다시 그리고 번호(N)를 붙일 것 [거의 같은 dataset4_front_690 의 메모: 라벨 안 된 열매 후보 1곳(x1,y1,x2,y2: 479,1089,527,1126) — 사과 전체를 다시 그리고 번호(N)를 붙일 것] [거의 같은 dataset4_front_750 의 메모: 라벨 안 된 열매 후보 3곳(x1,y1,x2,y2: 789,845,855,922 / 949,1325,994,1369 / 681,1631,721,1676) — 사과 전체를 다시 그리고 번호(N)를 붙일 것] [거의 같은 dataset4_front_780 의 메모: 라벨 안 된 열매 후보 2곳(x1,y1,x2,y2: 610,1097,665,1138 / 267,280,320,330) — 사과 전체를 다시 그리고 번호(N)를 붙일 것]",ai,,,dataset4_front,a065,1,1,,dataset4_front_630,reviewed_number_mask,psm_gt,,none,,
apple,dataset4_front_690,-,-,excluded_duplicate,reviewed_duplicate,거의 같은 사진(대표 dataset4_front_660 만 남김),ai,,,dataset4_front,a065,0,0,,,none,none,,none,,
apple,dataset4_front_720,-,-,excluded_duplicate,reviewed_duplicate,거의 같은 사진(대표 dataset4_front_660 만 남김),ai,,,dataset4_front,a065,0,0,,,none,none,,none,,
apple,dataset4_front_750,-,-,excluded_duplicate,reviewed_duplicate,거의 같은 사진(대표 dataset4_front_660 만 남김),ai,,,dataset4_front,a065,0,0,,,none,none,ok_one_apple=1,psm_review_list,,
apple,dataset4_front_780,-,-,excluded_duplicate,reviewed_duplicate,거의 같은 사진(대표 dataset4_front_660 만 남김),ai,,,dataset4_front,a065,0,0,,,none,none,,none,,
apple,dataset4_front_810,reviewed_260917,reviewed_260917,keep,,,reviewed,,,dataset4_front,a065,1,1,,dataset4_front_900,reviewed_number_mask,psm_gt,ok_one_apple=1,psm_review_list,,
apple,dataset4_front_840,-,-,excluded_duplicate,reviewed_duplicate,거의 같은 사진(대표 dataset4_front_810 만 남김),ai,,,dataset4_front,a065,0,0,,,none,none,,none,,
apple,dataset4_front_870,-,-,excluded_duplicate,reviewed_duplicate,거의 같은 사진(대표 dataset4_front_810 만 남김),ai,,,dataset4_front,a065,0,0,,,none,none,ok_one_apple=1,psm_review_list,,
apple,dataset4_front_900,reviewed_260917,reviewed_260917,keep,,,reviewed,,,dataset4_front,a065,1,1,,dataset4_front_810|dataset4_front_930,reviewed_number_mask,psm_gt,,none,,
apple,dataset4_front_930,reviewed_260917,reviewed_260917,keep,,,reviewed,,,dataset4_front,a065,1,1,,dataset4_front_900|dataset4_front_1050,reviewed_number_mask,psm_gt,ok_one_apple=1,psm_review_list,,
apple,dataset4_front_960,-,-,excluded_duplicate,reviewed_duplicate,거의 같은 사진(대표 dataset4_front_1050 만 남김),ai,,,dataset4_front,a065,0,0,,,none,none,ok_one_apple=1,psm_review_list,,
apple,dataset4_front_990,-,-,excluded_duplicate,reviewed_duplicate,거의 같은 사진(대표 dataset4_front_1050 만 남김),ai,,,dataset4_front,a065,0,0,,,none,none,ok_one_apple=3,psm_review_list,,
apple,dataset4_front_1020,-,-,excluded_duplicate,reviewed_duplicate,거의 같은 사진(대표 dataset4_front_1050 만 남김),ai,,,dataset4_front,a065,0,0,,,none,none,ok_one_apple=2,psm_review_list,,
apple,dataset4_front_1050,reviewed_260917,reviewed_260917,needs_human,,"라벨 안 된 열매 후보 1곳(x1,y1,x2,y2: 1015,886,1060,928) — 사과 전체를 다시 그리고 번호(N)를 붙일 것",ai,,,dataset4_front,a065,1,1,,dataset4_front_930|dataset4_front_1110|dataset4_front_1140,reviewed_number_mask,psm_gt,ok_one_apple=1,psm_review_list,,
apple,dataset4_front_1080,-,-,excluded_duplicate,reviewed_duplicate,거의 같은 사진(대표 dataset4_front_1050 만 남김),ai,,,dataset4_front,a065,0,0,,,none,none,ok_one_apple=1,psm_review_list,,
apple,dataset4_front_1110,reviewed_260917,reviewed_260917,keep,,,reviewed,,,dataset4_front,a065,1,1,,dataset4_front_1050|dataset4_front_1140|dataset4_front_1230,reviewed_number_mask,psm_gt,,none,,
apple,dataset4_front_1140,reviewed_260917,reviewed_260917,keep,,,reviewed,,,dataset4_front,a065,1,1,,dataset4_front_1050|dataset4_front_1110|dataset4_front_1230,reviewed_number_mask,psm_gt,,none,,
apple,dataset4_front_1170,-,-,excluded_duplicate,reviewed_duplicate,거의 같은 사진(대표 dataset4_front_1140 만 남김),ai,,,dataset4_front,a065,0,0,,,none,none,,none,,
apple,dataset4_front_1200,-,-,excluded_duplicate,reviewed_duplicate,거의 같은 사진(대표 dataset4_front_1140 만 남김),ai,,,dataset4_front,a065,0,0,,,none,none,,none,,
apple,dataset4_front_1230,reviewed_260917,reviewed_260917,keep,,,reviewed,,,dataset4_front,a065,1,1,,dataset4_front_1110|dataset4_front_1140,reviewed_number_mask,psm_gt,,none,,
